timestamp,index,power_draw_w,utilization_gpu_pct,clocks_sm_mhz,clocks_mem_mhz
2026/02/23 16:14:41.022, 0, 57.67, 0, 210, 1215
2026/02/23 16:14:41.028, 1, 55.08, 0, 210, 1215
2026/02/23 16:14:41.041, 2, 57.40, 0, 210, 1215
2026/02/23 16:14:41.046, 3, 55.47, 0, 210, 1215
2026/02/23 16:14:41.102, 0, 57.67, 0, 210, 1215
2026/02/23 16:14:41.104, 1, 54.81, 0, 210, 1215
2026/02/23 16:14:41.104, 2, 57.40, 0, 210, 1215
2026/02/23 16:14:41.104, 3, 55.47, 0, 210, 1215
2026/02/23 16:14:41.154, 0, 57.67, 0, 210, 1215
2026/02/23 16:14:41.156, 1, 55.08, 0, 210, 1215
2026/02/23 16:14:41.156, 2, 57.40, 0, 210, 1215
2026/02/23 16:14:41.156, 3, 55.47, 0, 210, 1215
2026/02/23 16:14:41.206, 0, 57.67, 0, 210, 1215
2026/02/23 16:14:41.206, 1, 55.08, 0, 210, 1215
2026/02/23 16:14:41.206, 2, 57.40, 0, 210, 1215
2026/02/23 16:14:41.206, 3, 55.47, 0, 210, 1215
2026/02/23 16:14:41.257, 0, 57.72, 0, 210, 1215
2026/02/23 16:14:41.257, 1, 55.08, 0, 210, 1215
2026/02/23 16:14:41.257, 2, 57.12, 0, 210, 1215
2026/02/23 16:14:41.257, 3, 55.47, 0, 210, 1215
2026/02/23 16:14:41.307, 0, 57.72, 0, 210, 1215
2026/02/23 16:14:41.307, 1, 55.08, 0, 210, 1215
2026/02/23 16:14:41.307, 2, 57.12, 0, 210, 1215
2026/02/23 16:14:41.307, 3, 55.47, 0, 210, 1215
2026/02/23 16:14:41.357, 0, 57.67, 0, 210, 1215
2026/02/23 16:14:41.358, 1, 55.08, 0, 210, 1215
2026/02/23 16:14:41.358, 2, 57.12, 0, 210, 1215
2026/02/23 16:14:41.358, 3, 55.47, 0, 210, 1215
2026/02/23 16:14:41.408, 0, 57.67, 0, 210, 1215
2026/02/23 16:14:41.408, 1, 55.08, 0, 210, 1215
2026/02/23 16:14:41.408, 2, 57.12, 0, 210, 1215
2026/02/23 16:14:41.408, 3, 55.47, 0, 210, 1215
2026/02/23 16:14:41.458, 0, 57.67, 0, 210, 1215
2026/02/23 16:14:41.459, 1, 55.08, 0, 210, 1215
2026/02/23 16:14:41.459, 2, 57.12, 0, 210, 1215
2026/02/23 16:14:41.459, 3, 55.47, 0, 210, 1215
2026/02/23 16:14:41.509, 0, 57.67, 0, 210, 1215
2026/02/23 16:14:41.509, 1, 55.08, 0, 210, 1215
2026/02/23 16:14:41.509, 2, 57.12, 0, 210, 1215
2026/02/23 16:14:41.509, 3, 55.47, 0, 210, 1215
2026/02/23 16:14:41.559, 0, 57.67, 0, 210, 1215
2026/02/23 16:14:41.560, 1, 55.08, 0, 210, 1215
2026/02/23 16:14:41.560, 2, 57.12, 0, 210, 1215
2026/02/23 16:14:41.560, 3, 55.47, 0, 210, 1215
2026/02/23 16:14:41.610, 0, 57.67, 0, 210, 1215
2026/02/23 16:14:41.610, 1, 55.08, 0, 210, 1215
2026/02/23 16:14:41.610, 2, 57.12, 0, 210, 1215
2026/02/23 16:14:41.610, 3, 55.47, 0, 210, 1215
2026/02/23 16:14:41.660, 0, 57.67, 0, 210, 1215
2026/02/23 16:14:41.660, 1, 55.08, 0, 210, 1215
2026/02/23 16:14:41.661, 2, 57.12, 0, 210, 1215
2026/02/23 16:14:41.661, 3, 55.47, 0, 210, 1215
2026/02/23 16:14:41.711, 0, 57.67, 0, 210, 1215
2026/02/23 16:14:41.711, 1, 55.08, 0, 210, 1215
2026/02/23 16:14:41.711, 2, 57.12, 0, 210, 1215
2026/02/23 16:14:41.711, 3, 55.47, 0, 210, 1215
2026/02/23 16:14:41.761, 0, 57.67, 0, 210, 1215
2026/02/23 16:14:41.761, 1, 55.08, 0, 210, 1215
2026/02/23 16:14:41.761, 2, 57.40, 0, 210, 1215
2026/02/23 16:14:41.762, 3, 55.47, 0, 210, 1215
2026/02/23 16:14:41.812, 0, 57.34, 0, 210, 1215
2026/02/23 16:14:41.812, 1, 55.08, 0, 210, 1215
2026/02/23 16:14:41.812, 2, 57.40, 0, 210, 1215
2026/02/23 16:14:41.812, 3, 55.47, 0, 210, 1215
2026/02/23 16:14:41.862, 0, 57.34, 0, 210, 1215
2026/02/23 16:14:41.862, 1, 55.08, 0, 210, 1215
2026/02/23 16:14:41.862, 2, 57.40, 0, 210, 1215
2026/02/23 16:14:41.863, 3, 55.47, 0, 210, 1215
2026/02/23 16:14:41.913, 0, 57.67, 0, 210, 1215
2026/02/23 16:14:41.913, 1, 55.08, 0, 210, 1215
2026/02/23 16:14:41.913, 2, 57.40, 0, 210, 1215
2026/02/23 16:14:41.913, 3, 55.47, 0, 210, 1215
2026/02/23 16:14:41.963, 0, 57.67, 0, 210, 1215
2026/02/23 16:14:41.963, 1, 55.08, 0, 210, 1215
2026/02/23 16:14:41.963, 2, 57.12, 0, 210, 1215
2026/02/23 16:14:41.964, 3, 55.47, 0, 210, 1215
2026/02/23 16:14:42.014, 0, 57.67, 0, 210, 1215
2026/02/23 16:14:42.014, 1, 55.08, 0, 210, 1215
2026/02/23 16:14:42.014, 2, 57.12, 0, 210, 1215
2026/02/23 16:14:42.014, 3, 55.47, 0, 210, 1215
2026/02/23 16:14:42.064, 0, 57.67, 0, 210, 1215
2026/02/23 16:14:42.064, 1, 55.08, 0, 210, 1215
2026/02/23 16:14:42.065, 2, 57.40, 0, 210, 1215
2026/02/23 16:14:42.065, 3, 55.47, 0, 210, 1215
2026/02/23 16:14:42.115, 0, 57.67, 0, 210, 1215
2026/02/23 16:14:42.115, 1, 55.08, 0, 210, 1215
2026/02/23 16:14:42.115, 2, 57.40, 0, 210, 1215
2026/02/23 16:14:42.115, 3, 55.47, 0, 210, 1215
2026/02/23 16:14:42.166, 0, 57.67, 0, 210, 1215
2026/02/23 16:14:42.166, 1, 55.08, 0, 210, 1215
2026/02/23 16:14:42.166, 2, 57.12, 0, 210, 1215
2026/02/23 16:14:42.166, 3, 55.47, 0, 210, 1215
2026/02/23 16:14:42.216, 0, 57.67, 0, 210, 1215
2026/02/23 16:14:42.216, 1, 55.08, 0, 210, 1215
2026/02/23 16:14:42.216, 2, 57.12, 0, 210, 1215
2026/02/23 16:14:42.216, 3, 55.47, 0, 210, 1215
2026/02/23 16:14:42.266, 0, 57.67, 0, 210, 1215
2026/02/23 16:14:42.267, 1, 55.08, 0, 210, 1215
2026/02/23 16:14:42.267, 2, 57.40, 0, 210, 1215
2026/02/23 16:14:42.267, 3, 55.47, 0, 210, 1215
2026/02/23 16:14:42.317, 0, 58.21, 0, 210, 1215
2026/02/23 16:14:42.317, 1, 55.08, 0, 210, 1215
2026/02/23 16:14:42.317, 2, 57.40, 0, 210, 1215
2026/02/23 16:14:42.317, 3, 55.47, 0, 210, 1215
2026/02/23 16:14:42.367, 0, 58.21, 0, 210, 1215
2026/02/23 16:14:42.367, 1, 55.08, 0, 210, 1215
2026/02/23 16:14:42.368, 2, 57.40, 0, 210, 1215
2026/02/23 16:14:42.368, 3, 55.47, 0, 210, 1215
2026/02/23 16:14:42.418, 0, 58.21, 0, 210, 1215
2026/02/23 16:14:42.418, 1, 55.08, 0, 210, 1215
2026/02/23 16:14:42.418, 2, 57.40, 0, 210, 1215
2026/02/23 16:14:42.418, 3, 55.47, 0, 210, 1215
2026/02/23 16:14:42.468, 0, 58.21, 0, 210, 1215
2026/02/23 16:14:42.468, 1, 55.69, 0, 210, 1215
2026/02/23 16:14:42.468, 2, 57.12, 0, 210, 1215
2026/02/23 16:14:42.468, 3, 55.47, 0, 210, 1215
2026/02/23 16:14:42.519, 0, 57.67, 0, 210, 1215
2026/02/23 16:14:42.519, 1, 55.69, 0, 210, 1215
2026/02/23 16:14:42.519, 2, 57.12, 0, 210, 1215
2026/02/23 16:14:42.519, 3, 55.47, 0, 210, 1215
2026/02/23 16:14:42.569, 0, 57.67, 0, 210, 1215
2026/02/23 16:14:42.569, 1, 55.08, 0, 210, 1215
2026/02/23 16:14:42.569, 2, 58.00, 0, 210, 1215
2026/02/23 16:14:42.569, 3, 55.47, 0, 210, 1215
2026/02/23 16:14:42.620, 0, 57.67, 0, 210, 1215
2026/02/23 16:14:42.620, 1, 55.08, 0, 210, 1215
2026/02/23 16:14:42.620, 2, 58.00, 0, 210, 1215
2026/02/23 16:14:42.620, 3, 55.47, 0, 210, 1215
2026/02/23 16:14:42.670, 0, 57.67, 0, 210, 1215
2026/02/23 16:14:42.670, 1, 55.08, 0, 210, 1215
2026/02/23 16:14:42.670, 2, 58.00, 0, 210, 1215
2026/02/23 16:14:42.670, 3, 55.47, 0, 210, 1215
2026/02/23 16:14:42.720, 0, 57.67, 0, 210, 1215
2026/02/23 16:14:42.721, 1, 55.08, 0, 210, 1215
2026/02/23 16:14:42.721, 2, 58.00, 0, 210, 1215
2026/02/23 16:14:42.721, 3, 55.47, 0, 210, 1215
2026/02/23 16:14:42.771, 0, 57.67, 0, 210, 1215
2026/02/23 16:14:42.771, 1, 55.08, 0, 210, 1215
2026/02/23 16:14:42.771, 2, 57.34, 0, 210, 1215
2026/02/23 16:14:42.771, 3, 56.35, 0, 210, 1215
2026/02/23 16:14:42.821, 0, 57.94, 0, 210, 1215
2026/02/23 16:14:42.821, 1, 55.08, 0, 210, 1215
2026/02/23 16:14:42.822, 2, 57.34, 0, 210, 1215
2026/02/23 16:14:42.822, 3, 56.35, 0, 210, 1215
2026/02/23 16:14:42.872, 0, 57.94, 0, 210, 1215
2026/02/23 16:14:42.872, 1, 55.08, 0, 210, 1215
2026/02/23 16:14:42.872, 2, 57.72, 0, 210, 1215
2026/02/23 16:14:42.872, 3, 56.03, 0, 210, 1215
2026/02/23 16:14:42.922, 0, 57.94, 0, 1095, 1215
2026/02/23 16:14:42.922, 1, 55.08, 0, 210, 1215
2026/02/23 16:14:42.922, 2, 57.72, 0, 210, 1215
2026/02/23 16:14:42.922, 3, 56.03, 0, 210, 1215
2026/02/23 16:14:42.973, 0, 57.94, 0, 1095, 1215
2026/02/23 16:14:42.973, 1, 55.08, 0, 210, 1215
2026/02/23 16:14:42.973, 2, 57.34, 0, 210, 1215
2026/02/23 16:14:42.973, 3, 55.47, 0, 210, 1215
2026/02/23 16:14:43.023, 0, 67.13, 0, 1095, 1215
2026/02/23 16:14:43.023, 1, 55.08, 0, 210, 1215
2026/02/23 16:14:43.023, 2, 57.34, 0, 210, 1215
2026/02/23 16:14:43.023, 3, 55.47, 0, 210, 1215
2026/02/23 16:14:43.073, 0, 67.13, 0, 1095, 1215
2026/02/23 16:14:43.073, 1, 55.08, 0, 210, 1215
2026/02/23 16:14:43.074, 2, 57.40, 0, 210, 1215
2026/02/23 16:14:43.074, 3, 55.47, 0, 210, 1215
2026/02/23 16:14:43.124, 0, 64.43, 0, 1095, 1215
2026/02/23 16:14:43.124, 1, 55.08, 0, 210, 1215
2026/02/23 16:14:43.124, 2, 57.40, 0, 210, 1215
2026/02/23 16:14:43.124, 3, 55.47, 0, 210, 1215
2026/02/23 16:14:43.174, 0, 64.43, 0, 1095, 1215
2026/02/23 16:14:43.174, 1, 55.08, 0, 210, 1215
2026/02/23 16:14:43.174, 2, 57.12, 0, 210, 1215
2026/02/23 16:14:43.175, 3, 55.47, 0, 210, 1215
2026/02/23 16:14:43.225, 0, 63.55, 5, 1095, 1215
2026/02/23 16:14:43.225, 1, 55.08, 0, 210, 1215
2026/02/23 16:14:43.225, 2, 57.12, 0, 210, 1215
2026/02/23 16:14:43.225, 3, 55.47, 0, 210, 1215
2026/02/23 16:14:43.275, 0, 63.55, 5, 1095, 1215
2026/02/23 16:14:43.275, 1, 55.03, 0, 210, 1215
2026/02/23 16:14:43.275, 2, 57.34, 0, 210, 1215
2026/02/23 16:14:43.275, 3, 55.41, 0, 210, 1215
2026/02/23 16:14:43.326, 0, 127.04, 5, 1095, 1215
2026/02/23 16:14:43.326, 1, 55.03, 0, 210, 1215
2026/02/23 16:14:43.326, 2, 57.34, 0, 210, 1215
2026/02/23 16:14:43.326, 3, 55.41, 0, 210, 1215
2026/02/23 16:14:43.376, 0, 127.04, 5, 1095, 1215
2026/02/23 16:14:43.376, 1, 55.08, 0, 210, 1215
2026/02/23 16:14:43.376, 2, 57.06, 0, 210, 1215
2026/02/23 16:14:43.376, 3, 55.47, 0, 210, 1215
2026/02/23 16:14:43.427, 0, 128.18, 99, 1410, 1215
2026/02/23 16:14:43.427, 1, 55.08, 0, 210, 1215
2026/02/23 16:14:43.427, 2, 57.06, 0, 210, 1215
2026/02/23 16:14:43.427, 3, 55.47, 0, 210, 1215
2026/02/23 16:14:43.477, 0, 128.18, 99, 1410, 1215
2026/02/23 16:14:43.477, 1, 55.03, 0, 210, 1215
2026/02/23 16:14:43.477, 2, 57.34, 0, 210, 1215
2026/02/23 16:14:43.477, 3, 55.41, 0, 210, 1215
2026/02/23 16:14:43.527, 0, 216.03, 99, 1410, 1215
2026/02/23 16:14:43.528, 1, 55.03, 0, 210, 1215
2026/02/23 16:14:43.528, 2, 57.34, 0, 210, 1215
2026/02/23 16:14:43.528, 3, 55.41, 0, 210, 1215
2026/02/23 16:14:43.578, 0, 216.03, 99, 1410, 1215
2026/02/23 16:14:43.578, 1, 55.03, 0, 210, 1215
2026/02/23 16:14:43.578, 2, 57.06, 0, 210, 1215
2026/02/23 16:14:43.578, 3, 55.41, 0, 210, 1215
2026/02/23 16:14:43.628, 0, 218.94, 100, 1410, 1215
2026/02/23 16:14:43.628, 1, 55.03, 0, 210, 1215
2026/02/23 16:14:43.629, 2, 57.06, 0, 210, 1215
2026/02/23 16:14:43.629, 3, 55.41, 0, 210, 1215
2026/02/23 16:14:43.679, 0, 218.94, 100, 1410, 1215
2026/02/23 16:14:43.679, 1, 55.03, 0, 210, 1215
2026/02/23 16:14:43.679, 2, 57.34, 0, 210, 1215
2026/02/23 16:14:43.679, 3, 55.47, 0, 210, 1215
2026/02/23 16:14:43.729, 0, 219.22, 100, 1410, 1215
2026/02/23 16:14:43.729, 1, 55.03, 0, 210, 1215
2026/02/23 16:14:43.729, 2, 57.34, 0, 210, 1215
2026/02/23 16:14:43.730, 3, 55.47, 0, 210, 1215
2026/02/23 16:14:43.780, 0, 219.22, 100, 1410, 1215
2026/02/23 16:14:43.780, 1, 55.03, 0, 210, 1215
2026/02/23 16:14:43.780, 2, 57.06, 0, 210, 1215
2026/02/23 16:14:43.780, 3, 55.41, 0, 210, 1215
2026/02/23 16:14:43.830, 0, 219.22, 100, 1410, 1215
2026/02/23 16:14:43.830, 1, 55.03, 0, 210, 1215
2026/02/23 16:14:43.830, 2, 57.06, 0, 210, 1215
2026/02/23 16:14:43.831, 3, 55.41, 0, 210, 1215
2026/02/23 16:14:43.881, 0, 220.70, 100, 1410, 1215
2026/02/23 16:14:43.881, 1, 55.03, 0, 210, 1215
2026/02/23 16:14:43.881, 2, 57.34, 0, 210, 1215
2026/02/23 16:14:43.881, 3, 55.41, 0, 210, 1215
2026/02/23 16:14:43.931, 0, 220.70, 100, 1410, 1215
2026/02/23 16:14:43.931, 1, 55.03, 0, 210, 1215
2026/02/23 16:14:43.931, 2, 57.34, 0, 210, 1215
2026/02/23 16:14:43.931, 3, 55.41, 0, 210, 1215
2026/02/23 16:14:43.982, 0, 220.70, 100, 1410, 1215
2026/02/23 16:14:43.982, 1, 55.03, 0, 210, 1215
2026/02/23 16:14:43.982, 2, 57.06, 0, 210, 1215
2026/02/23 16:14:43.982, 3, 55.41, 0, 210, 1215
2026/02/23 16:14:44.032, 0, 220.48, 100, 1410, 1215
2026/02/23 16:14:44.032, 1, 55.03, 0, 210, 1215
2026/02/23 16:14:44.032, 2, 57.06, 0, 210, 1215
2026/02/23 16:14:44.032, 3, 55.41, 0, 210, 1215
2026/02/23 16:14:44.083, 0, 220.48, 100, 1410, 1215
2026/02/23 16:14:44.083, 1, 55.03, 0, 210, 1215
2026/02/23 16:14:44.083, 2, 57.34, 0, 210, 1215
2026/02/23 16:14:44.083, 3, 55.41, 0, 210, 1215
2026/02/23 16:14:44.133, 0, 220.75, 100, 1410, 1215
2026/02/23 16:14:44.133, 1, 55.03, 0, 210, 1215
2026/02/23 16:14:44.137, 2, 57.34, 0, 210, 1215
2026/02/23 16:14:44.137, 3, 55.41, 0, 210, 1215
2026/02/23 16:14:44.187, 0, 220.75, 100, 1410, 1215
2026/02/23 16:14:44.187, 1, 55.03, 0, 210, 1215
2026/02/23 16:14:44.187, 2, 57.34, 0, 210, 1215
2026/02/23 16:14:44.187, 3, 55.41, 0, 210, 1215
2026/02/23 16:14:44.238, 0, 220.97, 100, 1410, 1215
2026/02/23 16:14:44.238, 1, 55.03, 0, 210, 1215
2026/02/23 16:14:44.238, 2, 57.34, 0, 210, 1215
2026/02/23 16:14:44.238, 3, 55.41, 0, 210, 1215
2026/02/23 16:14:44.288, 0, 220.97, 100, 1410, 1215
2026/02/23 16:14:44.288, 1, 55.03, 0, 210, 1215
2026/02/23 16:14:44.288, 2, 57.34, 0, 210, 1215
2026/02/23 16:14:44.288, 3, 55.41, 0, 210, 1215
2026/02/23 16:14:44.339, 0, 221.30, 100, 1410, 1215
2026/02/23 16:14:44.339, 1, 55.03, 0, 210, 1215
2026/02/23 16:14:44.339, 2, 57.34, 0, 210, 1215
2026/02/23 16:14:44.339, 3, 55.41, 0, 210, 1215
2026/02/23 16:14:44.389, 0, 221.30, 100, 1410, 1215
2026/02/23 16:14:44.389, 1, 55.03, 0, 210, 1215
2026/02/23 16:14:44.389, 2, 57.06, 0, 210, 1215
2026/02/23 16:14:44.389, 3, 55.47, 0, 210, 1215
2026/02/23 16:14:44.439, 0, 221.30, 100, 1410, 1215
2026/02/23 16:14:44.440, 1, 55.03, 0, 210, 1215
2026/02/23 16:14:44.440, 2, 57.06, 0, 210, 1215
2026/02/23 16:14:44.440, 3, 55.47, 0, 210, 1215
2026/02/23 16:14:44.490, 0, 221.30, 100, 1410, 1215
2026/02/23 16:14:44.490, 1, 55.03, 0, 210, 1215
2026/02/23 16:14:44.490, 2, 57.34, 0, 210, 1215
2026/02/23 16:14:44.490, 3, 55.47, 0, 210, 1215
2026/02/23 16:14:44.540, 0, 221.57, 100, 1410, 1215
2026/02/23 16:14:44.540, 1, 55.03, 0, 210, 1215
2026/02/23 16:14:44.541, 2, 57.34, 0, 210, 1215
2026/02/23 16:14:44.541, 3, 55.47, 0, 210, 1215
2026/02/23 16:14:44.591, 0, 221.57, 100, 1410, 1215
2026/02/23 16:14:44.591, 1, 55.03, 0, 210, 1215
2026/02/23 16:14:44.591, 2, 57.34, 0, 210, 1215
2026/02/23 16:14:44.591, 3, 55.41, 0, 210, 1215
2026/02/23 16:14:44.641, 0, 221.57, 100, 1410, 1215
2026/02/23 16:14:44.641, 1, 55.03, 0, 210, 1215
2026/02/23 16:14:44.641, 2, 57.34, 0, 210, 1215
2026/02/23 16:14:44.641, 3, 55.41, 0, 210, 1215
2026/02/23 16:14:44.692, 0, 221.57, 100, 1410, 1215
2026/02/23 16:14:44.692, 1, 55.03, 0, 210, 1215
2026/02/23 16:14:44.692, 2, 57.06, 0, 210, 1215
2026/02/23 16:14:44.692, 3, 55.41, 0, 210, 1215
2026/02/23 16:14:44.742, 0, 221.35, 100, 1410, 1215
2026/02/23 16:14:44.742, 1, 55.03, 0, 210, 1215
2026/02/23 16:14:44.742, 2, 57.06, 0, 210, 1215
2026/02/23 16:14:44.742, 3, 55.41, 0, 210, 1215
2026/02/23 16:14:44.793, 0, 221.35, 100, 1410, 1215
2026/02/23 16:14:44.793, 1, 55.03, 0, 210, 1215
2026/02/23 16:14:44.793, 2, 57.34, 0, 210, 1215
2026/02/23 16:14:44.793, 3, 55.47, 0, 210, 1215
2026/02/23 16:14:44.843, 0, 221.57, 100, 1410, 1215
2026/02/23 16:14:44.843, 1, 55.03, 0, 210, 1215
2026/02/23 16:14:44.843, 2, 57.34, 0, 210, 1215
2026/02/23 16:14:44.843, 3, 55.47, 0, 210, 1215
2026/02/23 16:14:44.893, 0, 221.57, 100, 1410, 1215
2026/02/23 16:14:44.894, 1, 55.03, 0, 210, 1215
2026/02/23 16:14:44.894, 2, 57.34, 0, 210, 1215
2026/02/23 16:14:44.894, 3, 55.41, 0, 210, 1215
2026/02/23 16:14:44.944, 0, 221.86, 100, 1410, 1215
2026/02/23 16:14:44.944, 1, 55.03, 0, 210, 1215
2026/02/23 16:14:44.944, 2, 57.34, 0, 210, 1215
2026/02/23 16:14:44.944, 3, 55.41, 0, 210, 1215
2026/02/23 16:14:44.994, 0, 221.86, 100, 1410, 1215
2026/02/23 16:14:44.994, 1, 55.03, 0, 210, 1215
2026/02/23 16:14:44.995, 2, 57.34, 0, 210, 1215
2026/02/23 16:14:44.995, 3, 55.41, 0, 210, 1215
2026/02/23 16:14:45.045, 0, 221.86, 100, 1410, 1215
2026/02/23 16:14:45.045, 1, 55.03, 0, 210, 1215
2026/02/23 16:14:45.045, 2, 57.34, 0, 210, 1215
2026/02/23 16:14:45.045, 3, 55.41, 0, 210, 1215
2026/02/23 16:14:45.095, 0, 221.86, 100, 1410, 1215
2026/02/23 16:14:45.095, 1, 55.03, 0, 210, 1215
2026/02/23 16:14:45.095, 2, 57.34, 0, 210, 1215
2026/02/23 16:14:45.096, 3, 55.41, 0, 210, 1215
2026/02/23 16:14:45.146, 0, 221.86, 100, 1410, 1215
2026/02/23 16:14:45.146, 1, 55.03, 0, 210, 1215
2026/02/23 16:14:45.146, 2, 57.34, 0, 210, 1215
2026/02/23 16:14:45.146, 3, 55.41, 0, 210, 1215
2026/02/23 16:14:45.196, 0, 221.86, 100, 1410, 1215
2026/02/23 16:14:45.196, 1, 55.03, 0, 210, 1215
2026/02/23 16:14:45.196, 2, 57.34, 0, 210, 1215
2026/02/23 16:14:45.196, 3, 55.41, 0, 210, 1215
2026/02/23 16:14:45.247, 0, 221.96, 100, 1410, 1215
2026/02/23 16:14:45.247, 1, 55.03, 0, 210, 1215
2026/02/23 16:14:45.247, 2, 57.34, 0, 210, 1215
2026/02/23 16:14:45.247, 3, 55.41, 0, 210, 1215
2026/02/23 16:14:45.297, 0, 221.96, 100, 1410, 1215
2026/02/23 16:14:45.297, 1, 55.03, 0, 210, 1215
2026/02/23 16:14:45.297, 2, 57.34, 0, 210, 1215
2026/02/23 16:14:45.297, 3, 55.41, 0, 210, 1215
2026/02/23 16:14:45.348, 0, 222.18, 100, 1410, 1215
2026/02/23 16:14:45.348, 1, 55.03, 0, 210, 1215
2026/02/23 16:14:45.348, 2, 57.34, 0, 210, 1215
2026/02/23 16:14:45.348, 3, 55.41, 0, 210, 1215
2026/02/23 16:14:45.398, 0, 222.18, 100, 1410, 1215
2026/02/23 16:14:45.398, 1, 55.03, 0, 210, 1215
2026/02/23 16:14:45.398, 2, 57.34, 0, 210, 1215
2026/02/23 16:14:45.398, 3, 55.41, 0, 210, 1215
2026/02/23 16:14:45.448, 0, 221.96, 100, 1410, 1215
2026/02/23 16:14:45.449, 1, 55.03, 0, 210, 1215
2026/02/23 16:14:45.449, 2, 57.34, 0, 210, 1215
2026/02/23 16:14:45.449, 3, 55.41, 0, 210, 1215
2026/02/23 16:14:45.499, 0, 221.96, 100, 1410, 1215
2026/02/23 16:14:45.499, 1, 55.03, 0, 210, 1215
2026/02/23 16:14:45.499, 2, 57.34, 0, 210, 1215
2026/02/23 16:14:45.499, 3, 55.41, 0, 210, 1215
2026/02/23 16:14:45.549, 0, 222.18, 100, 1410, 1215
2026/02/23 16:14:45.549, 1, 55.03, 0, 210, 1215
2026/02/23 16:14:45.549, 2, 57.34, 0, 210, 1215
2026/02/23 16:14:45.550, 3, 55.41, 0, 210, 1215
2026/02/23 16:14:45.600, 0, 222.18, 100, 1410, 1215
2026/02/23 16:14:45.600, 1, 55.03, 0, 210, 1215
2026/02/23 16:14:45.600, 2, 57.34, 0, 210, 1215
2026/02/23 16:14:45.600, 3, 55.47, 0, 210, 1215
2026/02/23 16:14:45.650, 0, 222.18, 100, 1410, 1215
2026/02/23 16:14:45.650, 1, 55.03, 0, 210, 1215
2026/02/23 16:14:45.650, 2, 57.34, 0, 210, 1215
2026/02/23 16:14:45.650, 3, 55.47, 0, 210, 1215
2026/02/23 16:14:45.701, 0, 222.18, 100, 1410, 1215
2026/02/23 16:14:45.701, 1, 55.03, 0, 210, 1215
2026/02/23 16:14:45.701, 2, 57.34, 0, 210, 1215
2026/02/23 16:14:45.701, 3, 55.41, 0, 210, 1215
2026/02/23 16:14:45.751, 0, 221.96, 100, 1410, 1215
2026/02/23 16:14:45.751, 1, 55.03, 0, 210, 1215
2026/02/23 16:14:45.751, 2, 57.34, 0, 210, 1215
2026/02/23 16:14:45.751, 3, 55.41, 0, 210, 1215
2026/02/23 16:14:45.802, 0, 221.96, 100, 1410, 1215
2026/02/23 16:14:45.802, 1, 55.03, 0, 210, 1215
2026/02/23 16:14:45.802, 2, 57.34, 0, 210, 1215
2026/02/23 16:14:45.802, 3, 55.47, 0, 210, 1215
2026/02/23 16:14:45.852, 0, 222.46, 100, 1410, 1215
2026/02/23 16:14:45.852, 1, 55.03, 0, 210, 1215
2026/02/23 16:14:45.852, 2, 57.34, 0, 210, 1215
2026/02/23 16:14:45.852, 3, 55.47, 0, 210, 1215
2026/02/23 16:14:45.902, 0, 222.46, 100, 1410, 1215
2026/02/23 16:14:45.903, 1, 55.03, 0, 210, 1215
2026/02/23 16:14:45.903, 2, 57.34, 0, 210, 1215
2026/02/23 16:14:45.903, 3, 55.41, 0, 210, 1215
2026/02/23 16:14:45.953, 0, 221.96, 100, 1410, 1215
2026/02/23 16:14:45.953, 1, 55.03, 0, 210, 1215
2026/02/23 16:14:45.953, 2, 57.34, 0, 210, 1215
2026/02/23 16:14:45.953, 3, 55.41, 0, 210, 1215
2026/02/23 16:14:46.003, 0, 221.96, 100, 1410, 1215
2026/02/23 16:14:46.003, 1, 55.03, 0, 210, 1215
2026/02/23 16:14:46.004, 2, 57.34, 0, 210, 1215
2026/02/23 16:14:46.004, 3, 55.47, 0, 210, 1215
2026/02/23 16:14:46.054, 0, 222.18, 100, 1410, 1215
2026/02/23 16:14:46.054, 1, 55.03, 0, 210, 1215
2026/02/23 16:14:46.054, 2, 57.34, 0, 210, 1215
2026/02/23 16:14:46.054, 3, 55.47, 0, 210, 1215
2026/02/23 16:14:46.104, 0, 222.18, 100, 1410, 1215
2026/02/23 16:14:46.104, 1, 55.03, 0, 210, 1215
2026/02/23 16:14:46.104, 2, 57.34, 0, 210, 1215
2026/02/23 16:14:46.105, 3, 55.41, 0, 210, 1215
2026/02/23 16:14:46.155, 0, 221.96, 100, 1410, 1215
2026/02/23 16:14:46.155, 1, 55.03, 0, 210, 1215
2026/02/23 16:14:46.155, 2, 57.34, 0, 210, 1215
2026/02/23 16:14:46.155, 3, 55.41, 0, 210, 1215
2026/02/23 16:14:46.205, 0, 221.96, 100, 1410, 1215
2026/02/23 16:14:46.205, 1, 55.03, 0, 210, 1215
2026/02/23 16:14:46.205, 2, 57.34, 0, 210, 1215
2026/02/23 16:14:46.205, 3, 55.47, 0, 210, 1215
2026/02/23 16:14:46.256, 0, 221.96, 100, 1410, 1215
2026/02/23 16:14:46.256, 1, 55.03, 0, 210, 1215
2026/02/23 16:14:46.256, 2, 57.34, 0, 210, 1215
2026/02/23 16:14:46.256, 3, 55.47, 0, 210, 1215
2026/02/23 16:14:46.306, 0, 221.96, 100, 1410, 1215
2026/02/23 16:14:46.306, 1, 55.03, 0, 210, 1215
2026/02/23 16:14:46.306, 2, 57.34, 0, 210, 1215
2026/02/23 16:14:46.306, 3, 55.41, 0, 210, 1215
2026/02/23 16:14:46.356, 0, 222.18, 100, 1410, 1215
2026/02/23 16:14:46.357, 1, 55.03, 0, 210, 1215
2026/02/23 16:14:46.357, 2, 57.34, 0, 210, 1215
2026/02/23 16:14:46.357, 3, 55.41, 0, 210, 1215
2026/02/23 16:14:46.407, 0, 222.18, 100, 1410, 1215
2026/02/23 16:14:46.407, 1, 55.03, 0, 210, 1215
2026/02/23 16:14:46.407, 2, 57.34, 0, 210, 1215
2026/02/23 16:14:46.407, 3, 55.41, 0, 210, 1215
2026/02/23 16:14:46.457, 0, 222.23, 100, 1410, 1215
2026/02/23 16:14:46.457, 1, 55.03, 0, 210, 1215
2026/02/23 16:14:46.458, 2, 57.34, 0, 210, 1215
2026/02/23 16:14:46.458, 3, 55.41, 0, 210, 1215
2026/02/23 16:14:46.508, 0, 222.23, 100, 1410, 1215
2026/02/23 16:14:46.508, 1, 55.03, 0, 210, 1215
2026/02/23 16:14:46.508, 2, 57.34, 0, 210, 1215
2026/02/23 16:14:46.508, 3, 55.41, 0, 210, 1215
2026/02/23 16:14:46.558, 0, 222.18, 100, 1410, 1215
2026/02/23 16:14:46.558, 1, 55.03, 0, 210, 1215
2026/02/23 16:14:46.558, 2, 57.34, 0, 210, 1215
2026/02/23 16:14:46.558, 3, 55.41, 0, 210, 1215
2026/02/23 16:14:46.609, 0, 222.18, 100, 1410, 1215
2026/02/23 16:14:46.609, 1, 55.03, 0, 210, 1215
2026/02/23 16:14:46.609, 2, 57.34, 0, 210, 1215
2026/02/23 16:14:46.609, 3, 55.41, 0, 210, 1215
2026/02/23 16:14:46.659, 0, 222.23, 100, 1410, 1215
2026/02/23 16:14:46.659, 1, 55.03, 0, 210, 1215
2026/02/23 16:14:46.659, 2, 57.34, 0, 210, 1215
2026/02/23 16:14:46.659, 3, 55.41, 0, 210, 1215
2026/02/23 16:14:46.709, 0, 222.23, 100, 1410, 1215
2026/02/23 16:14:46.710, 1, 55.03, 0, 210, 1215
2026/02/23 16:14:46.710, 2, 57.34, 0, 210, 1215
2026/02/23 16:14:46.710, 3, 55.41, 0, 210, 1215
2026/02/23 16:14:46.760, 0, 222.23, 100, 1410, 1215
2026/02/23 16:14:46.760, 1, 55.03, 0, 210, 1215
2026/02/23 16:14:46.760, 2, 57.34, 0, 210, 1215
2026/02/23 16:14:46.760, 3, 55.41, 0, 210, 1215
2026/02/23 16:14:46.810, 0, 222.23, 100, 1410, 1215
2026/02/23 16:14:46.811, 1, 55.03, 0, 210, 1215
2026/02/23 16:14:46.811, 2, 57.34, 0, 210, 1215
2026/02/23 16:14:46.811, 3, 55.41, 0, 210, 1215
2026/02/23 16:14:46.861, 0, 222.46, 100, 1410, 1215
2026/02/23 16:14:46.861, 1, 55.03, 0, 210, 1215
2026/02/23 16:14:46.861, 2, 57.34, 0, 210, 1215
2026/02/23 16:14:46.861, 3, 55.41, 0, 210, 1215
2026/02/23 16:14:46.911, 0, 222.46, 100, 1410, 1215
2026/02/23 16:14:46.911, 1, 55.03, 0, 210, 1215
2026/02/23 16:14:46.911, 2, 57.34, 0, 210, 1215
2026/02/23 16:14:46.912, 3, 55.41, 0, 210, 1215
2026/02/23 16:14:46.962, 0, 222.23, 100, 1410, 1215
2026/02/23 16:14:46.962, 1, 55.03, 0, 210, 1215
2026/02/23 16:14:46.962, 2, 57.34, 0, 210, 1215
2026/02/23 16:14:46.962, 3, 55.41, 0, 210, 1215
2026/02/23 16:14:47.012, 0, 222.23, 100, 1410, 1215
2026/02/23 16:14:47.012, 1, 55.03, 0, 210, 1215
2026/02/23 16:14:47.012, 2, 57.34, 0, 210, 1215
2026/02/23 16:14:47.012, 3, 55.41, 0, 210, 1215
2026/02/23 16:14:47.063, 0, 223.34, 100, 1410, 1215
2026/02/23 16:14:47.063, 1, 55.03, 0, 210, 1215
2026/02/23 16:14:47.063, 2, 57.34, 0, 210, 1215
2026/02/23 16:14:47.063, 3, 55.41, 0, 210, 1215
2026/02/23 16:14:47.113, 0, 223.11, 100, 1410, 1215
2026/02/23 16:14:47.113, 1, 55.03, 0, 210, 1215
2026/02/23 16:14:47.113, 2, 57.34, 0, 210, 1215
2026/02/23 16:14:47.113, 3, 55.41, 0, 210, 1215
2026/02/23 16:14:47.164, 0, 223.11, 100, 1410, 1215
2026/02/23 16:14:47.164, 1, 55.03, 0, 210, 1215
2026/02/23 16:14:47.164, 2, 57.34, 0, 210, 1215
2026/02/23 16:14:47.164, 3, 55.41, 0, 210, 1215
2026/02/23 16:14:47.214, 0, 223.34, 100, 1410, 1215
2026/02/23 16:14:47.214, 1, 55.03, 0, 210, 1215
2026/02/23 16:14:47.214, 2, 57.34, 0, 210, 1215
2026/02/23 16:14:47.214, 3, 55.41, 0, 210, 1215
2026/02/23 16:14:47.264, 0, 223.34, 100, 1410, 1215
2026/02/23 16:14:47.265, 1, 55.03, 0, 210, 1215
2026/02/23 16:14:47.265, 2, 57.34, 0, 210, 1215
2026/02/23 16:14:47.265, 3, 55.41, 0, 210, 1215
2026/02/23 16:14:47.315, 0, 223.06, 100, 1410, 1215
2026/02/23 16:14:47.315, 1, 55.03, 0, 210, 1215
2026/02/23 16:14:47.315, 2, 57.34, 0, 210, 1215
2026/02/23 16:14:47.315, 3, 55.41, 0, 210, 1215
2026/02/23 16:14:47.365, 0, 223.06, 100, 1410, 1215
2026/02/23 16:14:47.365, 1, 55.03, 0, 210, 1215
2026/02/23 16:14:47.366, 2, 57.34, 0, 210, 1215
2026/02/23 16:14:47.366, 3, 55.41, 0, 210, 1215
2026/02/23 16:14:47.416, 0, 223.06, 100, 1410, 1215
2026/02/23 16:14:47.416, 1, 55.03, 0, 210, 1215
2026/02/23 16:14:47.416, 2, 57.34, 0, 210, 1215
2026/02/23 16:14:47.416, 3, 55.41, 0, 210, 1215
2026/02/23 16:14:47.466, 0, 223.06, 100, 1410, 1215
2026/02/23 16:14:47.466, 1, 55.03, 0, 210, 1215
2026/02/23 16:14:47.466, 2, 57.34, 0, 210, 1215
2026/02/23 16:14:47.466, 3, 55.41, 0, 210, 1215
2026/02/23 16:14:47.517, 0, 223.06, 100, 1410, 1215
2026/02/23 16:14:47.520, 1, 55.03, 0, 210, 1215
2026/02/23 16:14:47.520, 2, 57.34, 0, 210, 1215
2026/02/23 16:14:47.520, 3, 55.41, 0, 210, 1215
2026/02/23 16:14:47.570, 0, 223.06, 100, 1410, 1215
2026/02/23 16:14:47.570, 1, 55.03, 0, 210, 1215
2026/02/23 16:14:47.570, 2, 57.34, 0, 210, 1215
2026/02/23 16:14:47.570, 3, 55.47, 0, 210, 1215
2026/02/23 16:14:47.621, 0, 223.06, 100, 1410, 1215
2026/02/23 16:14:47.621, 1, 55.03, 0, 210, 1215
2026/02/23 16:14:47.621, 2, 57.34, 0, 210, 1215
2026/02/23 16:14:47.621, 3, 55.47, 0, 210, 1215
2026/02/23 16:14:47.671, 0, 223.06, 100, 1410, 1215
2026/02/23 16:14:47.671, 1, 55.03, 0, 210, 1215
2026/02/23 16:14:47.671, 2, 57.06, 0, 210, 1215
2026/02/23 16:14:47.671, 3, 55.41, 0, 210, 1215
2026/02/23 16:14:47.721, 0, 223.06, 100, 1410, 1215
2026/02/23 16:14:47.722, 1, 55.03, 0, 210, 1215
2026/02/23 16:14:47.722, 2, 57.06, 0, 210, 1215
2026/02/23 16:14:47.722, 3, 55.41, 0, 210, 1215
2026/02/23 16:14:47.772, 0, 223.06, 100, 1410, 1215
2026/02/23 16:14:47.772, 1, 55.03, 0, 210, 1215
2026/02/23 16:14:47.772, 2, 57.34, 0, 210, 1215
2026/02/23 16:14:47.772, 3, 55.41, 0, 210, 1215
2026/02/23 16:14:47.822, 0, 223.06, 100, 1410, 1215
2026/02/23 16:14:47.822, 1, 55.03, 0, 210, 1215
2026/02/23 16:14:47.823, 2, 57.34, 0, 210, 1215
2026/02/23 16:14:47.823, 3, 55.41, 0, 210, 1215
2026/02/23 16:14:47.873, 0, 223.06, 100, 1410, 1215
2026/02/23 16:14:47.873, 1, 55.03, 0, 210, 1215
2026/02/23 16:14:47.873, 2, 57.34, 0, 210, 1215
2026/02/23 16:14:47.873, 3, 55.41, 0, 210, 1215
2026/02/23 16:14:47.923, 0, 223.06, 100, 1410, 1215
2026/02/23 16:14:47.923, 1, 55.03, 0, 210, 1215
2026/02/23 16:14:47.923, 2, 57.34, 0, 210, 1215
2026/02/23 16:14:47.924, 3, 55.41, 0, 210, 1215
2026/02/23 16:14:47.974, 0, 223.06, 100, 1410, 1215
2026/02/23 16:14:47.974, 1, 55.03, 0, 210, 1215
2026/02/23 16:14:47.974, 2, 57.34, 0, 210, 1215
2026/02/23 16:14:47.974, 3, 55.41, 0, 210, 1215
2026/02/23 16:14:48.024, 0, 223.06, 100, 1410, 1215
2026/02/23 16:14:48.024, 1, 55.03, 0, 210, 1215
2026/02/23 16:14:48.024, 2, 57.34, 0, 210, 1215
2026/02/23 16:14:48.024, 3, 55.41, 0, 210, 1215
2026/02/23 16:14:48.075, 0, 223.06, 100, 1410, 1215
2026/02/23 16:14:48.075, 1, 55.03, 0, 210, 1215
2026/02/23 16:14:48.075, 2, 57.34, 0, 210, 1215
2026/02/23 16:14:48.075, 3, 55.41, 0, 210, 1215
2026/02/23 16:14:48.125, 0, 223.06, 100, 1410, 1215
2026/02/23 16:14:48.125, 1, 55.03, 0, 210, 1215
2026/02/23 16:14:48.125, 2, 57.34, 0, 210, 1215
2026/02/23 16:14:48.125, 3, 55.41, 0, 210, 1215
2026/02/23 16:14:48.176, 0, 223.06, 100, 1410, 1215
2026/02/23 16:14:48.176, 1, 55.03, 0, 210, 1215
2026/02/23 16:14:48.176, 2, 57.34, 0, 210, 1215
2026/02/23 16:14:48.176, 3, 55.41, 0, 210, 1215
2026/02/23 16:14:48.226, 0, 222.50, 100, 1410, 1215
2026/02/23 16:14:48.226, 1, 55.03, 0, 210, 1215
2026/02/23 16:14:48.226, 2, 57.34, 0, 210, 1215
2026/02/23 16:14:48.226, 3, 55.41, 0, 210, 1215
2026/02/23 16:14:48.276, 0, 222.50, 100, 1410, 1215
2026/02/23 16:14:48.276, 1, 55.03, 0, 210, 1215
2026/02/23 16:14:48.277, 2, 57.34, 0, 210, 1215
2026/02/23 16:14:48.277, 3, 55.41, 0, 210, 1215
2026/02/23 16:14:48.327, 0, 223.06, 100, 1410, 1215
2026/02/23 16:14:48.327, 1, 55.03, 0, 210, 1215
2026/02/23 16:14:48.327, 2, 57.34, 0, 210, 1215
2026/02/23 16:14:48.327, 3, 55.41, 0, 210, 1215
2026/02/23 16:14:48.377, 0, 223.06, 100, 1410, 1215
2026/02/23 16:14:48.377, 1, 55.03, 0, 210, 1215
2026/02/23 16:14:48.377, 2, 57.34, 0, 210, 1215
2026/02/23 16:14:48.378, 3, 55.41, 0, 210, 1215
2026/02/23 16:14:48.428, 0, 223.06, 100, 1410, 1215
2026/02/23 16:14:48.428, 1, 55.03, 0, 210, 1215
2026/02/23 16:14:48.428, 2, 57.34, 0, 210, 1215
2026/02/23 16:14:48.428, 3, 55.41, 0, 210, 1215
2026/02/23 16:14:48.478, 0, 223.06, 100, 1410, 1215
2026/02/23 16:14:48.478, 1, 55.03, 0, 210, 1215
2026/02/23 16:14:48.478, 2, 57.34, 0, 210, 1215
2026/02/23 16:14:48.478, 3, 55.41, 0, 210, 1215
2026/02/23 16:14:48.529, 0, 222.83, 100, 1410, 1215
2026/02/23 16:14:48.529, 1, 55.03, 0, 210, 1215
2026/02/23 16:14:48.529, 2, 57.34, 0, 210, 1215
2026/02/23 16:14:48.529, 3, 55.41, 0, 210, 1215
2026/02/23 16:14:48.579, 0, 222.83, 100, 1410, 1215
2026/02/23 16:14:48.579, 1, 55.03, 0, 210, 1215
2026/02/23 16:14:48.579, 2, 57.34, 0, 210, 1215
2026/02/23 16:14:48.579, 3, 55.41, 0, 210, 1215
2026/02/23 16:14:48.629, 0, 223.06, 100, 1410, 1215
2026/02/23 16:14:48.630, 1, 55.03, 0, 210, 1215
2026/02/23 16:14:48.630, 2, 57.34, 0, 210, 1215
2026/02/23 16:14:48.630, 3, 55.41, 0, 210, 1215
2026/02/23 16:14:48.680, 0, 223.06, 100, 1410, 1215
2026/02/23 16:14:48.680, 1, 55.03, 0, 210, 1215
2026/02/23 16:14:48.680, 2, 57.34, 0, 210, 1215
2026/02/23 16:14:48.680, 3, 55.41, 0, 210, 1215
2026/02/23 16:14:48.730, 0, 222.83, 100, 1410, 1215
2026/02/23 16:14:48.730, 1, 55.03, 0, 210, 1215
2026/02/23 16:14:48.731, 2, 57.34, 0, 210, 1215
2026/02/23 16:14:48.731, 3, 55.41, 0, 210, 1215
2026/02/23 16:14:48.781, 0, 222.83, 100, 1410, 1215
2026/02/23 16:14:48.781, 1, 55.03, 0, 210, 1215
2026/02/23 16:14:48.781, 2, 57.34, 0, 210, 1215
2026/02/23 16:14:48.781, 3, 55.41, 0, 210, 1215
2026/02/23 16:14:48.831, 0, 223.06, 100, 1410, 1215
2026/02/23 16:14:48.831, 1, 55.03, 0, 210, 1215
2026/02/23 16:14:48.832, 2, 57.34, 0, 210, 1215
2026/02/23 16:14:48.832, 3, 55.41, 0, 210, 1215
2026/02/23 16:14:48.882, 0, 223.06, 100, 1410, 1215
2026/02/23 16:14:48.882, 1, 55.03, 0, 210, 1215
2026/02/23 16:14:48.882, 2, 57.34, 0, 210, 1215
2026/02/23 16:14:48.882, 3, 55.47, 0, 210, 1215
2026/02/23 16:14:48.932, 0, 223.06, 100, 1410, 1215
2026/02/23 16:14:48.932, 1, 55.03, 0, 210, 1215
2026/02/23 16:14:48.932, 2, 57.34, 0, 210, 1215
2026/02/23 16:14:48.932, 3, 55.47, 0, 210, 1215
2026/02/23 16:14:48.983, 0, 223.06, 100, 1410, 1215
2026/02/23 16:14:48.983, 1, 55.03, 0, 210, 1215
2026/02/23 16:14:48.983, 2, 57.34, 0, 210, 1215
2026/02/23 16:14:48.983, 3, 55.41, 0, 210, 1215
2026/02/23 16:14:49.033, 0, 222.83, 100, 1410, 1215
2026/02/23 16:14:49.033, 1, 55.03, 0, 210, 1215
2026/02/23 16:14:49.033, 2, 57.34, 0, 210, 1215
2026/02/23 16:14:49.033, 3, 55.41, 0, 210, 1215
2026/02/23 16:14:49.084, 0, 222.83, 100, 1410, 1215
2026/02/23 16:14:49.084, 1, 55.03, 0, 210, 1215
2026/02/23 16:14:49.084, 2, 57.34, 0, 210, 1215
2026/02/23 16:14:49.084, 3, 55.41, 0, 210, 1215
2026/02/23 16:14:49.134, 0, 222.73, 100, 1410, 1215
2026/02/23 16:14:49.134, 1, 55.03, 0, 210, 1215
2026/02/23 16:14:49.134, 2, 57.34, 0, 210, 1215
2026/02/23 16:14:49.134, 3, 55.41, 0, 210, 1215
2026/02/23 16:14:49.184, 0, 222.73, 100, 1410, 1215
2026/02/23 16:14:49.185, 1, 55.03, 0, 210, 1215
2026/02/23 16:14:49.185, 2, 57.34, 0, 210, 1215
2026/02/23 16:14:49.185, 3, 55.47, 0, 210, 1215
2026/02/23 16:14:49.235, 0, 222.83, 100, 1410, 1215
2026/02/23 16:14:49.235, 1, 55.03, 0, 210, 1215
2026/02/23 16:14:49.235, 2, 57.34, 0, 210, 1215
2026/02/23 16:14:49.235, 3, 55.47, 0, 210, 1215
2026/02/23 16:14:49.285, 0, 222.83, 100, 1410, 1215
2026/02/23 16:14:49.285, 1, 55.03, 0, 210, 1215
2026/02/23 16:14:49.286, 2, 57.34, 0, 210, 1215
2026/02/23 16:14:49.286, 3, 55.41, 0, 210, 1215
2026/02/23 16:14:49.336, 0, 222.73, 100, 1410, 1215
2026/02/23 16:14:49.336, 1, 55.03, 0, 210, 1215
2026/02/23 16:14:49.336, 2, 57.34, 0, 210, 1215
2026/02/23 16:14:49.336, 3, 55.41, 0, 210, 1215
2026/02/23 16:14:49.386, 0, 222.73, 100, 1410, 1215
2026/02/23 16:14:49.386, 1, 55.03, 0, 210, 1215
2026/02/23 16:14:49.386, 2, 57.34, 0, 210, 1215
2026/02/23 16:14:49.387, 3, 55.41, 0, 210, 1215
2026/02/23 16:14:49.437, 0, 222.73, 100, 1410, 1215
2026/02/23 16:14:49.437, 1, 55.03, 0, 210, 1215
2026/02/23 16:14:49.437, 2, 57.34, 0, 210, 1215
2026/02/23 16:14:49.437, 3, 55.41, 0, 210, 1215
2026/02/23 16:14:49.487, 0, 222.73, 100, 1410, 1215
2026/02/23 16:14:49.487, 1, 55.03, 0, 210, 1215
2026/02/23 16:14:49.487, 2, 57.34, 0, 210, 1215
2026/02/23 16:14:49.487, 3, 55.47, 0, 210, 1215
2026/02/23 16:14:49.538, 0, 222.50, 100, 1410, 1215
2026/02/23 16:14:49.538, 1, 55.03, 0, 210, 1215
2026/02/23 16:14:49.538, 2, 57.34, 0, 210, 1215
2026/02/23 16:14:49.538, 3, 55.47, 0, 210, 1215
2026/02/23 16:14:49.588, 0, 222.50, 100, 1410, 1215
2026/02/23 16:14:49.588, 1, 55.03, 0, 210, 1215
2026/02/23 16:14:49.588, 2, 57.34, 0, 210, 1215
2026/02/23 16:14:49.588, 3, 55.41, 0, 210, 1215
2026/02/23 16:14:49.639, 0, 223.06, 100, 1410, 1215
2026/02/23 16:14:49.639, 1, 55.03, 0, 210, 1215
2026/02/23 16:14:49.639, 2, 57.34, 0, 210, 1215
2026/02/23 16:14:49.639, 3, 55.41, 0, 210, 1215
2026/02/23 16:14:49.689, 0, 223.06, 100, 1410, 1215
2026/02/23 16:14:49.689, 1, 55.03, 0, 210, 1215
2026/02/23 16:14:49.689, 2, 57.34, 0, 210, 1215
2026/02/23 16:14:49.689, 3, 55.41, 0, 210, 1215
2026/02/23 16:14:49.739, 0, 222.50, 100, 1410, 1215
2026/02/23 16:14:49.739, 1, 55.03, 0, 210, 1215
2026/02/23 16:14:49.740, 2, 57.34, 0, 210, 1215
2026/02/23 16:14:49.740, 3, 55.41, 0, 210, 1215
2026/02/23 16:14:49.790, 0, 222.50, 100, 1410, 1215
2026/02/23 16:14:49.790, 1, 55.03, 0, 210, 1215
2026/02/23 16:14:49.790, 2, 57.34, 0, 210, 1215
2026/02/23 16:14:49.790, 3, 55.41, 0, 210, 1215
2026/02/23 16:14:49.840, 0, 222.73, 100, 1410, 1215
2026/02/23 16:14:49.840, 1, 55.03, 0, 210, 1215
2026/02/23 16:14:49.841, 2, 57.34, 0, 210, 1215
2026/02/23 16:14:49.841, 3, 55.41, 0, 210, 1215
2026/02/23 16:14:49.891, 0, 222.73, 100, 1410, 1215
2026/02/23 16:14:49.891, 1, 55.03, 0, 210, 1215
2026/02/23 16:14:49.891, 2, 57.34, 0, 210, 1215
2026/02/23 16:14:49.891, 3, 55.41, 0, 210, 1215
2026/02/23 16:14:49.941, 0, 222.73, 100, 1410, 1215
2026/02/23 16:14:49.941, 1, 55.03, 0, 210, 1215
2026/02/23 16:14:49.941, 2, 57.34, 0, 210, 1215
2026/02/23 16:14:49.941, 3, 55.41, 0, 210, 1215
2026/02/23 16:14:49.992, 0, 222.73, 100, 1410, 1215
2026/02/23 16:14:49.992, 1, 55.03, 0, 210, 1215
2026/02/23 16:14:49.992, 2, 57.34, 0, 210, 1215
2026/02/23 16:14:49.992, 3, 55.41, 0, 210, 1215
2026/02/23 16:14:50.042, 0, 222.50, 100, 1410, 1215
2026/02/23 16:14:50.042, 1, 55.03, 0, 210, 1215
2026/02/23 16:14:50.042, 2, 57.34, 0, 210, 1215
2026/02/23 16:14:50.042, 3, 55.41, 0, 210, 1215
2026/02/23 16:14:50.093, 0, 222.50, 100, 1410, 1215
2026/02/23 16:14:50.093, 1, 55.03, 0, 210, 1215
2026/02/23 16:14:50.093, 2, 57.34, 0, 210, 1215
2026/02/23 16:14:50.093, 3, 55.41, 0, 210, 1215
2026/02/23 16:14:50.143, 0, 223.06, 100, 1410, 1215
2026/02/23 16:14:50.143, 1, 55.03, 0, 210, 1215
2026/02/23 16:14:50.143, 2, 57.34, 0, 210, 1215
2026/02/23 16:14:50.143, 3, 55.41, 0, 210, 1215
2026/02/23 16:14:50.193, 0, 223.06, 100, 1410, 1215
2026/02/23 16:14:50.194, 1, 55.03, 0, 210, 1215
2026/02/23 16:14:50.194, 2, 57.34, 0, 210, 1215
2026/02/23 16:14:50.194, 3, 55.41, 0, 210, 1215
2026/02/23 16:14:50.244, 0, 222.83, 100, 1410, 1215
2026/02/23 16:14:50.244, 1, 55.03, 0, 210, 1215
2026/02/23 16:14:50.244, 2, 57.34, 0, 210, 1215
2026/02/23 16:14:50.244, 3, 55.41, 0, 210, 1215
2026/02/23 16:14:50.294, 0, 222.83, 100, 1410, 1215
2026/02/23 16:14:50.294, 1, 55.03, 0, 210, 1215
2026/02/23 16:14:50.295, 2, 57.34, 0, 210, 1215
2026/02/23 16:14:50.295, 3, 55.41, 0, 210, 1215
2026/02/23 16:14:50.345, 0, 223.06, 100, 1410, 1215
2026/02/23 16:14:50.345, 1, 55.03, 0, 210, 1215
2026/02/23 16:14:50.345, 2, 57.34, 0, 210, 1215
2026/02/23 16:14:50.345, 3, 55.41, 0, 210, 1215
2026/02/23 16:14:50.395, 0, 223.06, 100, 1410, 1215
2026/02/23 16:14:50.395, 1, 55.03, 0, 210, 1215
2026/02/23 16:14:50.395, 2, 57.34, 0, 210, 1215
2026/02/23 16:14:50.396, 3, 55.41, 0, 210, 1215
2026/02/23 16:14:50.446, 0, 223.06, 100, 1410, 1215
2026/02/23 16:14:50.446, 1, 55.03, 0, 210, 1215
2026/02/23 16:14:50.446, 2, 57.34, 0, 210, 1215
2026/02/23 16:14:50.446, 3, 55.41, 0, 210, 1215
2026/02/23 16:14:50.496, 0, 223.06, 100, 1410, 1215
2026/02/23 16:14:50.496, 1, 55.03, 0, 210, 1215
2026/02/23 16:14:50.496, 2, 57.34, 0, 210, 1215
2026/02/23 16:14:50.496, 3, 55.47, 0, 210, 1215
2026/02/23 16:14:50.547, 0, 223.34, 100, 1410, 1215
2026/02/23 16:14:50.547, 1, 54.75, 0, 210, 1215
2026/02/23 16:14:50.547, 2, 57.06, 0, 210, 1215
2026/02/23 16:14:50.547, 3, 55.47, 0, 210, 1215
2026/02/23 16:14:50.597, 0, 223.34, 100, 1410, 1215
2026/02/23 16:14:50.597, 1, 54.75, 0, 210, 1215
2026/02/23 16:14:50.597, 2, 57.06, 0, 210, 1215
2026/02/23 16:14:50.597, 3, 55.41, 0, 210, 1215
2026/02/23 16:14:50.647, 0, 223.94, 100, 1410, 1215
2026/02/23 16:14:50.647, 1, 54.75, 0, 210, 1215
2026/02/23 16:14:50.647, 2, 57.06, 0, 210, 1215
2026/02/23 16:14:50.648, 3, 55.41, 0, 210, 1215
2026/02/23 16:14:50.698, 0, 223.94, 100, 1410, 1215
2026/02/23 16:14:50.698, 1, 54.75, 0, 210, 1215
2026/02/23 16:14:50.698, 2, 57.06, 0, 210, 1215
2026/02/23 16:14:50.698, 3, 55.41, 0, 210, 1215
2026/02/23 16:14:50.748, 0, 223.94, 100, 1410, 1215
2026/02/23 16:14:50.748, 1, 54.75, 0, 210, 1215
2026/02/23 16:14:50.748, 2, 57.34, 0, 210, 1215
2026/02/23 16:14:50.748, 3, 55.41, 0, 210, 1215
2026/02/23 16:14:50.799, 0, 223.94, 100, 1410, 1215
2026/02/23 16:14:50.799, 1, 54.75, 0, 210, 1215
2026/02/23 16:14:50.799, 2, 57.34, 0, 210, 1215
2026/02/23 16:14:50.799, 3, 55.41, 0, 210, 1215
2026/02/23 16:14:50.849, 0, 223.71, 100, 1410, 1215
2026/02/23 16:14:50.849, 1, 54.75, 0, 210, 1215
2026/02/23 16:14:50.849, 2, 57.34, 0, 210, 1215
2026/02/23 16:14:50.849, 3, 55.41, 0, 210, 1215
2026/02/23 16:14:50.899, 0, 223.71, 100, 1410, 1215
2026/02/23 16:14:50.900, 1, 54.75, 0, 210, 1215
2026/02/23 16:14:50.900, 2, 57.34, 0, 210, 1215
2026/02/23 16:14:50.900, 3, 55.41, 0, 210, 1215
2026/02/23 16:14:50.950, 0, 223.67, 100, 1410, 1215
2026/02/23 16:14:50.950, 1, 54.75, 0, 210, 1215
2026/02/23 16:14:50.950, 2, 57.34, 0, 210, 1215
2026/02/23 16:14:50.950, 3, 55.41, 0, 210, 1215
2026/02/23 16:14:51.000, 0, 223.67, 100, 1410, 1215
2026/02/23 16:14:51.000, 1, 54.75, 0, 210, 1215
2026/02/23 16:14:51.001, 2, 57.34, 0, 210, 1215
2026/02/23 16:14:51.001, 3, 55.41, 0, 210, 1215
2026/02/23 16:14:51.051, 0, 223.67, 100, 1410, 1215
2026/02/23 16:14:51.051, 1, 54.75, 0, 210, 1215
2026/02/23 16:14:51.051, 2, 57.34, 0, 210, 1215
2026/02/23 16:14:51.051, 3, 55.41, 0, 210, 1215
2026/02/23 16:14:51.101, 0, 223.67, 100, 1410, 1215
2026/02/23 16:14:51.101, 1, 54.75, 0, 210, 1215
2026/02/23 16:14:51.101, 2, 57.34, 0, 210, 1215
2026/02/23 16:14:51.102, 3, 55.41, 0, 210, 1215
2026/02/23 16:14:51.152, 0, 223.71, 100, 1410, 1215
2026/02/23 16:14:51.152, 1, 54.75, 0, 210, 1215
2026/02/23 16:14:51.152, 2, 57.34, 0, 210, 1215
2026/02/23 16:14:51.152, 3, 55.41, 0, 210, 1215
2026/02/23 16:14:51.202, 0, 223.71, 100, 1410, 1215
2026/02/23 16:14:51.202, 1, 54.75, 0, 210, 1215
2026/02/23 16:14:51.202, 2, 57.34, 0, 210, 1215
2026/02/23 16:14:51.202, 3, 55.41, 0, 210, 1215
2026/02/23 16:14:51.253, 0, 223.71, 100, 1410, 1215
2026/02/23 16:14:51.253, 1, 54.75, 0, 210, 1215
2026/02/23 16:14:51.253, 2, 57.34, 0, 210, 1215
2026/02/23 16:14:51.253, 3, 55.41, 0, 210, 1215
2026/02/23 16:14:51.303, 0, 223.71, 100, 1410, 1215
2026/02/23 16:14:51.304, 1, 54.75, 0, 210, 1215
2026/02/23 16:14:51.304, 2, 57.34, 0, 210, 1215
2026/02/23 16:14:51.304, 3, 55.41, 0, 210, 1215
2026/02/23 16:14:51.354, 0, 223.71, 100, 1410, 1215
2026/02/23 16:14:51.355, 1, 54.75, 0, 210, 1215
2026/02/23 16:14:51.355, 2, 57.34, 0, 210, 1215
2026/02/23 16:14:51.355, 3, 55.41, 0, 210, 1215
2026/02/23 16:14:51.405, 0, 223.71, 100, 1410, 1215
2026/02/23 16:14:51.405, 1, 54.75, 0, 210, 1215
2026/02/23 16:14:51.405, 2, 57.34, 0, 210, 1215
2026/02/23 16:14:51.405, 3, 55.41, 0, 210, 1215
2026/02/23 16:14:51.455, 0, 223.94, 100, 1410, 1215
2026/02/23 16:14:51.455, 1, 54.75, 0, 210, 1215
2026/02/23 16:14:51.456, 2, 57.34, 0, 210, 1215
2026/02/23 16:14:51.456, 3, 55.41, 0, 210, 1215
2026/02/23 16:14:51.506, 0, 223.94, 100, 1410, 1215
2026/02/23 16:14:51.506, 1, 54.75, 0, 210, 1215
2026/02/23 16:14:51.506, 2, 57.34, 0, 210, 1215
2026/02/23 16:14:51.506, 3, 55.41, 0, 210, 1215
2026/02/23 16:14:51.556, 0, 223.67, 100, 1410, 1215
2026/02/23 16:14:51.556, 1, 54.75, 0, 210, 1215
2026/02/23 16:14:51.556, 2, 57.06, 0, 210, 1215
2026/02/23 16:14:51.556, 3, 55.41, 0, 210, 1215
2026/02/23 16:14:51.607, 0, 223.67, 100, 1410, 1215
2026/02/23 16:14:51.607, 1, 54.75, 0, 210, 1215
2026/02/23 16:14:51.607, 2, 57.06, 0, 210, 1215
2026/02/23 16:14:51.607, 3, 55.41, 0, 210, 1215
2026/02/23 16:14:51.657, 0, 223.44, 100, 1410, 1215
2026/02/23 16:14:51.657, 1, 54.75, 0, 210, 1215
2026/02/23 16:14:51.657, 2, 57.34, 0, 210, 1215
2026/02/23 16:14:51.657, 3, 55.41, 0, 210, 1215
2026/02/23 16:14:51.708, 0, 223.44, 100, 1410, 1215
2026/02/23 16:14:51.708, 1, 54.75, 0, 210, 1215
2026/02/23 16:14:51.708, 2, 57.34, 0, 210, 1215
2026/02/23 16:14:51.708, 3, 55.41, 0, 210, 1215
2026/02/23 16:14:51.758, 0, 223.44, 100, 1410, 1215
2026/02/23 16:14:51.758, 1, 54.75, 0, 210, 1215
2026/02/23 16:14:51.758, 2, 57.28, 0, 210, 1215
2026/02/23 16:14:51.758, 3, 55.41, 0, 210, 1215
2026/02/23 16:14:51.808, 0, 223.44, 100, 1410, 1215
2026/02/23 16:14:51.809, 1, 54.75, 0, 210, 1215
2026/02/23 16:14:51.809, 2, 57.28, 0, 210, 1215
2026/02/23 16:14:51.809, 3, 55.41, 0, 210, 1215
2026/02/23 16:14:51.859, 0, 223.67, 100, 1410, 1215
2026/02/23 16:14:51.859, 1, 54.75, 0, 210, 1215
2026/02/23 16:14:51.859, 2, 57.06, 0, 210, 1215
2026/02/23 16:14:51.859, 3, 55.41, 0, 210, 1215
2026/02/23 16:14:51.909, 0, 223.67, 100, 1410, 1215
2026/02/23 16:14:51.910, 1, 54.75, 0, 210, 1215
2026/02/23 16:14:51.910, 2, 57.06, 0, 210, 1215
2026/02/23 16:14:51.910, 3, 55.41, 0, 210, 1215
2026/02/23 16:14:51.960, 0, 223.67, 100, 1410, 1215
2026/02/23 16:14:51.960, 1, 54.75, 0, 210, 1215
2026/02/23 16:14:51.960, 2, 57.06, 0, 210, 1215
2026/02/23 16:14:51.960, 3, 55.41, 0, 210, 1215
2026/02/23 16:14:52.010, 0, 223.67, 100, 1410, 1215
2026/02/23 16:14:52.010, 1, 54.75, 0, 210, 1215
2026/02/23 16:14:52.010, 2, 57.06, 0, 210, 1215
2026/02/23 16:14:52.011, 3, 55.41, 0, 210, 1215
2026/02/23 16:14:52.061, 0, 223.44, 100, 1410, 1215
2026/02/23 16:14:52.061, 1, 55.03, 0, 210, 1215
2026/02/23 16:14:52.061, 2, 57.34, 0, 210, 1215
2026/02/23 16:14:52.061, 3, 55.41, 0, 210, 1215
2026/02/23 16:14:52.111, 0, 223.44, 100, 1410, 1215
2026/02/23 16:14:52.111, 1, 55.03, 0, 210, 1215
2026/02/23 16:14:52.111, 2, 57.34, 0, 210, 1215
2026/02/23 16:14:52.111, 3, 55.41, 0, 210, 1215
2026/02/23 16:14:52.162, 0, 223.67, 100, 1410, 1215
2026/02/23 16:14:52.162, 1, 54.75, 0, 210, 1215
2026/02/23 16:14:52.162, 2, 57.34, 0, 210, 1215
2026/02/23 16:14:52.162, 3, 55.41, 0, 210, 1215
2026/02/23 16:14:52.212, 0, 223.67, 100, 1410, 1215
2026/02/23 16:14:52.212, 1, 54.75, 0, 210, 1215
2026/02/23 16:14:52.212, 2, 57.34, 0, 210, 1215
2026/02/23 16:14:52.212, 3, 55.41, 0, 210, 1215
2026/02/23 16:14:52.263, 0, 223.11, 100, 1410, 1215
2026/02/23 16:14:52.263, 1, 54.75, 0, 210, 1215
2026/02/23 16:14:52.263, 2, 57.06, 0, 210, 1215
2026/02/23 16:14:52.263, 3, 55.41, 0, 210, 1215
2026/02/23 16:14:52.313, 0, 223.34, 100, 1410, 1215
2026/02/23 16:14:52.313, 1, 54.75, 0, 210, 1215
2026/02/23 16:14:52.313, 2, 57.06, 0, 210, 1215
2026/02/23 16:14:52.313, 3, 55.41, 0, 210, 1215
2026/02/23 16:14:52.363, 0, 223.34, 100, 1410, 1215
2026/02/23 16:14:52.364, 1, 54.75, 0, 210, 1215
2026/02/23 16:14:52.364, 2, 57.34, 0, 210, 1215
2026/02/23 16:14:52.364, 3, 55.41, 0, 210, 1215
2026/02/23 16:14:52.414, 0, 223.34, 100, 1410, 1215
2026/02/23 16:14:52.414, 1, 54.75, 0, 210, 1215
2026/02/23 16:14:52.414, 2, 57.34, 0, 210, 1215
2026/02/23 16:14:52.414, 3, 55.41, 0, 210, 1215
2026/02/23 16:14:52.464, 0, 223.34, 100, 1410, 1215
2026/02/23 16:14:52.464, 1, 55.03, 0, 210, 1215
2026/02/23 16:14:52.465, 2, 57.28, 0, 210, 1215
2026/02/23 16:14:52.465, 3, 55.41, 0, 210, 1215
2026/02/23 16:14:52.515, 0, 223.11, 100, 1410, 1215
2026/02/23 16:14:52.515, 1, 55.03, 0, 210, 1215
2026/02/23 16:14:52.515, 2, 57.28, 0, 210, 1215
2026/02/23 16:14:52.515, 3, 55.41, 0, 210, 1215
2026/02/23 16:14:52.565, 0, 223.11, 100, 1410, 1215
2026/02/23 16:14:52.565, 1, 54.75, 0, 210, 1215
2026/02/23 16:14:52.565, 2, 57.34, 0, 210, 1215
2026/02/23 16:14:52.565, 3, 55.41, 0, 210, 1215
2026/02/23 16:14:52.616, 0, 223.34, 100, 1410, 1215
2026/02/23 16:14:52.616, 1, 54.75, 0, 210, 1215
2026/02/23 16:14:52.616, 2, 57.34, 0, 210, 1215
2026/02/23 16:14:52.616, 3, 55.41, 0, 210, 1215
2026/02/23 16:14:52.666, 0, 223.34, 100, 1410, 1215
2026/02/23 16:14:52.666, 1, 54.75, 0, 210, 1215
2026/02/23 16:14:52.666, 2, 57.34, 0, 210, 1215
2026/02/23 16:14:52.666, 3, 55.41, 0, 210, 1215
2026/02/23 16:14:52.717, 0, 223.11, 100, 1410, 1215
2026/02/23 16:14:52.717, 1, 54.75, 0, 210, 1215
2026/02/23 16:14:52.717, 2, 57.34, 0, 210, 1215
2026/02/23 16:14:52.717, 3, 55.41, 0, 210, 1215
2026/02/23 16:14:52.767, 0, 223.11, 100, 1410, 1215
2026/02/23 16:14:52.767, 1, 54.75, 0, 210, 1215
2026/02/23 16:14:52.767, 2, 57.28, 0, 210, 1215
2026/02/23 16:14:52.767, 3, 55.41, 0, 210, 1215
2026/02/23 16:14:52.817, 0, 223.11, 100, 1410, 1215
2026/02/23 16:14:52.818, 1, 54.75, 0, 210, 1215
2026/02/23 16:14:52.818, 2, 57.28, 0, 210, 1215
2026/02/23 16:14:52.818, 3, 55.41, 0, 210, 1215
2026/02/23 16:14:52.868, 0, 223.11, 100, 1410, 1215
2026/02/23 16:14:52.868, 1, 54.75, 0, 210, 1215
2026/02/23 16:14:52.868, 2, 57.34, 0, 210, 1215
2026/02/23 16:14:52.868, 3, 55.41, 0, 210, 1215
2026/02/23 16:14:52.918, 0, 223.11, 100, 1410, 1215
2026/02/23 16:14:52.918, 1, 54.75, 0, 210, 1215
2026/02/23 16:14:52.919, 2, 57.34, 0, 210, 1215
2026/02/23 16:14:52.919, 3, 55.41, 0, 210, 1215
2026/02/23 16:14:52.969, 0, 223.11, 100, 1410, 1215
2026/02/23 16:14:52.969, 1, 54.75, 0, 210, 1215
2026/02/23 16:14:52.969, 2, 57.34, 0, 210, 1215
2026/02/23 16:14:52.969, 3, 55.41, 0, 210, 1215
2026/02/23 16:14:53.019, 0, 223.34, 100, 1410, 1215
2026/02/23 16:14:53.019, 1, 54.75, 0, 210, 1215
2026/02/23 16:14:53.019, 2, 57.34, 0, 210, 1215
2026/02/23 16:14:53.020, 3, 55.41, 0, 210, 1215
2026/02/23 16:14:53.070, 0, 223.34, 100, 1410, 1215
2026/02/23 16:14:53.070, 1, 54.75, 0, 210, 1215
2026/02/23 16:14:53.070, 2, 57.34, 0, 210, 1215
2026/02/23 16:14:53.070, 3, 55.41, 0, 210, 1215
2026/02/23 16:14:53.120, 0, 222.83, 100, 1410, 1215
2026/02/23 16:14:53.120, 1, 54.75, 0, 210, 1215
2026/02/23 16:14:53.120, 2, 57.34, 0, 210, 1215
2026/02/23 16:14:53.120, 3, 55.41, 0, 210, 1215
2026/02/23 16:14:53.171, 0, 222.83, 100, 1410, 1215
2026/02/23 16:14:53.171, 1, 54.75, 0, 210, 1215
2026/02/23 16:14:53.171, 2, 57.34, 0, 210, 1215
2026/02/23 16:14:53.171, 3, 55.41, 0, 210, 1215
2026/02/23 16:14:53.221, 0, 223.11, 100, 1410, 1215
2026/02/23 16:14:53.221, 1, 54.75, 0, 210, 1215
2026/02/23 16:14:53.221, 2, 57.34, 0, 210, 1215
2026/02/23 16:14:53.221, 3, 55.41, 0, 210, 1215
2026/02/23 16:14:53.272, 0, 223.11, 100, 1410, 1215
2026/02/23 16:14:53.272, 1, 55.03, 0, 210, 1215
2026/02/23 16:14:53.272, 2, 57.06, 0, 210, 1215
2026/02/23 16:14:53.272, 3, 55.41, 0, 210, 1215
2026/02/23 16:14:53.322, 0, 223.34, 100, 1410, 1215
2026/02/23 16:14:53.322, 1, 55.03, 0, 210, 1215
2026/02/23 16:14:53.322, 2, 57.06, 0, 210, 1215
2026/02/23 16:14:53.322, 3, 55.41, 0, 210, 1215
2026/02/23 16:14:53.372, 0, 223.34, 100, 1410, 1215
2026/02/23 16:14:53.373, 1, 54.75, 0, 210, 1215
2026/02/23 16:14:53.373, 2, 57.34, 0, 210, 1215
2026/02/23 16:14:53.373, 3, 55.41, 0, 210, 1215
2026/02/23 16:14:53.423, 0, 223.34, 100, 1410, 1215
2026/02/23 16:14:53.423, 1, 54.75, 0, 210, 1215
2026/02/23 16:14:53.423, 2, 57.34, 0, 210, 1215
2026/02/23 16:14:53.423, 3, 55.41, 0, 210, 1215
2026/02/23 16:14:53.473, 0, 223.34, 100, 1410, 1215
2026/02/23 16:14:53.473, 1, 54.75, 0, 210, 1215
2026/02/23 16:14:53.474, 2, 57.34, 0, 210, 1215
2026/02/23 16:14:53.474, 3, 55.47, 0, 210, 1215
2026/02/23 16:14:53.524, 0, 223.34, 100, 1410, 1215
2026/02/23 16:14:53.524, 1, 54.75, 0, 210, 1215
2026/02/23 16:14:53.524, 2, 57.34, 0, 210, 1215
2026/02/23 16:14:53.524, 3, 55.47, 0, 210, 1215
2026/02/23 16:14:53.574, 0, 223.34, 100, 1410, 1215
2026/02/23 16:14:53.574, 1, 54.75, 0, 210, 1215
2026/02/23 16:14:53.574, 2, 57.34, 0, 210, 1215
2026/02/23 16:14:53.575, 3, 55.41, 0, 210, 1215
2026/02/23 16:14:53.625, 0, 223.34, 100, 1410, 1215
2026/02/23 16:14:53.625, 1, 54.75, 0, 210, 1215
2026/02/23 16:14:53.625, 2, 57.34, 0, 210, 1215
2026/02/23 16:14:53.625, 3, 55.41, 0, 210, 1215
2026/02/23 16:14:53.675, 0, 223.34, 100, 1410, 1215
2026/02/23 16:14:53.675, 1, 54.75, 0, 210, 1215
2026/02/23 16:14:53.675, 2, 57.06, 0, 210, 1215
2026/02/23 16:14:53.675, 3, 55.47, 0, 210, 1215
2026/02/23 16:14:53.726, 0, 223.34, 100, 1410, 1215
2026/02/23 16:14:53.726, 1, 54.75, 0, 210, 1215
2026/02/23 16:14:53.726, 2, 57.06, 0, 210, 1215
2026/02/23 16:14:53.726, 3, 55.47, 0, 210, 1215
2026/02/23 16:14:53.776, 0, 223.34, 100, 1410, 1215
2026/02/23 16:14:53.776, 1, 54.75, 0, 210, 1215
2026/02/23 16:14:53.776, 2, 57.34, 0, 210, 1215
2026/02/23 16:14:53.776, 3, 55.47, 0, 210, 1215
2026/02/23 16:14:53.826, 0, 223.34, 100, 1410, 1215
2026/02/23 16:14:53.827, 1, 54.75, 0, 210, 1215
2026/02/23 16:14:53.827, 2, 57.34, 0, 210, 1215
2026/02/23 16:14:53.827, 3, 55.47, 0, 210, 1215
2026/02/23 16:14:53.877, 0, 223.34, 100, 1410, 1215
2026/02/23 16:14:53.877, 1, 54.75, 0, 210, 1215
2026/02/23 16:14:53.877, 2, 57.34, 0, 210, 1215
2026/02/23 16:14:53.877, 3, 55.41, 0, 210, 1215
2026/02/23 16:14:53.927, 0, 223.34, 100, 1410, 1215
2026/02/23 16:14:53.927, 1, 54.75, 0, 210, 1215
2026/02/23 16:14:53.928, 2, 57.34, 0, 210, 1215
2026/02/23 16:14:53.928, 3, 55.41, 0, 210, 1215
2026/02/23 16:14:53.978, 0, 223.34, 100, 1410, 1215
2026/02/23 16:14:53.978, 1, 54.75, 0, 210, 1215
2026/02/23 16:14:53.978, 2, 57.34, 0, 210, 1215
2026/02/23 16:14:53.978, 3, 55.47, 0, 210, 1215
2026/02/23 16:14:54.028, 0, 223.34, 100, 1410, 1215
2026/02/23 16:14:54.028, 1, 54.75, 0, 210, 1215
2026/02/23 16:14:54.028, 2, 57.34, 0, 210, 1215
2026/02/23 16:14:54.028, 3, 55.47, 0, 210, 1215
2026/02/23 16:14:54.079, 0, 223.34, 100, 1410, 1215
2026/02/23 16:14:54.079, 1, 54.75, 0, 210, 1215
2026/02/23 16:14:54.079, 2, 57.34, 0, 210, 1215
2026/02/23 16:14:54.079, 3, 55.41, 0, 210, 1215
2026/02/23 16:14:54.129, 0, 223.34, 100, 1410, 1215
2026/02/23 16:14:54.129, 1, 54.75, 0, 210, 1215
2026/02/23 16:14:54.129, 2, 57.34, 0, 210, 1215
2026/02/23 16:14:54.129, 3, 55.41, 0, 210, 1215
2026/02/23 16:14:54.180, 0, 223.34, 100, 1410, 1215
2026/02/23 16:14:54.180, 1, 54.75, 0, 210, 1215
2026/02/23 16:14:54.180, 2, 57.34, 0, 210, 1215
2026/02/23 16:14:54.180, 3, 55.41, 0, 210, 1215
2026/02/23 16:14:54.230, 0, 223.34, 100, 1410, 1215
2026/02/23 16:14:54.230, 1, 54.75, 0, 210, 1215
2026/02/23 16:14:54.230, 2, 57.34, 0, 210, 1215
2026/02/23 16:14:54.230, 3, 55.41, 0, 210, 1215
2026/02/23 16:14:54.280, 0, 223.34, 100, 1410, 1215
2026/02/23 16:14:54.281, 1, 54.75, 0, 210, 1215
2026/02/23 16:14:54.281, 2, 57.34, 0, 210, 1215
2026/02/23 16:14:54.281, 3, 55.41, 0, 210, 1215
2026/02/23 16:14:54.331, 0, 223.11, 100, 1410, 1215
2026/02/23 16:14:54.331, 1, 54.75, 0, 210, 1215
2026/02/23 16:14:54.331, 2, 57.34, 0, 210, 1215
2026/02/23 16:14:54.331, 3, 55.41, 0, 210, 1215
2026/02/23 16:14:54.381, 0, 223.11, 100, 1410, 1215
2026/02/23 16:14:54.381, 1, 54.75, 0, 210, 1215
2026/02/23 16:14:54.382, 2, 57.34, 0, 210, 1215
2026/02/23 16:14:54.382, 3, 55.41, 0, 210, 1215
2026/02/23 16:14:54.432, 0, 223.71, 100, 1410, 1215
2026/02/23 16:14:54.432, 1, 54.75, 0, 210, 1215
2026/02/23 16:14:54.432, 2, 57.34, 0, 210, 1215
2026/02/23 16:14:54.432, 3, 55.41, 0, 210, 1215
2026/02/23 16:14:54.482, 0, 223.71, 100, 1410, 1215
2026/02/23 16:14:54.482, 1, 54.75, 0, 210, 1215
2026/02/23 16:14:54.482, 2, 57.34, 0, 210, 1215
2026/02/23 16:14:54.483, 3, 55.41, 0, 210, 1215
2026/02/23 16:14:54.533, 0, 223.67, 100, 1410, 1215
2026/02/23 16:14:54.533, 1, 54.75, 0, 210, 1215
2026/02/23 16:14:54.533, 2, 57.34, 0, 210, 1215
2026/02/23 16:14:54.533, 3, 55.41, 0, 210, 1215
2026/02/23 16:14:54.583, 0, 223.67, 100, 1410, 1215
2026/02/23 16:14:54.583, 1, 54.75, 0, 210, 1215
2026/02/23 16:14:54.583, 2, 57.34, 0, 210, 1215
2026/02/23 16:14:54.583, 3, 55.41, 0, 210, 1215
2026/02/23 16:14:54.634, 0, 223.71, 100, 1410, 1215
2026/02/23 16:14:54.634, 1, 54.75, 0, 210, 1215
2026/02/23 16:14:54.634, 2, 57.34, 0, 210, 1215
2026/02/23 16:14:54.634, 3, 55.41, 0, 210, 1215
2026/02/23 16:14:54.684, 0, 223.71, 100, 1410, 1215
2026/02/23 16:14:54.684, 1, 54.75, 0, 210, 1215
2026/02/23 16:14:54.684, 2, 57.34, 0, 210, 1215
2026/02/23 16:14:54.684, 3, 55.41, 0, 210, 1215
2026/02/23 16:14:54.734, 0, 223.71, 100, 1410, 1215
2026/02/23 16:14:54.734, 1, 54.75, 0, 210, 1215
2026/02/23 16:14:54.735, 2, 57.34, 0, 210, 1215
2026/02/23 16:14:54.735, 3, 55.41, 0, 210, 1215
2026/02/23 16:14:54.785, 0, 223.71, 100, 1410, 1215
2026/02/23 16:14:54.785, 1, 54.75, 0, 210, 1215
2026/02/23 16:14:54.785, 2, 57.34, 0, 210, 1215
2026/02/23 16:14:54.785, 3, 55.41, 0, 210, 1215
2026/02/23 16:14:54.835, 0, 223.71, 100, 1410, 1215
2026/02/23 16:14:54.835, 1, 54.75, 0, 210, 1215
2026/02/23 16:14:54.835, 2, 57.34, 0, 210, 1215
2026/02/23 16:14:54.836, 3, 55.41, 0, 210, 1215
2026/02/23 16:14:54.886, 0, 223.71, 100, 1410, 1215
2026/02/23 16:14:54.886, 1, 54.75, 0, 210, 1215
2026/02/23 16:14:54.886, 2, 57.34, 0, 210, 1215
2026/02/23 16:14:54.886, 3, 55.41, 0, 210, 1215
2026/02/23 16:14:54.936, 0, 223.94, 100, 1410, 1215
2026/02/23 16:14:54.936, 1, 54.75, 0, 210, 1215
2026/02/23 16:14:54.936, 2, 57.34, 0, 210, 1215
2026/02/23 16:14:54.936, 3, 55.41, 0, 210, 1215
2026/02/23 16:14:54.987, 0, 223.94, 100, 1410, 1215
2026/02/23 16:14:54.987, 1, 54.75, 0, 210, 1215
2026/02/23 16:14:54.987, 2, 57.34, 0, 210, 1215
2026/02/23 16:14:54.987, 3, 55.41, 0, 210, 1215
2026/02/23 16:14:55.037, 0, 223.94, 100, 1410, 1215
2026/02/23 16:14:55.037, 1, 54.75, 0, 210, 1215
2026/02/23 16:14:55.037, 2, 57.34, 0, 210, 1215
2026/02/23 16:14:55.037, 3, 55.41, 0, 210, 1215
2026/02/23 16:14:55.087, 0, 223.94, 100, 1410, 1215
2026/02/23 16:14:55.088, 1, 54.75, 0, 210, 1215
2026/02/23 16:14:55.088, 2, 57.34, 0, 210, 1215
2026/02/23 16:14:55.088, 3, 55.41, 0, 210, 1215
2026/02/23 16:14:55.138, 0, 223.99, 100, 1410, 1215
2026/02/23 16:14:55.138, 1, 54.75, 0, 210, 1215
2026/02/23 16:14:55.138, 2, 57.34, 0, 210, 1215
2026/02/23 16:14:55.138, 3, 55.41, 0, 210, 1215
2026/02/23 16:14:55.188, 0, 223.99, 100, 1410, 1215
2026/02/23 16:14:55.188, 1, 54.75, 0, 210, 1215
2026/02/23 16:14:55.189, 2, 57.34, 0, 210, 1215
2026/02/23 16:14:55.189, 3, 55.41, 0, 210, 1215
2026/02/23 16:14:55.239, 0, 223.71, 100, 1410, 1215
2026/02/23 16:14:55.239, 1, 54.75, 0, 210, 1215
2026/02/23 16:14:55.239, 2, 57.34, 0, 210, 1215
2026/02/23 16:14:55.239, 3, 55.41, 0, 210, 1215
2026/02/23 16:14:55.289, 0, 223.71, 100, 1410, 1215
2026/02/23 16:14:55.289, 1, 54.75, 0, 210, 1215
2026/02/23 16:14:55.289, 2, 57.34, 0, 210, 1215
2026/02/23 16:14:55.290, 3, 55.41, 0, 210, 1215
2026/02/23 16:14:55.340, 0, 223.71, 100, 1410, 1215
2026/02/23 16:14:55.340, 1, 54.75, 0, 210, 1215
2026/02/23 16:14:55.340, 2, 57.34, 0, 210, 1215
2026/02/23 16:14:55.340, 3, 55.41, 0, 210, 1215
2026/02/23 16:14:55.390, 0, 223.71, 100, 1410, 1215
2026/02/23 16:14:55.390, 1, 54.75, 0, 210, 1215
2026/02/23 16:14:55.390, 2, 57.34, 0, 210, 1215
2026/02/23 16:14:55.390, 3, 55.41, 0, 210, 1215
2026/02/23 16:14:55.441, 0, 223.67, 100, 1410, 1215
2026/02/23 16:14:55.441, 1, 54.75, 0, 210, 1215
2026/02/23 16:14:55.441, 2, 57.34, 0, 210, 1215
2026/02/23 16:14:55.441, 3, 55.41, 0, 210, 1215
2026/02/23 16:14:55.491, 0, 223.67, 100, 1410, 1215
2026/02/23 16:14:55.491, 1, 54.75, 0, 210, 1215
2026/02/23 16:14:55.491, 2, 57.34, 0, 210, 1215
2026/02/23 16:14:55.491, 3, 55.41, 0, 210, 1215
2026/02/23 16:14:55.541, 0, 223.94, 100, 1410, 1215
2026/02/23 16:14:55.542, 1, 54.97, 0, 210, 1215
2026/02/23 16:14:55.542, 2, 57.34, 0, 210, 1215
2026/02/23 16:14:55.542, 3, 55.41, 0, 210, 1215
2026/02/23 16:14:55.592, 0, 223.94, 100, 1410, 1215
2026/02/23 16:14:55.592, 1, 54.97, 0, 210, 1215
2026/02/23 16:14:55.592, 2, 57.28, 0, 210, 1215
2026/02/23 16:14:55.592, 3, 55.41, 0, 210, 1215
2026/02/23 16:14:55.642, 0, 223.71, 100, 1410, 1215
2026/02/23 16:14:55.642, 1, 54.75, 0, 210, 1215
2026/02/23 16:14:55.643, 2, 57.28, 0, 210, 1215
2026/02/23 16:14:55.643, 3, 55.41, 0, 210, 1215
2026/02/23 16:14:55.693, 0, 223.71, 100, 1410, 1215
2026/02/23 16:14:55.693, 1, 54.75, 0, 210, 1215
2026/02/23 16:14:55.693, 2, 57.34, 0, 210, 1215
2026/02/23 16:14:55.693, 3, 55.41, 0, 210, 1215
2026/02/23 16:14:55.743, 0, 223.71, 100, 1410, 1215
2026/02/23 16:14:55.743, 1, 54.97, 0, 210, 1215
2026/02/23 16:14:55.743, 2, 57.34, 0, 210, 1215
2026/02/23 16:14:55.744, 3, 55.41, 0, 210, 1215
2026/02/23 16:14:55.794, 0, 223.71, 100, 1410, 1215
2026/02/23 16:14:55.794, 1, 54.97, 0, 210, 1215
2026/02/23 16:14:55.794, 2, 57.34, 0, 210, 1215
2026/02/23 16:14:55.794, 3, 55.41, 0, 210, 1215
2026/02/23 16:14:55.844, 0, 223.44, 100, 1410, 1215
2026/02/23 16:14:55.844, 1, 54.75, 0, 210, 1215
2026/02/23 16:14:55.844, 2, 57.34, 0, 210, 1215
2026/02/23 16:14:55.844, 3, 55.41, 0, 210, 1215
2026/02/23 16:14:55.895, 0, 223.44, 100, 1410, 1215
2026/02/23 16:14:55.895, 1, 54.75, 0, 210, 1215
2026/02/23 16:14:55.895, 2, 57.28, 0, 210, 1215
2026/02/23 16:14:55.895, 3, 55.41, 0, 210, 1215
2026/02/23 16:14:55.945, 0, 223.44, 100, 1410, 1215
2026/02/23 16:14:55.945, 1, 54.75, 0, 210, 1215
2026/02/23 16:14:55.945, 2, 57.28, 0, 210, 1215
2026/02/23 16:14:55.945, 3, 55.41, 0, 210, 1215
2026/02/23 16:14:55.996, 0, 223.44, 100, 1410, 1215
2026/02/23 16:14:55.996, 1, 54.75, 0, 210, 1215
2026/02/23 16:14:55.996, 2, 57.34, 0, 210, 1215
2026/02/23 16:14:55.996, 3, 55.41, 0, 210, 1215
2026/02/23 16:14:56.046, 0, 223.44, 100, 1410, 1215
2026/02/23 16:14:56.046, 1, 55.03, 0, 210, 1215
2026/02/23 16:14:56.046, 2, 57.34, 0, 210, 1215
2026/02/23 16:14:56.046, 3, 55.41, 0, 210, 1215
2026/02/23 16:14:56.096, 0, 223.44, 100, 1410, 1215
2026/02/23 16:14:56.097, 1, 55.03, 0, 210, 1215
2026/02/23 16:14:56.097, 2, 57.28, 0, 210, 1215
2026/02/23 16:14:56.097, 3, 55.41, 0, 210, 1215
2026/02/23 16:14:56.147, 0, 223.44, 100, 1410, 1215
2026/02/23 16:14:56.147, 1, 54.75, 0, 210, 1215
2026/02/23 16:14:56.147, 2, 57.34, 0, 210, 1215
2026/02/23 16:14:56.147, 3, 55.41, 0, 210, 1215
2026/02/23 16:14:56.197, 0, 223.44, 100, 1410, 1215
2026/02/23 16:14:56.197, 1, 54.75, 0, 210, 1215
2026/02/23 16:14:56.197, 2, 57.34, 0, 210, 1215
2026/02/23 16:14:56.198, 3, 55.41, 0, 210, 1215
2026/02/23 16:14:56.248, 0, 223.67, 100, 1410, 1215
2026/02/23 16:14:56.248, 1, 55.03, 0, 210, 1215
2026/02/23 16:14:56.248, 2, 57.34, 0, 210, 1215
2026/02/23 16:14:56.248, 3, 55.41, 0, 210, 1215
2026/02/23 16:14:56.298, 0, 223.67, 100, 1410, 1215
2026/02/23 16:14:56.298, 1, 55.03, 0, 210, 1215
2026/02/23 16:14:56.298, 2, 57.34, 0, 210, 1215
2026/02/23 16:14:56.298, 3, 55.41, 0, 210, 1215
2026/02/23 16:14:56.349, 0, 223.44, 100, 1410, 1215
2026/02/23 16:14:56.349, 1, 54.97, 0, 210, 1215
2026/02/23 16:14:56.349, 2, 57.34, 0, 210, 1215
2026/02/23 16:14:56.349, 3, 55.41, 0, 210, 1215
2026/02/23 16:14:56.399, 0, 223.44, 100, 1410, 1215
2026/02/23 16:14:56.399, 1, 54.97, 0, 210, 1215
2026/02/23 16:14:56.399, 2, 57.34, 0, 210, 1215
2026/02/23 16:14:56.399, 3, 55.41, 0, 210, 1215
2026/02/23 16:14:56.450, 0, 223.11, 100, 1410, 1215
2026/02/23 16:14:56.450, 1, 55.03, 0, 210, 1215
2026/02/23 16:14:56.450, 2, 57.34, 0, 210, 1215
2026/02/23 16:14:56.450, 3, 55.41, 0, 210, 1215
2026/02/23 16:14:56.500, 0, 223.11, 100, 1410, 1215
2026/02/23 16:14:56.500, 1, 55.03, 0, 210, 1215
2026/02/23 16:14:56.500, 2, 57.34, 0, 210, 1215
2026/02/23 16:14:56.500, 3, 55.41, 0, 210, 1215
2026/02/23 16:14:56.550, 0, 223.44, 100, 1410, 1215
2026/02/23 16:14:56.551, 1, 55.03, 0, 210, 1215
2026/02/23 16:14:56.551, 2, 57.06, 0, 210, 1215
2026/02/23 16:14:56.551, 3, 55.41, 0, 210, 1215
2026/02/23 16:14:56.601, 0, 223.44, 100, 1410, 1215
2026/02/23 16:14:56.601, 1, 55.03, 0, 210, 1215
2026/02/23 16:14:56.601, 2, 57.06, 0, 210, 1215
2026/02/23 16:14:56.601, 3, 55.41, 0, 210, 1215
2026/02/23 16:14:56.651, 0, 223.34, 100, 1410, 1215
2026/02/23 16:14:56.651, 1, 55.03, 0, 210, 1215
2026/02/23 16:14:56.651, 2, 57.06, 0, 210, 1215
2026/02/23 16:14:56.652, 3, 55.41, 0, 210, 1215
2026/02/23 16:14:56.702, 0, 223.34, 100, 1410, 1215
2026/02/23 16:14:56.702, 1, 55.03, 0, 210, 1215
2026/02/23 16:14:56.702, 2, 57.06, 0, 210, 1215
2026/02/23 16:14:56.702, 3, 55.41, 0, 210, 1215
2026/02/23 16:14:56.752, 0, 223.11, 100, 1410, 1215
2026/02/23 16:14:56.752, 1, 55.03, 0, 210, 1215
2026/02/23 16:14:56.752, 2, 57.06, 0, 210, 1215
2026/02/23 16:14:56.752, 3, 55.41, 0, 210, 1215
2026/02/23 16:14:56.803, 0, 223.11, 100, 1410, 1215
2026/02/23 16:14:56.803, 1, 55.03, 0, 210, 1215
2026/02/23 16:14:56.803, 2, 57.06, 0, 210, 1215
2026/02/23 16:14:56.803, 3, 55.41, 0, 210, 1215
2026/02/23 16:14:56.853, 0, 223.34, 100, 1410, 1215
2026/02/23 16:14:56.853, 1, 54.75, 0, 210, 1215
2026/02/23 16:14:56.853, 2, 57.34, 0, 210, 1215
2026/02/23 16:14:56.853, 3, 55.41, 0, 210, 1215
2026/02/23 16:14:56.904, 0, 223.34, 100, 1410, 1215
2026/02/23 16:14:56.904, 1, 54.75, 0, 210, 1215
2026/02/23 16:14:56.904, 2, 57.34, 0, 210, 1215
2026/02/23 16:14:56.904, 3, 55.41, 0, 210, 1215
2026/02/23 16:14:56.954, 0, 223.44, 100, 1410, 1215
2026/02/23 16:14:56.954, 1, 54.75, 0, 210, 1215
2026/02/23 16:14:56.954, 2, 57.34, 0, 210, 1215
2026/02/23 16:14:56.954, 3, 55.41, 0, 210, 1215
2026/02/23 16:14:57.004, 0, 223.44, 100, 1410, 1215
2026/02/23 16:14:57.005, 1, 54.75, 0, 210, 1215
2026/02/23 16:14:57.005, 2, 57.34, 0, 210, 1215
2026/02/23 16:14:57.005, 3, 55.41, 0, 210, 1215
2026/02/23 16:14:57.055, 0, 223.11, 100, 1410, 1215
2026/02/23 16:14:57.055, 1, 55.03, 0, 210, 1215
2026/02/23 16:14:57.055, 2, 57.34, 0, 210, 1215
2026/02/23 16:14:57.055, 3, 55.41, 0, 210, 1215
2026/02/23 16:14:57.105, 0, 223.11, 100, 1410, 1215
2026/02/23 16:14:57.105, 1, 55.03, 0, 210, 1215
2026/02/23 16:14:57.106, 2, 57.34, 0, 210, 1215
2026/02/23 16:14:57.106, 3, 55.41, 0, 210, 1215
2026/02/23 16:14:57.156, 0, 223.11, 100, 1410, 1215
2026/02/23 16:14:57.156, 1, 54.75, 0, 210, 1215
2026/02/23 16:14:57.156, 2, 57.34, 0, 210, 1215
2026/02/23 16:14:57.156, 3, 55.41, 0, 210, 1215
2026/02/23 16:14:57.206, 0, 223.11, 100, 1410, 1215
2026/02/23 16:14:57.206, 1, 54.75, 0, 210, 1215
2026/02/23 16:14:57.206, 2, 57.34, 0, 210, 1215
2026/02/23 16:14:57.207, 3, 55.41, 0, 210, 1215
2026/02/23 16:14:57.257, 0, 223.11, 100, 1410, 1215
2026/02/23 16:14:57.257, 1, 55.03, 0, 210, 1215
2026/02/23 16:14:57.257, 2, 57.34, 0, 210, 1215
2026/02/23 16:14:57.257, 3, 55.41, 0, 210, 1215
2026/02/23 16:14:57.307, 0, 223.11, 100, 1410, 1215
2026/02/23 16:14:57.307, 1, 55.03, 0, 210, 1215
2026/02/23 16:14:57.307, 2, 57.34, 0, 210, 1215
2026/02/23 16:14:57.307, 3, 55.41, 0, 210, 1215
2026/02/23 16:14:57.358, 0, 223.44, 100, 1410, 1215
2026/02/23 16:14:57.358, 1, 54.75, 0, 210, 1215
2026/02/23 16:14:57.358, 2, 57.34, 0, 210, 1215
2026/02/23 16:14:57.358, 3, 55.41, 0, 210, 1215
2026/02/23 16:14:57.408, 0, 223.44, 100, 1410, 1215
2026/02/23 16:14:57.408, 1, 54.75, 0, 210, 1215
2026/02/23 16:14:57.408, 2, 57.34, 0, 210, 1215
2026/02/23 16:14:57.408, 3, 55.41, 0, 210, 1215
2026/02/23 16:14:57.458, 0, 223.11, 100, 1410, 1215
2026/02/23 16:14:57.459, 1, 55.03, 0, 210, 1215
2026/02/23 16:14:57.459, 2, 57.34, 0, 210, 1215
2026/02/23 16:14:57.459, 3, 55.41, 0, 210, 1215
2026/02/23 16:14:57.509, 0, 223.11, 100, 1410, 1215
2026/02/23 16:14:57.509, 1, 55.03, 0, 210, 1215
2026/02/23 16:14:57.509, 2, 57.34, 0, 210, 1215
2026/02/23 16:14:57.509, 3, 55.41, 0, 210, 1215
2026/02/23 16:14:57.559, 0, 223.44, 100, 1410, 1215
2026/02/23 16:14:57.559, 1, 54.75, 0, 210, 1215
2026/02/23 16:14:57.560, 2, 57.34, 0, 210, 1215
2026/02/23 16:14:57.560, 3, 55.41, 0, 210, 1215
2026/02/23 16:14:57.610, 0, 223.44, 100, 1410, 1215
2026/02/23 16:14:57.610, 1, 54.75, 0, 210, 1215
2026/02/23 16:14:57.610, 2, 57.34, 0, 210, 1215
2026/02/23 16:14:57.610, 3, 55.41, 0, 210, 1215
2026/02/23 16:14:57.660, 0, 223.34, 100, 1410, 1215
2026/02/23 16:14:57.660, 1, 54.75, 0, 210, 1215
2026/02/23 16:14:57.660, 2, 57.34, 0, 210, 1215
2026/02/23 16:14:57.661, 3, 55.41, 0, 210, 1215
2026/02/23 16:14:57.711, 0, 223.34, 100, 1410, 1215
2026/02/23 16:14:57.711, 1, 54.75, 0, 210, 1215
2026/02/23 16:14:57.711, 2, 57.34, 0, 210, 1215
2026/02/23 16:14:57.711, 3, 55.41, 0, 210, 1215
2026/02/23 16:14:57.761, 0, 223.44, 100, 1410, 1215
2026/02/23 16:14:57.761, 1, 54.70, 0, 210, 1215
2026/02/23 16:14:57.761, 2, 57.34, 0, 210, 1215
2026/02/23 16:14:57.761, 3, 55.41, 0, 210, 1215
2026/02/23 16:14:57.812, 0, 223.44, 100, 1410, 1215
2026/02/23 16:14:57.812, 1, 54.70, 0, 210, 1215
2026/02/23 16:14:57.812, 2, 57.34, 0, 210, 1215
2026/02/23 16:14:57.812, 3, 55.41, 0, 210, 1215
2026/02/23 16:14:57.862, 0, 223.44, 100, 1410, 1215
2026/02/23 16:14:57.862, 1, 55.03, 0, 210, 1215
2026/02/23 16:14:57.862, 2, 57.34, 0, 210, 1215
2026/02/23 16:14:57.862, 3, 55.41, 0, 210, 1215
2026/02/23 16:14:57.912, 0, 223.44, 100, 1410, 1215
2026/02/23 16:14:57.913, 1, 55.03, 0, 210, 1215
2026/02/23 16:14:57.913, 2, 57.34, 0, 210, 1215
2026/02/23 16:14:57.913, 3, 55.41, 0, 210, 1215
2026/02/23 16:14:57.963, 0, 223.11, 100, 1410, 1215
2026/02/23 16:14:57.963, 1, 54.75, 0, 210, 1215
2026/02/23 16:14:57.963, 2, 57.34, 0, 210, 1215
2026/02/23 16:14:57.963, 3, 55.41, 0, 210, 1215
2026/02/23 16:14:58.013, 0, 223.71, 100, 1410, 1215
2026/02/23 16:14:58.013, 1, 54.75, 0, 210, 1215
2026/02/23 16:14:58.014, 2, 57.34, 0, 210, 1215
2026/02/23 16:14:58.014, 3, 55.41, 0, 210, 1215
2026/02/23 16:14:58.064, 0, 223.71, 100, 1410, 1215
2026/02/23 16:14:58.064, 1, 55.03, 0, 210, 1215
2026/02/23 16:14:58.064, 2, 57.34, 0, 210, 1215
2026/02/23 16:14:58.064, 3, 55.41, 0, 210, 1215
2026/02/23 16:14:58.114, 0, 223.94, 100, 1410, 1215
2026/02/23 16:14:58.114, 1, 55.03, 0, 210, 1215
2026/02/23 16:14:58.114, 2, 57.34, 0, 210, 1215
2026/02/23 16:14:58.115, 3, 55.41, 0, 210, 1215
2026/02/23 16:14:58.165, 0, 223.94, 100, 1410, 1215
2026/02/23 16:14:58.165, 1, 54.75, 0, 210, 1215
2026/02/23 16:14:58.165, 2, 57.34, 0, 210, 1215
2026/02/23 16:14:58.165, 3, 55.41, 0, 210, 1215
2026/02/23 16:14:58.215, 0, 223.71, 100, 1410, 1215
2026/02/23 16:14:58.215, 1, 54.75, 0, 210, 1215
2026/02/23 16:14:58.215, 2, 57.34, 0, 210, 1215
2026/02/23 16:14:58.215, 3, 55.41, 0, 210, 1215
2026/02/23 16:14:58.266, 0, 223.71, 100, 1410, 1215
2026/02/23 16:14:58.266, 1, 54.75, 0, 210, 1215
2026/02/23 16:14:58.266, 2, 57.34, 0, 210, 1215
2026/02/23 16:14:58.266, 3, 55.41, 0, 210, 1215
2026/02/23 16:14:58.316, 0, 223.99, 100, 1410, 1215
2026/02/23 16:14:58.316, 1, 54.75, 0, 210, 1215
2026/02/23 16:14:58.316, 2, 57.34, 0, 210, 1215
2026/02/23 16:14:58.316, 3, 55.41, 0, 210, 1215
2026/02/23 16:14:58.367, 0, 223.99, 100, 1410, 1215
2026/02/23 16:14:58.367, 1, 54.75, 0, 210, 1215
2026/02/23 16:14:58.367, 2, 57.34, 0, 210, 1215
2026/02/23 16:14:58.367, 3, 55.41, 0, 210, 1215
2026/02/23 16:14:58.417, 0, 223.71, 100, 1410, 1215
2026/02/23 16:14:58.417, 1, 54.75, 0, 210, 1215
2026/02/23 16:14:58.417, 2, 57.34, 0, 210, 1215
2026/02/23 16:14:58.417, 3, 55.41, 0, 210, 1215
2026/02/23 16:14:58.467, 0, 223.71, 100, 1410, 1215
2026/02/23 16:14:58.468, 1, 54.75, 0, 210, 1215
2026/02/23 16:14:58.468, 2, 57.28, 0, 210, 1215
2026/02/23 16:14:58.468, 3, 55.41, 0, 210, 1215
2026/02/23 16:14:58.518, 0, 223.99, 100, 1410, 1215
2026/02/23 16:14:58.518, 1, 54.75, 0, 210, 1215
2026/02/23 16:14:58.518, 2, 57.28, 0, 210, 1215
2026/02/23 16:14:58.518, 3, 55.41, 0, 210, 1215
2026/02/23 16:14:58.568, 0, 223.99, 100, 1410, 1215
2026/02/23 16:14:58.568, 1, 54.75, 0, 210, 1215
2026/02/23 16:14:58.568, 2, 57.34, 0, 210, 1215
2026/02/23 16:14:58.569, 3, 55.41, 0, 210, 1215
2026/02/23 16:14:58.619, 0, 223.99, 100, 1410, 1215
2026/02/23 16:14:58.619, 1, 54.75, 0, 210, 1215
2026/02/23 16:14:58.619, 2, 57.34, 0, 210, 1215
2026/02/23 16:14:58.619, 3, 55.41, 0, 210, 1215
2026/02/23 16:14:58.669, 0, 223.99, 100, 1410, 1215
2026/02/23 16:14:58.669, 1, 54.75, 0, 210, 1215
2026/02/23 16:14:58.669, 2, 57.34, 0, 210, 1215
2026/02/23 16:14:58.669, 3, 55.41, 0, 210, 1215
2026/02/23 16:14:58.719, 0, 223.99, 100, 1410, 1215
2026/02/23 16:14:58.720, 1, 54.75, 0, 210, 1215
2026/02/23 16:14:58.720, 2, 57.34, 0, 210, 1215
2026/02/23 16:14:58.720, 3, 55.41, 0, 210, 1215
2026/02/23 16:14:58.770, 0, 223.99, 100, 1410, 1215
2026/02/23 16:14:58.770, 1, 54.75, 0, 210, 1215
2026/02/23 16:14:58.770, 2, 57.34, 0, 210, 1215
2026/02/23 16:14:58.770, 3, 55.41, 0, 210, 1215
2026/02/23 16:14:58.820, 0, 223.67, 100, 1410, 1215
2026/02/23 16:14:58.820, 1, 54.75, 0, 210, 1215
2026/02/23 16:14:58.821, 2, 57.34, 0, 210, 1215
2026/02/23 16:14:58.821, 3, 55.41, 0, 210, 1215
2026/02/23 16:14:58.871, 0, 223.67, 100, 1410, 1215
2026/02/23 16:14:58.871, 1, 54.75, 0, 210, 1215
2026/02/23 16:14:58.871, 2, 57.34, 0, 210, 1215
2026/02/23 16:14:58.871, 3, 55.41, 0, 210, 1215
2026/02/23 16:14:58.921, 0, 223.71, 100, 1410, 1215
2026/02/23 16:14:58.921, 1, 54.75, 0, 210, 1215
2026/02/23 16:14:58.921, 2, 57.34, 0, 210, 1215
2026/02/23 16:14:58.922, 3, 55.41, 0, 210, 1215
2026/02/23 16:14:58.972, 0, 223.71, 100, 1410, 1215
2026/02/23 16:14:58.972, 1, 55.03, 0, 210, 1215
2026/02/23 16:14:58.972, 2, 57.34, 0, 210, 1215
2026/02/23 16:14:58.972, 3, 55.41, 0, 210, 1215
2026/02/23 16:14:59.022, 0, 223.94, 100, 1410, 1215
2026/02/23 16:14:59.022, 1, 55.03, 0, 210, 1215
2026/02/23 16:14:59.022, 2, 57.34, 0, 210, 1215
2026/02/23 16:14:59.022, 3, 55.41, 0, 210, 1215
2026/02/23 16:14:59.073, 0, 223.94, 100, 1410, 1215
2026/02/23 16:14:59.073, 1, 54.75, 0, 210, 1215
2026/02/23 16:14:59.073, 2, 57.34, 0, 210, 1215
2026/02/23 16:14:59.073, 3, 55.41, 0, 210, 1215
2026/02/23 16:14:59.123, 0, 223.99, 100, 1410, 1215
2026/02/23 16:14:59.123, 1, 54.75, 0, 210, 1215
2026/02/23 16:14:59.123, 2, 57.34, 0, 210, 1215
2026/02/23 16:14:59.123, 3, 55.41, 0, 210, 1215
2026/02/23 16:14:59.173, 0, 223.99, 100, 1410, 1215
2026/02/23 16:14:59.174, 1, 55.03, 0, 210, 1215
2026/02/23 16:14:59.174, 2, 57.28, 0, 210, 1215
2026/02/23 16:14:59.174, 3, 55.41, 0, 210, 1215
2026/02/23 16:14:59.224, 0, 223.71, 100, 1410, 1215
2026/02/23 16:14:59.224, 1, 55.03, 0, 210, 1215
2026/02/23 16:14:59.224, 2, 57.28, 0, 210, 1215
2026/02/23 16:14:59.224, 3, 55.41, 0, 210, 1215
2026/02/23 16:14:59.274, 0, 223.71, 100, 1410, 1215
2026/02/23 16:14:59.274, 1, 54.75, 0, 210, 1215
2026/02/23 16:14:59.275, 2, 57.34, 0, 210, 1215
2026/02/23 16:14:59.275, 3, 55.41, 0, 210, 1215
2026/02/23 16:14:59.325, 0, 223.94, 100, 1410, 1215
2026/02/23 16:14:59.325, 1, 54.75, 0, 210, 1215
2026/02/23 16:14:59.325, 2, 57.34, 0, 210, 1215
2026/02/23 16:14:59.325, 3, 55.41, 0, 210, 1215
2026/02/23 16:14:59.375, 0, 223.94, 100, 1410, 1215
2026/02/23 16:14:59.375, 1, 54.75, 0, 210, 1215
2026/02/23 16:14:59.375, 2, 57.34, 0, 210, 1215
2026/02/23 16:14:59.376, 3, 55.41, 0, 210, 1215
2026/02/23 16:14:59.426, 0, 223.71, 100, 1410, 1215
2026/02/23 16:14:59.426, 1, 54.75, 0, 210, 1215
2026/02/23 16:14:59.426, 2, 57.34, 0, 210, 1215
2026/02/23 16:14:59.426, 3, 55.41, 0, 210, 1215
2026/02/23 16:14:59.476, 0, 223.71, 100, 1410, 1215
2026/02/23 16:14:59.476, 1, 54.97, 0, 210, 1215
2026/02/23 16:14:59.476, 2, 57.34, 0, 210, 1215
2026/02/23 16:14:59.476, 3, 55.41, 0, 210, 1215
2026/02/23 16:14:59.527, 0, 223.44, 100, 1410, 1215
2026/02/23 16:14:59.527, 1, 54.97, 0, 210, 1215
2026/02/23 16:14:59.527, 2, 57.34, 0, 210, 1215
2026/02/23 16:14:59.527, 3, 55.41, 0, 210, 1215
2026/02/23 16:14:59.577, 0, 223.44, 100, 1410, 1215
2026/02/23 16:14:59.577, 1, 55.03, 0, 210, 1215
2026/02/23 16:14:59.577, 2, 57.34, 0, 210, 1215
2026/02/23 16:14:59.577, 3, 55.41, 0, 210, 1215
2026/02/23 16:14:59.627, 0, 223.67, 100, 1410, 1215
2026/02/23 16:14:59.628, 1, 55.03, 0, 210, 1215
2026/02/23 16:14:59.628, 2, 57.34, 0, 210, 1215
2026/02/23 16:14:59.628, 3, 55.41, 0, 210, 1215
2026/02/23 16:14:59.678, 0, 223.67, 100, 1410, 1215
2026/02/23 16:14:59.678, 1, 54.75, 0, 210, 1215
2026/02/23 16:14:59.678, 2, 57.34, 0, 210, 1215
2026/02/23 16:14:59.678, 3, 55.41, 0, 210, 1215
2026/02/23 16:14:59.728, 0, 223.71, 100, 1410, 1215
2026/02/23 16:14:59.728, 1, 54.75, 0, 210, 1215
2026/02/23 16:14:59.729, 2, 57.34, 0, 210, 1215
2026/02/23 16:14:59.729, 3, 55.41, 0, 210, 1215
2026/02/23 16:14:59.779, 0, 223.71, 100, 1410, 1215
2026/02/23 16:14:59.779, 1, 54.75, 0, 210, 1215
2026/02/23 16:14:59.779, 2, 57.34, 0, 210, 1215
2026/02/23 16:14:59.779, 3, 55.41, 0, 210, 1215
2026/02/23 16:14:59.829, 0, 223.67, 100, 1410, 1215
2026/02/23 16:14:59.829, 1, 54.75, 0, 210, 1215
2026/02/23 16:14:59.829, 2, 57.34, 0, 210, 1215
2026/02/23 16:14:59.830, 3, 55.41, 0, 210, 1215
2026/02/23 16:14:59.880, 0, 223.67, 100, 1410, 1215
2026/02/23 16:14:59.880, 1, 54.75, 0, 210, 1215
2026/02/23 16:14:59.880, 2, 57.34, 0, 210, 1215
2026/02/23 16:14:59.880, 3, 55.41, 0, 210, 1215
2026/02/23 16:14:59.930, 0, 223.44, 100, 1410, 1215
2026/02/23 16:14:59.930, 1, 54.75, 0, 210, 1215
2026/02/23 16:14:59.930, 2, 57.34, 0, 210, 1215
2026/02/23 16:14:59.930, 3, 55.41, 0, 210, 1215
2026/02/23 16:14:59.981, 0, 223.44, 100, 1410, 1215
2026/02/23 16:14:59.981, 1, 55.03, 0, 210, 1215
2026/02/23 16:14:59.981, 2, 57.34, 0, 210, 1215
2026/02/23 16:14:59.981, 3, 55.41, 0, 210, 1215
2026/02/23 16:15:00.031, 0, 223.44, 100, 1410, 1215
2026/02/23 16:15:00.031, 1, 55.03, 0, 210, 1215
2026/02/23 16:15:00.031, 2, 57.34, 0, 210, 1215
2026/02/23 16:15:00.031, 3, 55.41, 0, 210, 1215
2026/02/23 16:15:00.081, 0, 223.44, 100, 1410, 1215
2026/02/23 16:15:00.082, 1, 54.75, 0, 210, 1215
2026/02/23 16:15:00.082, 2, 57.34, 0, 210, 1215
2026/02/23 16:15:00.082, 3, 55.41, 0, 210, 1215
2026/02/23 16:15:00.132, 0, 223.34, 100, 1410, 1215
2026/02/23 16:15:00.132, 1, 54.75, 0, 210, 1215
2026/02/23 16:15:00.132, 2, 57.34, 0, 210, 1215
2026/02/23 16:15:00.132, 3, 55.41, 0, 210, 1215
2026/02/23 16:15:00.182, 0, 223.34, 100, 1410, 1215
2026/02/23 16:15:00.182, 1, 54.75, 0, 210, 1215
2026/02/23 16:15:00.183, 2, 57.34, 0, 210, 1215
2026/02/23 16:15:00.183, 3, 55.41, 0, 210, 1215
2026/02/23 16:15:00.233, 0, 223.67, 100, 1410, 1215
2026/02/23 16:15:00.233, 1, 54.75, 0, 210, 1215
2026/02/23 16:15:00.233, 2, 57.34, 0, 210, 1215
2026/02/23 16:15:00.233, 3, 55.41, 0, 210, 1215
2026/02/23 16:15:00.283, 0, 223.67, 100, 1410, 1215
2026/02/23 16:15:00.283, 1, 54.75, 0, 210, 1215
2026/02/23 16:15:00.283, 2, 57.34, 0, 210, 1215
2026/02/23 16:15:00.284, 3, 55.41, 0, 210, 1215
2026/02/23 16:15:00.334, 0, 223.34, 100, 1410, 1215
2026/02/23 16:15:00.334, 1, 54.75, 0, 210, 1215
2026/02/23 16:15:00.334, 2, 57.34, 0, 210, 1215
2026/02/23 16:15:00.334, 3, 55.41, 0, 210, 1215
2026/02/23 16:15:00.384, 0, 223.34, 100, 1410, 1215
2026/02/23 16:15:00.384, 1, 54.75, 0, 210, 1215
2026/02/23 16:15:00.384, 2, 57.34, 0, 210, 1215
2026/02/23 16:15:00.384, 3, 55.47, 0, 210, 1215
2026/02/23 16:15:00.435, 0, 223.67, 100, 1410, 1215
2026/02/23 16:15:00.435, 1, 54.75, 0, 210, 1215
2026/02/23 16:15:00.435, 2, 57.34, 0, 210, 1215
2026/02/23 16:15:00.435, 3, 55.47, 0, 210, 1215
2026/02/23 16:15:00.485, 0, 223.67, 100, 1410, 1215
2026/02/23 16:15:00.485, 1, 54.75, 0, 210, 1215
2026/02/23 16:15:00.485, 2, 57.34, 0, 210, 1215
2026/02/23 16:15:00.485, 3, 55.47, 0, 210, 1215
2026/02/23 16:15:00.535, 0, 223.44, 100, 1410, 1215
2026/02/23 16:15:00.536, 1, 54.75, 0, 210, 1215
2026/02/23 16:15:00.536, 2, 57.34, 0, 210, 1215
2026/02/23 16:15:00.536, 3, 55.47, 0, 210, 1215
2026/02/23 16:15:00.586, 0, 223.44, 100, 1410, 1215
2026/02/23 16:15:00.586, 1, 55.03, 0, 210, 1215
2026/02/23 16:15:00.586, 2, 57.06, 0, 210, 1215
2026/02/23 16:15:00.586, 3, 55.41, 0, 210, 1215
2026/02/23 16:15:00.636, 0, 223.67, 100, 1410, 1215
2026/02/23 16:15:00.636, 1, 55.03, 0, 210, 1215
2026/02/23 16:15:00.637, 2, 57.06, 0, 210, 1215
2026/02/23 16:15:00.637, 3, 55.41, 0, 210, 1215
2026/02/23 16:15:00.687, 0, 223.67, 100, 1410, 1215
2026/02/23 16:15:00.687, 1, 54.75, 0, 210, 1215
2026/02/23 16:15:00.687, 2, 57.34, 0, 210, 1215
2026/02/23 16:15:00.687, 3, 55.41, 0, 210, 1215
2026/02/23 16:15:00.737, 0, 223.11, 100, 1410, 1215
2026/02/23 16:15:00.737, 1, 54.75, 0, 210, 1215
2026/02/23 16:15:00.737, 2, 57.34, 0, 210, 1215
2026/02/23 16:15:00.738, 3, 55.41, 0, 210, 1215
2026/02/23 16:15:00.788, 0, 223.11, 100, 1410, 1215
2026/02/23 16:15:00.788, 1, 54.75, 0, 210, 1215
2026/02/23 16:15:00.788, 2, 57.34, 0, 210, 1215
2026/02/23 16:15:00.788, 3, 55.41, 0, 210, 1215
2026/02/23 16:15:00.838, 0, 223.67, 100, 1410, 1215
2026/02/23 16:15:00.838, 1, 54.75, 0, 210, 1215
2026/02/23 16:15:00.838, 2, 57.34, 0, 210, 1215
2026/02/23 16:15:00.838, 3, 55.41, 0, 210, 1215
2026/02/23 16:15:00.889, 0, 223.67, 100, 1410, 1215
2026/02/23 16:15:00.889, 1, 54.75, 0, 210, 1215
2026/02/23 16:15:00.889, 2, 57.34, 0, 210, 1215
2026/02/23 16:15:00.889, 3, 55.41, 0, 210, 1215
2026/02/23 16:15:00.939, 0, 223.34, 100, 1410, 1215
2026/02/23 16:15:00.939, 1, 55.03, 0, 210, 1215
2026/02/23 16:15:00.939, 2, 57.34, 0, 210, 1215
2026/02/23 16:15:00.939, 3, 55.41, 0, 210, 1215
2026/02/23 16:15:00.989, 0, 223.34, 100, 1410, 1215
2026/02/23 16:15:00.990, 1, 55.03, 0, 210, 1215
2026/02/23 16:15:00.990, 2, 57.34, 0, 210, 1215
2026/02/23 16:15:00.990, 3, 55.41, 0, 210, 1215
2026/02/23 16:15:01.040, 0, 223.44, 100, 1410, 1215
2026/02/23 16:15:01.040, 1, 54.75, 0, 210, 1215
2026/02/23 16:15:01.040, 2, 57.34, 0, 210, 1215
2026/02/23 16:15:01.040, 3, 55.41, 0, 210, 1215
2026/02/23 16:15:01.090, 0, 223.44, 100, 1410, 1215
2026/02/23 16:15:01.090, 1, 54.75, 0, 210, 1215
2026/02/23 16:15:01.091, 2, 57.28, 0, 210, 1215
2026/02/23 16:15:01.091, 3, 55.41, 0, 210, 1215
2026/02/23 16:15:01.141, 0, 223.67, 100, 1410, 1215
2026/02/23 16:15:01.141, 1, 54.75, 0, 210, 1215
2026/02/23 16:15:01.141, 2, 57.28, 0, 210, 1215
2026/02/23 16:15:01.141, 3, 55.41, 0, 210, 1215
2026/02/23 16:15:01.191, 0, 223.67, 100, 1410, 1215
2026/02/23 16:15:01.191, 1, 54.75, 0, 210, 1215
2026/02/23 16:15:01.191, 2, 57.34, 0, 210, 1215
2026/02/23 16:15:01.192, 3, 55.41, 0, 210, 1215
2026/02/23 16:15:01.242, 0, 223.11, 100, 1410, 1215
2026/02/23 16:15:01.242, 1, 54.75, 0, 210, 1215
2026/02/23 16:15:01.242, 2, 57.34, 0, 210, 1215
2026/02/23 16:15:01.242, 3, 55.41, 0, 210, 1215
2026/02/23 16:15:01.292, 0, 223.11, 100, 1410, 1215
2026/02/23 16:15:01.292, 1, 54.75, 0, 210, 1215
2026/02/23 16:15:01.292, 2, 57.28, 0, 210, 1215
2026/02/23 16:15:01.292, 3, 55.41, 0, 210, 1215
2026/02/23 16:15:01.343, 0, 224.32, 100, 1410, 1215
2026/02/23 16:15:01.343, 1, 54.75, 0, 210, 1215
2026/02/23 16:15:01.343, 2, 57.28, 0, 210, 1215
2026/02/23 16:15:01.343, 3, 55.41, 0, 210, 1215
2026/02/23 16:15:01.393, 0, 224.32, 100, 1410, 1215
2026/02/23 16:15:01.394, 1, 54.75, 0, 210, 1215
2026/02/23 16:15:01.394, 2, 57.34, 0, 210, 1215
2026/02/23 16:15:01.394, 3, 55.41, 0, 210, 1215
2026/02/23 16:15:01.444, 0, 223.99, 100, 1410, 1215
2026/02/23 16:15:01.444, 1, 54.75, 0, 210, 1215
2026/02/23 16:15:01.445, 2, 57.34, 0, 210, 1215
2026/02/23 16:15:01.445, 3, 55.41, 0, 210, 1215
2026/02/23 16:15:01.495, 0, 223.99, 100, 1410, 1215
2026/02/23 16:15:01.495, 1, 54.75, 0, 210, 1215
2026/02/23 16:15:01.495, 2, 57.34, 0, 210, 1215
2026/02/23 16:15:01.495, 3, 55.41, 0, 210, 1215
2026/02/23 16:15:01.545, 0, 224.32, 100, 1410, 1215
2026/02/23 16:15:01.545, 1, 54.75, 0, 210, 1215
2026/02/23 16:15:01.545, 2, 57.34, 0, 210, 1215
2026/02/23 16:15:01.546, 3, 55.41, 0, 210, 1215
2026/02/23 16:15:01.596, 0, 224.32, 100, 1410, 1215
2026/02/23 16:15:01.596, 1, 54.75, 0, 210, 1215
2026/02/23 16:15:01.596, 2, 57.34, 0, 210, 1215
2026/02/23 16:15:01.596, 3, 55.41, 0, 210, 1215
2026/02/23 16:15:01.646, 0, 224.21, 100, 1410, 1215
2026/02/23 16:15:01.646, 1, 54.75, 0, 210, 1215
2026/02/23 16:15:01.646, 2, 57.34, 0, 210, 1215
2026/02/23 16:15:01.646, 3, 55.41, 0, 210, 1215
2026/02/23 16:15:01.697, 0, 224.21, 100, 1410, 1215
2026/02/23 16:15:01.697, 1, 54.75, 0, 210, 1215
2026/02/23 16:15:01.697, 2, 57.34, 0, 210, 1215
2026/02/23 16:15:01.697, 3, 55.41, 0, 210, 1215
2026/02/23 16:15:01.747, 0, 224.21, 100, 1410, 1215
2026/02/23 16:15:01.747, 1, 54.75, 0, 210, 1215
2026/02/23 16:15:01.747, 2, 57.34, 0, 210, 1215
2026/02/23 16:15:01.747, 3, 55.41, 0, 210, 1215
2026/02/23 16:15:01.798, 0, 224.21, 100, 1410, 1215
2026/02/23 16:15:01.798, 1, 54.75, 0, 210, 1215
2026/02/23 16:15:01.798, 2, 57.34, 0, 210, 1215
2026/02/23 16:15:01.798, 3, 55.41, 0, 210, 1215
2026/02/23 16:15:01.848, 0, 224.21, 100, 1410, 1215
2026/02/23 16:15:01.848, 1, 54.75, 0, 210, 1215
2026/02/23 16:15:01.848, 2, 57.34, 0, 210, 1215
2026/02/23 16:15:01.848, 3, 55.41, 0, 210, 1215
2026/02/23 16:15:01.898, 0, 224.21, 100, 1410, 1215
2026/02/23 16:15:01.899, 1, 54.75, 0, 210, 1215
2026/02/23 16:15:01.899, 2, 57.34, 0, 210, 1215
2026/02/23 16:15:01.899, 3, 55.41, 0, 210, 1215
2026/02/23 16:15:01.949, 0, 223.99, 100, 1410, 1215
2026/02/23 16:15:01.949, 1, 54.75, 0, 210, 1215
2026/02/23 16:15:01.949, 2, 57.34, 0, 210, 1215
2026/02/23 16:15:01.949, 3, 55.41, 0, 210, 1215
2026/02/23 16:15:01.999, 0, 223.99, 100, 1410, 1215
2026/02/23 16:15:01.999, 1, 54.75, 0, 210, 1215
2026/02/23 16:15:02.000, 2, 57.34, 0, 210, 1215
2026/02/23 16:15:02.000, 3, 55.41, 0, 210, 1215
2026/02/23 16:15:02.050, 0, 223.99, 100, 1410, 1215
2026/02/23 16:15:02.050, 1, 54.70, 0, 210, 1215
2026/02/23 16:15:02.050, 2, 57.34, 0, 210, 1215
2026/02/23 16:15:02.050, 3, 55.41, 0, 210, 1215
2026/02/23 16:15:02.100, 0, 223.99, 100, 1410, 1215
2026/02/23 16:15:02.100, 1, 54.70, 0, 210, 1215
2026/02/23 16:15:02.100, 2, 57.34, 0, 210, 1215
2026/02/23 16:15:02.100, 3, 55.41, 0, 210, 1215
2026/02/23 16:15:02.151, 0, 223.99, 100, 1410, 1215
2026/02/23 16:15:02.151, 1, 54.75, 0, 210, 1215
2026/02/23 16:15:02.151, 2, 57.28, 0, 210, 1215
2026/02/23 16:15:02.151, 3, 55.41, 0, 210, 1215
2026/02/23 16:15:02.201, 0, 223.99, 100, 1410, 1215
2026/02/23 16:15:02.201, 1, 54.75, 0, 210, 1215
2026/02/23 16:15:02.201, 2, 57.28, 0, 210, 1215
2026/02/23 16:15:02.201, 3, 55.41, 0, 210, 1215
2026/02/23 16:15:02.252, 0, 223.99, 100, 1410, 1215
2026/02/23 16:15:02.252, 1, 54.75, 0, 210, 1215
2026/02/23 16:15:02.252, 2, 57.28, 0, 210, 1215
2026/02/23 16:15:02.252, 3, 55.41, 0, 210, 1215
2026/02/23 16:15:02.302, 0, 223.99, 100, 1410, 1215
2026/02/23 16:15:02.302, 1, 54.75, 0, 210, 1215
2026/02/23 16:15:02.302, 2, 57.28, 0, 210, 1215
2026/02/23 16:15:02.302, 3, 55.41, 0, 210, 1215
2026/02/23 16:15:02.352, 0, 223.71, 100, 1410, 1215
2026/02/23 16:15:02.353, 1, 54.75, 0, 210, 1215
2026/02/23 16:15:02.353, 2, 57.28, 0, 210, 1215
2026/02/23 16:15:02.353, 3, 55.41, 0, 210, 1215
2026/02/23 16:15:02.403, 0, 223.71, 100, 1410, 1215
2026/02/23 16:15:02.403, 1, 54.75, 0, 210, 1215
2026/02/23 16:15:02.403, 2, 57.28, 0, 210, 1215
2026/02/23 16:15:02.403, 3, 55.41, 0, 210, 1215
2026/02/23 16:15:02.453, 0, 223.71, 100, 1410, 1215
2026/02/23 16:15:02.453, 1, 54.75, 0, 210, 1215
2026/02/23 16:15:02.454, 2, 57.34, 0, 210, 1215
2026/02/23 16:15:02.454, 3, 55.41, 0, 210, 1215
2026/02/23 16:15:02.504, 0, 223.71, 100, 1410, 1215
2026/02/23 16:15:02.504, 1, 54.75, 0, 210, 1215
2026/02/23 16:15:02.504, 2, 57.34, 0, 210, 1215
2026/02/23 16:15:02.504, 3, 55.41, 0, 210, 1215
2026/02/23 16:15:02.554, 0, 223.99, 100, 1410, 1215
2026/02/23 16:15:02.554, 1, 54.70, 0, 210, 1215
2026/02/23 16:15:02.554, 2, 57.28, 0, 210, 1215
2026/02/23 16:15:02.555, 3, 55.41, 0, 210, 1215
2026/02/23 16:15:02.605, 0, 223.99, 100, 1410, 1215
2026/02/23 16:15:02.605, 1, 54.70, 0, 210, 1215
2026/02/23 16:15:02.605, 2, 57.28, 0, 210, 1215
2026/02/23 16:15:02.605, 3, 55.41, 0, 210, 1215
2026/02/23 16:15:02.655, 0, 223.71, 100, 1410, 1215
2026/02/23 16:15:02.655, 1, 54.75, 0, 210, 1215
2026/02/23 16:15:02.655, 2, 57.28, 0, 210, 1215
2026/02/23 16:15:02.655, 3, 55.41, 0, 210, 1215
2026/02/23 16:15:02.706, 0, 223.71, 100, 1410, 1215
2026/02/23 16:15:02.706, 1, 54.75, 0, 210, 1215
2026/02/23 16:15:02.706, 2, 57.28, 0, 210, 1215
2026/02/23 16:15:02.706, 3, 55.41, 0, 210, 1215
2026/02/23 16:15:02.756, 0, 223.71, 100, 1410, 1215
2026/02/23 16:15:02.756, 1, 54.75, 0, 210, 1215
2026/02/23 16:15:02.756, 2, 57.34, 0, 210, 1215
2026/02/23 16:15:02.756, 3, 55.41, 0, 210, 1215
2026/02/23 16:15:02.807, 0, 223.71, 100, 1410, 1215
2026/02/23 16:15:02.807, 1, 54.75, 0, 210, 1215
2026/02/23 16:15:02.807, 2, 57.34, 0, 210, 1215
2026/02/23 16:15:02.807, 3, 55.41, 0, 210, 1215
2026/02/23 16:15:02.857, 0, 223.67, 100, 1410, 1215
2026/02/23 16:15:02.857, 1, 54.75, 0, 210, 1215
2026/02/23 16:15:02.857, 2, 57.34, 0, 210, 1215
2026/02/23 16:15:02.857, 3, 55.41, 0, 210, 1215
2026/02/23 16:15:02.907, 0, 223.67, 100, 1410, 1215
2026/02/23 16:15:02.908, 1, 54.75, 0, 210, 1215
2026/02/23 16:15:02.908, 2, 57.34, 0, 210, 1215
2026/02/23 16:15:02.908, 3, 55.41, 0, 210, 1215
2026/02/23 16:15:02.958, 0, 223.67, 100, 1410, 1215
2026/02/23 16:15:02.958, 1, 54.75, 0, 210, 1215
2026/02/23 16:15:02.958, 2, 57.34, 0, 210, 1215
2026/02/23 16:15:02.958, 3, 55.41, 0, 210, 1215
2026/02/23 16:15:03.010, 0, 223.67, 100, 1410, 1215
2026/02/23 16:15:03.010, 1, 54.75, 0, 210, 1215
2026/02/23 16:15:03.010, 2, 57.34, 0, 210, 1215
2026/02/23 16:15:03.010, 3, 55.41, 0, 210, 1215
2026/02/23 16:15:03.060, 0, 223.67, 100, 1410, 1215
2026/02/23 16:15:03.060, 1, 54.75, 0, 210, 1215
2026/02/23 16:15:03.061, 2, 57.34, 0, 210, 1215
2026/02/23 16:15:03.061, 3, 55.41, 0, 210, 1215
2026/02/23 16:15:03.111, 0, 223.67, 100, 1410, 1215
2026/02/23 16:15:03.111, 1, 54.75, 0, 210, 1215
2026/02/23 16:15:03.111, 2, 57.34, 0, 210, 1215
2026/02/23 16:15:03.111, 3, 55.41, 0, 210, 1215
2026/02/23 16:15:03.161, 0, 223.67, 100, 1410, 1215
2026/02/23 16:15:03.161, 1, 54.75, 0, 210, 1215
2026/02/23 16:15:03.161, 2, 57.34, 0, 210, 1215
2026/02/23 16:15:03.161, 3, 55.41, 0, 210, 1215
2026/02/23 16:15:03.212, 0, 223.67, 100, 1410, 1215
2026/02/23 16:15:03.212, 1, 54.75, 0, 210, 1215
2026/02/23 16:15:03.212, 2, 57.34, 0, 210, 1215
2026/02/23 16:15:03.212, 3, 55.41, 0, 210, 1215
2026/02/23 16:15:03.262, 0, 223.94, 100, 1410, 1215
2026/02/23 16:15:03.262, 1, 54.75, 0, 210, 1215
2026/02/23 16:15:03.262, 2, 57.34, 0, 210, 1215
2026/02/23 16:15:03.262, 3, 55.41, 0, 210, 1215
2026/02/23 16:15:03.313, 0, 223.94, 100, 1410, 1215
2026/02/23 16:15:03.313, 1, 54.75, 0, 210, 1215
2026/02/23 16:15:03.313, 2, 57.34, 0, 210, 1215
2026/02/23 16:15:03.313, 3, 55.41, 0, 210, 1215
2026/02/23 16:15:03.363, 0, 223.67, 100, 1410, 1215
2026/02/23 16:15:03.363, 1, 54.75, 0, 210, 1215
2026/02/23 16:15:03.363, 2, 57.34, 0, 210, 1215
2026/02/23 16:15:03.363, 3, 55.47, 0, 210, 1215
2026/02/23 16:15:03.413, 0, 223.67, 100, 1410, 1215
2026/02/23 16:15:03.414, 1, 54.75, 0, 210, 1215
2026/02/23 16:15:03.414, 2, 57.34, 0, 210, 1215
2026/02/23 16:15:03.414, 3, 55.47, 0, 210, 1215
2026/02/23 16:15:03.464, 0, 223.44, 100, 1410, 1215
2026/02/23 16:15:03.464, 1, 54.75, 0, 210, 1215
2026/02/23 16:15:03.464, 2, 57.34, 0, 210, 1215
2026/02/23 16:15:03.464, 3, 55.41, 0, 210, 1215
2026/02/23 16:15:03.514, 0, 223.44, 100, 1410, 1215
2026/02/23 16:15:03.514, 1, 54.75, 0, 210, 1215
2026/02/23 16:15:03.515, 2, 57.34, 0, 210, 1215
2026/02/23 16:15:03.515, 3, 55.41, 0, 210, 1215
2026/02/23 16:15:03.565, 0, 223.94, 100, 1410, 1215
2026/02/23 16:15:03.565, 1, 54.75, 0, 210, 1215
2026/02/23 16:15:03.565, 2, 57.34, 0, 210, 1215
2026/02/23 16:15:03.565, 3, 55.41, 0, 210, 1215
2026/02/23 16:15:03.615, 0, 223.94, 100, 1410, 1215
2026/02/23 16:15:03.615, 1, 54.75, 0, 210, 1215
2026/02/23 16:15:03.615, 2, 57.34, 0, 210, 1215
2026/02/23 16:15:03.616, 3, 55.41, 0, 210, 1215
2026/02/23 16:15:03.666, 0, 223.44, 100, 1410, 1215
2026/02/23 16:15:03.666, 1, 54.75, 0, 210, 1215
2026/02/23 16:15:03.666, 2, 57.28, 0, 210, 1215
2026/02/23 16:15:03.666, 3, 55.41, 0, 210, 1215
2026/02/23 16:15:03.716, 0, 223.67, 100, 1410, 1215
2026/02/23 16:15:03.716, 1, 54.75, 0, 210, 1215
2026/02/23 16:15:03.716, 2, 57.28, 0, 210, 1215
2026/02/23 16:15:03.716, 3, 55.41, 0, 210, 1215
2026/02/23 16:15:03.767, 0, 223.67, 100, 1410, 1215
2026/02/23 16:15:03.767, 1, 54.75, 0, 210, 1215
2026/02/23 16:15:03.767, 2, 57.34, 0, 210, 1215
2026/02/23 16:15:03.767, 3, 55.41, 0, 210, 1215
2026/02/23 16:15:03.817, 0, 223.44, 100, 1410, 1215
2026/02/23 16:15:03.817, 1, 54.75, 0, 210, 1215
2026/02/23 16:15:03.817, 2, 57.34, 0, 210, 1215
2026/02/23 16:15:03.817, 3, 55.41, 0, 210, 1215
2026/02/23 16:15:03.867, 0, 223.44, 100, 1410, 1215
2026/02/23 16:15:03.868, 1, 54.75, 0, 210, 1215
2026/02/23 16:15:03.868, 2, 57.34, 0, 210, 1215
2026/02/23 16:15:03.868, 3, 55.41, 0, 210, 1215
2026/02/23 16:15:03.918, 0, 223.11, 100, 1410, 1215
2026/02/23 16:15:03.918, 1, 54.75, 0, 210, 1215
2026/02/23 16:15:03.918, 2, 57.34, 0, 210, 1215
2026/02/23 16:15:03.918, 3, 55.41, 0, 210, 1215
2026/02/23 16:15:03.968, 0, 223.11, 100, 1410, 1215
2026/02/23 16:15:03.968, 1, 54.75, 0, 210, 1215
2026/02/23 16:15:03.969, 2, 57.34, 0, 210, 1215
2026/02/23 16:15:03.969, 3, 55.41, 0, 210, 1215
2026/02/23 16:15:04.019, 0, 223.44, 100, 1410, 1215
2026/02/23 16:15:04.019, 1, 54.75, 0, 210, 1215
2026/02/23 16:15:04.019, 2, 57.34, 0, 210, 1215
2026/02/23 16:15:04.019, 3, 55.41, 0, 210, 1215
2026/02/23 16:15:04.069, 0, 223.44, 100, 1410, 1215
2026/02/23 16:15:04.069, 1, 54.70, 0, 210, 1215
2026/02/23 16:15:04.070, 2, 57.34, 0, 210, 1215
2026/02/23 16:15:04.070, 3, 55.41, 0, 210, 1215
2026/02/23 16:15:04.120, 0, 223.44, 100, 1410, 1215
2026/02/23 16:15:04.120, 1, 54.70, 0, 210, 1215
2026/02/23 16:15:04.120, 2, 57.34, 0, 210, 1215
2026/02/23 16:15:04.120, 3, 55.41, 0, 210, 1215
2026/02/23 16:15:04.170, 0, 223.44, 100, 1410, 1215
2026/02/23 16:15:04.170, 1, 54.75, 0, 210, 1215
2026/02/23 16:15:04.170, 2, 57.01, 0, 210, 1215
2026/02/23 16:15:04.170, 3, 55.41, 0, 210, 1215
2026/02/23 16:15:04.221, 0, 223.44, 100, 1410, 1215
2026/02/23 16:15:04.221, 1, 54.75, 0, 210, 1215
2026/02/23 16:15:04.221, 2, 57.01, 0, 210, 1215
2026/02/23 16:15:04.221, 3, 55.41, 0, 210, 1215
2026/02/23 16:15:04.271, 0, 223.44, 100, 1410, 1215
2026/02/23 16:15:04.271, 1, 54.75, 0, 210, 1215
2026/02/23 16:15:04.271, 2, 57.06, 0, 210, 1215
2026/02/23 16:15:04.271, 3, 55.41, 0, 210, 1215
2026/02/23 16:15:04.322, 0, 223.44, 100, 1410, 1215
2026/02/23 16:15:04.322, 1, 54.75, 0, 210, 1215
2026/02/23 16:15:04.322, 2, 57.06, 0, 210, 1215
2026/02/23 16:15:04.322, 3, 55.41, 0, 210, 1215
2026/02/23 16:15:04.372, 0, 223.44, 100, 1410, 1215
2026/02/23 16:15:04.372, 1, 54.70, 0, 210, 1215
2026/02/23 16:15:04.372, 2, 57.28, 0, 210, 1215
2026/02/23 16:15:04.372, 3, 55.41, 0, 210, 1215
2026/02/23 16:15:04.422, 0, 223.67, 100, 1410, 1215
2026/02/23 16:15:04.423, 1, 54.70, 0, 210, 1215
2026/02/23 16:15:04.423, 2, 57.28, 0, 210, 1215
2026/02/23 16:15:04.423, 3, 55.41, 0, 210, 1215
2026/02/23 16:15:04.473, 0, 223.67, 100, 1410, 1215
2026/02/23 16:15:04.473, 1, 55.03, 0, 210, 1215
2026/02/23 16:15:04.473, 2, 57.34, 0, 210, 1215
2026/02/23 16:15:04.473, 3, 55.41, 0, 210, 1215
2026/02/23 16:15:04.523, 0, 223.44, 100, 1410, 1215
2026/02/23 16:15:04.523, 1, 55.03, 0, 210, 1215
2026/02/23 16:15:04.524, 2, 57.34, 0, 210, 1215
2026/02/23 16:15:04.524, 3, 55.41, 0, 210, 1215
2026/02/23 16:15:04.574, 0, 223.44, 100, 1410, 1215
2026/02/23 16:15:04.574, 1, 54.75, 0, 210, 1215
2026/02/23 16:15:04.574, 2, 57.34, 0, 210, 1215
2026/02/23 16:15:04.574, 3, 55.41, 0, 210, 1215
2026/02/23 16:15:04.624, 0, 223.44, 100, 1410, 1215
2026/02/23 16:15:04.624, 1, 54.75, 0, 210, 1215
2026/02/23 16:15:04.624, 2, 57.34, 0, 210, 1215
2026/02/23 16:15:04.625, 3, 55.41, 0, 210, 1215
2026/02/23 16:15:04.675, 0, 223.44, 100, 1410, 1215
2026/02/23 16:15:04.675, 1, 54.75, 0, 210, 1215
2026/02/23 16:15:04.675, 2, 57.34, 0, 210, 1215
2026/02/23 16:15:04.675, 3, 55.41, 0, 210, 1215
2026/02/23 16:15:04.725, 0, 223.99, 100, 1410, 1215
2026/02/23 16:15:04.725, 1, 54.75, 0, 210, 1215
2026/02/23 16:15:04.725, 2, 57.34, 0, 210, 1215
2026/02/23 16:15:04.725, 3, 55.41, 0, 210, 1215
2026/02/23 16:15:04.776, 0, 223.99, 100, 1410, 1215
2026/02/23 16:15:04.776, 1, 54.75, 0, 210, 1215
2026/02/23 16:15:04.776, 2, 57.34, 0, 210, 1215
2026/02/23 16:15:04.776, 3, 55.41, 0, 210, 1215
2026/02/23 16:15:04.826, 0, 223.71, 100, 1410, 1215
2026/02/23 16:15:04.826, 1, 54.75, 0, 210, 1215
2026/02/23 16:15:04.826, 2, 57.34, 0, 210, 1215
2026/02/23 16:15:04.826, 3, 55.41, 0, 210, 1215
2026/02/23 16:15:04.876, 0, 223.71, 100, 1410, 1215
2026/02/23 16:15:04.877, 1, 55.03, 0, 210, 1215
2026/02/23 16:15:04.877, 2, 57.34, 0, 210, 1215
2026/02/23 16:15:04.877, 3, 55.41, 0, 210, 1215
2026/02/23 16:15:04.927, 0, 223.99, 100, 1410, 1215
2026/02/23 16:15:04.927, 1, 55.03, 0, 210, 1215
2026/02/23 16:15:04.927, 2, 57.34, 0, 210, 1215
2026/02/23 16:15:04.927, 3, 55.41, 0, 210, 1215
2026/02/23 16:15:04.977, 0, 223.99, 100, 1410, 1215
2026/02/23 16:15:04.977, 1, 55.03, 0, 210, 1215
2026/02/23 16:15:04.978, 2, 57.34, 0, 210, 1215
2026/02/23 16:15:04.978, 3, 55.41, 0, 210, 1215
2026/02/23 16:15:05.028, 0, 223.71, 100, 1410, 1215
2026/02/23 16:15:05.028, 1, 55.03, 0, 210, 1215
2026/02/23 16:15:05.028, 2, 57.34, 0, 210, 1215
2026/02/23 16:15:05.028, 3, 55.41, 0, 210, 1215
2026/02/23 16:15:05.078, 0, 223.71, 100, 1410, 1215
2026/02/23 16:15:05.078, 1, 55.03, 0, 210, 1215
2026/02/23 16:15:05.078, 2, 57.06, 0, 210, 1215
2026/02/23 16:15:05.079, 3, 55.41, 0, 210, 1215
2026/02/23 16:15:05.129, 0, 224.32, 100, 1410, 1215
2026/02/23 16:15:05.129, 1, 55.03, 0, 210, 1215
2026/02/23 16:15:05.129, 2, 57.06, 0, 210, 1215
2026/02/23 16:15:05.129, 3, 55.41, 0, 210, 1215
2026/02/23 16:15:05.179, 0, 224.32, 100, 1410, 1215
2026/02/23 16:15:05.179, 1, 55.03, 0, 210, 1215
2026/02/23 16:15:05.179, 2, 57.34, 0, 210, 1215
2026/02/23 16:15:05.179, 3, 55.41, 0, 210, 1215
2026/02/23 16:15:05.230, 0, 223.99, 100, 1410, 1215
2026/02/23 16:15:05.230, 1, 55.03, 0, 210, 1215
2026/02/23 16:15:05.230, 2, 57.34, 0, 210, 1215
2026/02/23 16:15:05.230, 3, 55.41, 0, 210, 1215
2026/02/23 16:15:05.280, 0, 223.99, 100, 1410, 1215
2026/02/23 16:15:05.280, 1, 54.75, 0, 210, 1215
2026/02/23 16:15:05.280, 2, 57.34, 0, 210, 1215
2026/02/23 16:15:05.280, 3, 55.41, 0, 210, 1215
2026/02/23 16:15:05.330, 0, 224.32, 100, 1410, 1215
2026/02/23 16:15:05.331, 1, 54.75, 0, 210, 1215
2026/02/23 16:15:05.331, 2, 57.34, 0, 210, 1215
2026/02/23 16:15:05.331, 3, 55.41, 0, 210, 1215
2026/02/23 16:15:05.381, 0, 224.32, 100, 1410, 1215
2026/02/23 16:15:05.381, 1, 54.97, 0, 210, 1215
2026/02/23 16:15:05.381, 2, 57.28, 0, 210, 1215
2026/02/23 16:15:05.381, 3, 55.41, 0, 210, 1215
2026/02/23 16:15:05.431, 0, 223.99, 100, 1410, 1215
2026/02/23 16:15:05.431, 1, 54.97, 0, 210, 1215
2026/02/23 16:15:05.432, 2, 57.28, 0, 210, 1215
2026/02/23 16:15:05.432, 3, 55.41, 0, 210, 1215
2026/02/23 16:15:05.482, 0, 223.99, 100, 1410, 1215
2026/02/23 16:15:05.482, 1, 54.75, 0, 210, 1215
2026/02/23 16:15:05.482, 2, 57.34, 0, 210, 1215
2026/02/23 16:15:05.482, 3, 55.41, 0, 210, 1215
2026/02/23 16:15:05.532, 0, 223.99, 100, 1410, 1215
2026/02/23 16:15:05.532, 1, 54.75, 0, 210, 1215
2026/02/23 16:15:05.532, 2, 57.34, 0, 210, 1215
2026/02/23 16:15:05.533, 3, 55.41, 0, 210, 1215
2026/02/23 16:15:05.583, 0, 223.99, 100, 1410, 1215
2026/02/23 16:15:05.583, 1, 54.70, 0, 210, 1215
2026/02/23 16:15:05.583, 2, 57.34, 0, 210, 1215
2026/02/23 16:15:05.583, 3, 55.41, 0, 210, 1215
2026/02/23 16:15:05.633, 0, 223.99, 100, 1410, 1215
2026/02/23 16:15:05.633, 1, 54.70, 0, 210, 1215
2026/02/23 16:15:05.633, 2, 57.34, 0, 210, 1215
2026/02/23 16:15:05.633, 3, 55.41, 0, 210, 1215
2026/02/23 16:15:05.684, 0, 223.99, 100, 1410, 1215
2026/02/23 16:15:05.684, 1, 55.03, 0, 210, 1215
2026/02/23 16:15:05.684, 2, 57.01, 0, 210, 1215
2026/02/23 16:15:05.684, 3, 55.41, 0, 210, 1215
2026/02/23 16:15:05.734, 0, 223.99, 100, 1410, 1215
2026/02/23 16:15:05.734, 1, 55.03, 0, 210, 1215
2026/02/23 16:15:05.734, 2, 57.01, 0, 210, 1215
2026/02/23 16:15:05.734, 3, 55.41, 0, 210, 1215
2026/02/23 16:15:05.784, 0, 223.99, 100, 1410, 1215
2026/02/23 16:15:05.785, 1, 54.75, 0, 210, 1215
2026/02/23 16:15:05.785, 2, 57.34, 0, 210, 1215
2026/02/23 16:15:05.785, 3, 55.41, 0, 210, 1215
2026/02/23 16:15:05.835, 0, 223.99, 100, 1410, 1215
2026/02/23 16:15:05.835, 1, 54.75, 0, 210, 1215
2026/02/23 16:15:05.835, 2, 57.34, 0, 210, 1215
2026/02/23 16:15:05.835, 3, 55.41, 0, 210, 1215
2026/02/23 16:15:05.885, 0, 223.99, 100, 1410, 1215
2026/02/23 16:15:05.885, 1, 54.75, 0, 210, 1215
2026/02/23 16:15:05.886, 2, 57.34, 0, 210, 1215
2026/02/23 16:15:05.886, 3, 55.41, 0, 210, 1215
2026/02/23 16:15:05.936, 0, 224.21, 100, 1410, 1215
2026/02/23 16:15:05.936, 1, 54.75, 0, 210, 1215
2026/02/23 16:15:05.936, 2, 57.34, 0, 210, 1215
2026/02/23 16:15:05.936, 3, 55.41, 0, 210, 1215
2026/02/23 16:15:05.986, 0, 224.21, 100, 1410, 1215
2026/02/23 16:15:05.986, 1, 55.03, 0, 210, 1215
2026/02/23 16:15:05.986, 2, 57.34, 0, 210, 1215
2026/02/23 16:15:05.987, 3, 55.41, 0, 210, 1215
2026/02/23 16:15:06.037, 0, 223.94, 100, 1410, 1215
2026/02/23 16:15:06.037, 1, 55.03, 0, 210, 1215
2026/02/23 16:15:06.037, 2, 57.34, 0, 210, 1215
2026/02/23 16:15:06.037, 3, 55.41, 0, 210, 1215
2026/02/23 16:15:06.087, 0, 223.94, 100, 1410, 1215
2026/02/23 16:15:06.087, 1, 54.75, 0, 210, 1215
2026/02/23 16:15:06.087, 2, 57.06, 0, 210, 1215
2026/02/23 16:15:06.087, 3, 55.41, 0, 210, 1215
2026/02/23 16:15:06.138, 0, 224.21, 100, 1410, 1215
2026/02/23 16:15:06.138, 1, 54.75, 0, 210, 1215
2026/02/23 16:15:06.138, 2, 57.06, 0, 210, 1215
2026/02/23 16:15:06.138, 3, 55.41, 0, 210, 1215
2026/02/23 16:15:06.188, 0, 224.21, 100, 1410, 1215
2026/02/23 16:15:06.188, 1, 54.75, 0, 210, 1215
2026/02/23 16:15:06.188, 2, 57.06, 0, 210, 1215
2026/02/23 16:15:06.188, 3, 55.41, 0, 210, 1215
2026/02/23 16:15:06.239, 0, 223.99, 100, 1410, 1215
2026/02/23 16:15:06.239, 1, 54.75, 0, 210, 1215
2026/02/23 16:15:06.239, 2, 57.06, 0, 210, 1215
2026/02/23 16:15:06.239, 3, 55.41, 0, 210, 1215
2026/02/23 16:15:06.289, 0, 223.99, 100, 1410, 1215
2026/02/23 16:15:06.289, 1, 54.75, 0, 210, 1215
2026/02/23 16:15:06.289, 2, 57.34, 0, 210, 1215
2026/02/23 16:15:06.289, 3, 55.41, 0, 210, 1215
2026/02/23 16:15:06.339, 0, 223.99, 100, 1410, 1215
2026/02/23 16:15:06.340, 1, 54.75, 0, 210, 1215
2026/02/23 16:15:06.340, 2, 57.34, 0, 210, 1215
2026/02/23 16:15:06.340, 3, 55.41, 0, 210, 1215
2026/02/23 16:15:06.390, 0, 223.99, 100, 1410, 1215
2026/02/23 16:15:06.390, 1, 54.75, 0, 210, 1215
2026/02/23 16:15:06.390, 2, 57.06, 0, 210, 1215
2026/02/23 16:15:06.390, 3, 55.41, 0, 210, 1215
2026/02/23 16:15:06.440, 0, 224.21, 100, 1410, 1215
2026/02/23 16:15:06.440, 1, 54.75, 0, 210, 1215
2026/02/23 16:15:06.440, 2, 57.06, 0, 210, 1215
2026/02/23 16:15:06.441, 3, 55.41, 0, 210, 1215
2026/02/23 16:15:06.491, 0, 224.21, 100, 1410, 1215
2026/02/23 16:15:06.491, 1, 54.75, 0, 210, 1215
2026/02/23 16:15:06.491, 2, 57.06, 0, 210, 1215
2026/02/23 16:15:06.491, 3, 55.41, 0, 210, 1215
2026/02/23 16:15:06.541, 0, 223.94, 100, 1410, 1215
2026/02/23 16:15:06.541, 1, 54.75, 0, 210, 1215
2026/02/23 16:15:06.541, 2, 57.06, 0, 210, 1215
2026/02/23 16:15:06.541, 3, 55.41, 0, 210, 1215
2026/02/23 16:15:06.592, 0, 223.94, 100, 1410, 1215
2026/02/23 16:15:06.592, 1, 54.75, 0, 210, 1215
2026/02/23 16:15:06.592, 2, 57.06, 0, 210, 1215
2026/02/23 16:15:06.592, 3, 55.41, 0, 210, 1215
2026/02/23 16:15:06.642, 0, 223.94, 100, 1410, 1215
2026/02/23 16:15:06.642, 1, 54.75, 0, 210, 1215
2026/02/23 16:15:06.642, 2, 57.06, 0, 210, 1215
2026/02/23 16:15:06.642, 3, 55.41, 0, 210, 1215
2026/02/23 16:15:06.693, 0, 223.94, 100, 1410, 1215
2026/02/23 16:15:06.693, 1, 54.75, 0, 210, 1215
2026/02/23 16:15:06.693, 2, 57.28, 0, 210, 1215
2026/02/23 16:15:06.693, 3, 55.41, 0, 210, 1215
2026/02/23 16:15:06.743, 0, 223.71, 100, 1410, 1215
2026/02/23 16:15:06.743, 1, 54.75, 0, 210, 1215
2026/02/23 16:15:06.743, 2, 57.28, 0, 210, 1215
2026/02/23 16:15:06.743, 3, 55.41, 0, 210, 1215
2026/02/23 16:15:06.793, 0, 223.71, 100, 1410, 1215
2026/02/23 16:15:06.793, 1, 54.75, 0, 210, 1215
2026/02/23 16:15:06.793, 2, 57.34, 0, 210, 1215
2026/02/23 16:15:06.794, 3, 55.41, 0, 210, 1215
2026/02/23 16:15:06.844, 0, 223.94, 100, 1410, 1215
2026/02/23 16:15:06.844, 1, 54.75, 0, 210, 1215
2026/02/23 16:15:06.844, 2, 57.34, 0, 210, 1215
2026/02/23 16:15:06.844, 3, 55.41, 0, 210, 1215
2026/02/23 16:15:06.894, 0, 223.94, 100, 1410, 1215
2026/02/23 16:15:06.894, 1, 54.75, 0, 210, 1215
2026/02/23 16:15:06.894, 2, 57.28, 0, 210, 1215
2026/02/23 16:15:06.894, 3, 55.41, 0, 210, 1215
2026/02/23 16:15:06.945, 0, 223.71, 100, 1410, 1215
2026/02/23 16:15:06.945, 1, 54.75, 0, 210, 1215
2026/02/23 16:15:06.945, 2, 57.28, 0, 210, 1215
2026/02/23 16:15:06.945, 3, 55.41, 0, 210, 1215
2026/02/23 16:15:06.995, 0, 223.71, 100, 1410, 1215
2026/02/23 16:15:06.995, 1, 54.75, 0, 210, 1215
2026/02/23 16:15:06.995, 2, 57.01, 0, 210, 1215
2026/02/23 16:15:06.995, 3, 55.41, 0, 210, 1215
2026/02/23 16:15:07.045, 0, 223.71, 100, 1410, 1215
2026/02/23 16:15:07.046, 1, 55.03, 0, 210, 1215
2026/02/23 16:15:07.046, 2, 57.01, 0, 210, 1215
2026/02/23 16:15:07.046, 3, 55.41, 0, 210, 1215
2026/02/23 16:15:07.096, 0, 223.71, 100, 1410, 1215
2026/02/23 16:15:07.096, 1, 55.03, 0, 210, 1215
2026/02/23 16:15:07.096, 2, 57.01, 0, 210, 1215
2026/02/23 16:15:07.096, 3, 55.41, 0, 210, 1215
2026/02/23 16:15:07.146, 0, 223.44, 100, 1410, 1215
2026/02/23 16:15:07.146, 1, 54.75, 0, 210, 1215
2026/02/23 16:15:07.147, 2, 57.01, 0, 210, 1215
2026/02/23 16:15:07.147, 3, 55.41, 0, 210, 1215
2026/02/23 16:15:07.197, 0, 223.44, 100, 1410, 1215
2026/02/23 16:15:07.197, 1, 54.75, 0, 210, 1215
2026/02/23 16:15:07.197, 2, 57.01, 0, 210, 1215
2026/02/23 16:15:07.197, 3, 55.41, 0, 210, 1215
2026/02/23 16:15:07.247, 0, 223.44, 100, 1410, 1215
2026/02/23 16:15:07.247, 1, 54.75, 0, 210, 1215
2026/02/23 16:15:07.247, 2, 57.01, 0, 210, 1215
2026/02/23 16:15:07.248, 3, 55.41, 0, 210, 1215
2026/02/23 16:15:07.298, 0, 223.44, 100, 1410, 1215
2026/02/23 16:15:07.298, 1, 54.75, 0, 210, 1215
2026/02/23 16:15:07.298, 2, 57.06, 0, 210, 1215
2026/02/23 16:15:07.298, 3, 55.41, 0, 210, 1215
2026/02/23 16:15:07.348, 0, 223.94, 100, 1410, 1215
2026/02/23 16:15:07.348, 1, 54.75, 0, 210, 1215
2026/02/23 16:15:07.348, 2, 57.06, 0, 210, 1215
2026/02/23 16:15:07.348, 3, 55.41, 0, 210, 1215
2026/02/23 16:15:07.399, 0, 223.94, 100, 1410, 1215
2026/02/23 16:15:07.399, 1, 54.75, 0, 210, 1215
2026/02/23 16:15:07.399, 2, 57.06, 0, 210, 1215
2026/02/23 16:15:07.399, 3, 55.41, 0, 210, 1215
2026/02/23 16:15:07.449, 0, 223.71, 100, 1410, 1215
2026/02/23 16:15:07.449, 1, 54.75, 0, 210, 1215
2026/02/23 16:15:07.449, 2, 57.06, 0, 210, 1215
2026/02/23 16:15:07.449, 3, 55.41, 0, 210, 1215
2026/02/23 16:15:07.499, 0, 223.71, 100, 1410, 1215
2026/02/23 16:15:07.500, 1, 54.75, 0, 210, 1215
2026/02/23 16:15:07.500, 2, 57.06, 0, 210, 1215
2026/02/23 16:15:07.500, 3, 55.41, 0, 210, 1215
2026/02/23 16:15:07.550, 0, 223.94, 100, 1410, 1215
2026/02/23 16:15:07.550, 1, 54.75, 0, 210, 1215
2026/02/23 16:15:07.550, 2, 57.06, 0, 210, 1215
2026/02/23 16:15:07.550, 3, 55.41, 0, 210, 1215
2026/02/23 16:15:07.600, 0, 223.94, 100, 1410, 1215
2026/02/23 16:15:07.600, 1, 54.75, 0, 210, 1215
2026/02/23 16:15:07.601, 2, 57.06, 0, 210, 1215
2026/02/23 16:15:07.601, 3, 55.41, 0, 210, 1215
2026/02/23 16:15:07.651, 0, 223.94, 100, 1410, 1215
2026/02/23 16:15:07.651, 1, 54.75, 0, 210, 1215
2026/02/23 16:15:07.651, 2, 57.01, 0, 210, 1215
2026/02/23 16:15:07.651, 3, 55.41, 0, 210, 1215
2026/02/23 16:15:07.701, 0, 223.94, 100, 1410, 1215
2026/02/23 16:15:07.701, 1, 54.75, 0, 210, 1215
2026/02/23 16:15:07.701, 2, 57.01, 0, 210, 1215
2026/02/23 16:15:07.702, 3, 55.41, 0, 210, 1215
2026/02/23 16:15:07.752, 0, 223.71, 100, 1410, 1215
2026/02/23 16:15:07.752, 1, 54.75, 0, 210, 1215
2026/02/23 16:15:07.752, 2, 57.06, 0, 210, 1215
2026/02/23 16:15:07.752, 3, 55.41, 0, 210, 1215
2026/02/23 16:15:07.802, 0, 223.71, 100, 1410, 1215
2026/02/23 16:15:07.802, 1, 54.75, 0, 210, 1215
2026/02/23 16:15:07.802, 2, 57.06, 0, 210, 1215
2026/02/23 16:15:07.802, 3, 55.41, 0, 210, 1215
2026/02/23 16:15:07.853, 0, 223.67, 100, 1410, 1215
2026/02/23 16:15:07.853, 1, 54.75, 0, 210, 1215
2026/02/23 16:15:07.853, 2, 57.34, 0, 210, 1215
2026/02/23 16:15:07.853, 3, 55.41, 0, 210, 1215
2026/02/23 16:15:07.903, 0, 223.67, 100, 1410, 1215
2026/02/23 16:15:07.903, 1, 54.75, 0, 210, 1215
2026/02/23 16:15:07.903, 2, 57.34, 0, 210, 1215
2026/02/23 16:15:07.903, 3, 55.41, 0, 210, 1215
2026/02/23 16:15:07.953, 0, 223.71, 100, 1410, 1215
2026/02/23 16:15:07.954, 1, 54.75, 0, 210, 1215
2026/02/23 16:15:07.954, 2, 57.06, 0, 210, 1215
2026/02/23 16:15:07.954, 3, 55.41, 0, 210, 1215
2026/02/23 16:15:08.004, 0, 223.71, 100, 1410, 1215
2026/02/23 16:15:08.004, 1, 54.75, 0, 210, 1215
2026/02/23 16:15:08.004, 2, 57.06, 0, 210, 1215
2026/02/23 16:15:08.004, 3, 55.41, 0, 210, 1215
2026/02/23 16:15:08.054, 0, 223.94, 100, 1410, 1215
2026/02/23 16:15:08.054, 1, 54.75, 0, 210, 1215
2026/02/23 16:15:08.055, 2, 57.01, 0, 210, 1215
2026/02/23 16:15:08.055, 3, 55.41, 0, 210, 1215
2026/02/23 16:15:08.105, 0, 223.94, 100, 1410, 1215
2026/02/23 16:15:08.105, 1, 54.75, 0, 210, 1215
2026/02/23 16:15:08.105, 2, 57.01, 0, 210, 1215
2026/02/23 16:15:08.105, 3, 55.41, 0, 210, 1215
2026/02/23 16:15:08.155, 0, 223.71, 100, 1410, 1215
2026/02/23 16:15:08.155, 1, 54.97, 0, 210, 1215
2026/02/23 16:15:08.155, 2, 57.06, 0, 210, 1215
2026/02/23 16:15:08.156, 3, 55.41, 0, 210, 1215
2026/02/23 16:15:08.206, 0, 223.71, 100, 1410, 1215
2026/02/23 16:15:08.206, 1, 54.97, 0, 210, 1215
2026/02/23 16:15:08.206, 2, 57.06, 0, 210, 1215
2026/02/23 16:15:08.206, 3, 55.41, 0, 210, 1215
2026/02/23 16:15:08.256, 0, 223.71, 100, 1410, 1215
2026/02/23 16:15:08.256, 1, 54.75, 0, 210, 1215
2026/02/23 16:15:08.256, 2, 57.01, 0, 210, 1215
2026/02/23 16:15:08.256, 3, 55.41, 0, 210, 1215
2026/02/23 16:15:08.307, 0, 223.71, 100, 1410, 1215
2026/02/23 16:15:08.307, 1, 54.75, 0, 210, 1215
2026/02/23 16:15:08.307, 2, 57.01, 0, 210, 1215
2026/02/23 16:15:08.307, 3, 55.41, 0, 210, 1215
2026/02/23 16:15:08.357, 0, 223.71, 100, 1410, 1215
2026/02/23 16:15:08.357, 1, 54.97, 0, 210, 1215
2026/02/23 16:15:08.357, 2, 57.01, 0, 210, 1215
2026/02/23 16:15:08.357, 3, 55.41, 0, 210, 1215
2026/02/23 16:15:08.407, 0, 223.71, 100, 1410, 1215
2026/02/23 16:15:08.408, 1, 54.97, 0, 210, 1215
2026/02/23 16:15:08.408, 2, 57.01, 0, 210, 1215
2026/02/23 16:15:08.408, 3, 55.41, 0, 210, 1215
2026/02/23 16:15:08.458, 0, 224.32, 100, 1410, 1215
2026/02/23 16:15:08.458, 1, 54.75, 0, 210, 1215
2026/02/23 16:15:08.458, 2, 57.01, 0, 210, 1215
2026/02/23 16:15:08.458, 3, 55.41, 0, 210, 1215
2026/02/23 16:15:08.508, 0, 224.32, 100, 1410, 1215
2026/02/23 16:15:08.508, 1, 54.75, 0, 210, 1215
2026/02/23 16:15:08.509, 2, 57.01, 0, 210, 1215
2026/02/23 16:15:08.509, 3, 55.41, 0, 210, 1215
2026/02/23 16:15:08.559, 0, 224.32, 100, 1410, 1215
2026/02/23 16:15:08.559, 1, 55.03, 0, 210, 1215
2026/02/23 16:15:08.559, 2, 57.01, 0, 210, 1215
2026/02/23 16:15:08.559, 3, 55.41, 0, 210, 1215
2026/02/23 16:15:08.609, 0, 224.32, 100, 1410, 1215
2026/02/23 16:15:08.609, 1, 55.03, 0, 210, 1215
2026/02/23 16:15:08.609, 2, 57.01, 0, 210, 1215
2026/02/23 16:15:08.610, 3, 55.41, 0, 210, 1215
2026/02/23 16:15:08.660, 0, 224.32, 100, 1410, 1215
2026/02/23 16:15:08.660, 1, 54.75, 0, 210, 1215
2026/02/23 16:15:08.660, 2, 57.06, 0, 210, 1215
2026/02/23 16:15:08.660, 3, 55.41, 0, 210, 1215
2026/02/23 16:15:08.710, 0, 224.32, 100, 1410, 1215
2026/02/23 16:15:08.710, 1, 54.75, 0, 210, 1215
2026/02/23 16:15:08.710, 2, 57.06, 0, 210, 1215
2026/02/23 16:15:08.710, 3, 55.41, 0, 210, 1215
2026/02/23 16:15:08.761, 0, 224.32, 100, 1410, 1215
2026/02/23 16:15:08.761, 1, 54.75, 0, 210, 1215
2026/02/23 16:15:08.761, 2, 57.06, 0, 210, 1215
2026/02/23 16:15:08.761, 3, 55.41, 0, 210, 1215
2026/02/23 16:15:08.811, 0, 224.32, 100, 1410, 1215
2026/02/23 16:15:08.811, 1, 54.75, 0, 210, 1215
2026/02/23 16:15:08.811, 2, 57.06, 0, 210, 1215
2026/02/23 16:15:08.811, 3, 55.41, 0, 210, 1215
2026/02/23 16:15:08.862, 0, 223.99, 100, 1410, 1215
2026/02/23 16:15:08.862, 1, 54.75, 0, 210, 1215
2026/02/23 16:15:08.862, 2, 57.01, 0, 210, 1215
2026/02/23 16:15:08.862, 3, 55.41, 0, 210, 1215
2026/02/23 16:15:08.912, 0, 223.99, 100, 1410, 1215
2026/02/23 16:15:08.912, 1, 54.75, 0, 210, 1215
2026/02/23 16:15:08.912, 2, 57.01, 0, 210, 1215
2026/02/23 16:15:08.912, 3, 55.41, 0, 210, 1215
2026/02/23 16:15:08.962, 0, 224.32, 100, 1410, 1215
2026/02/23 16:15:08.963, 1, 54.75, 0, 210, 1215
2026/02/23 16:15:08.963, 2, 57.01, 0, 210, 1215
2026/02/23 16:15:08.963, 3, 55.41, 0, 210, 1215
2026/02/23 16:15:09.013, 0, 224.32, 100, 1410, 1215
2026/02/23 16:15:09.013, 1, 54.75, 0, 210, 1215
2026/02/23 16:15:09.013, 2, 57.01, 0, 210, 1215
2026/02/23 16:15:09.013, 3, 55.41, 0, 210, 1215
2026/02/23 16:15:09.063, 0, 224.32, 100, 1410, 1215
2026/02/23 16:15:09.063, 1, 54.75, 0, 210, 1215
2026/02/23 16:15:09.064, 2, 57.01, 0, 210, 1215
2026/02/23 16:15:09.064, 3, 55.41, 0, 210, 1215
2026/02/23 16:15:09.114, 0, 224.32, 100, 1410, 1215
2026/02/23 16:15:09.114, 1, 54.75, 0, 210, 1215
2026/02/23 16:15:09.114, 2, 57.01, 0, 210, 1215
2026/02/23 16:15:09.114, 3, 55.41, 0, 210, 1215
2026/02/23 16:15:09.164, 0, 224.32, 100, 1410, 1215
2026/02/23 16:15:09.164, 1, 54.75, 0, 210, 1215
2026/02/23 16:15:09.164, 2, 57.06, 0, 210, 1215
2026/02/23 16:15:09.165, 3, 55.41, 0, 210, 1215
2026/02/23 16:15:09.215, 0, 223.99, 100, 1410, 1215
2026/02/23 16:15:09.215, 1, 54.75, 0, 210, 1215
2026/02/23 16:15:09.215, 2, 57.06, 0, 210, 1215
2026/02/23 16:15:09.215, 3, 55.41, 0, 210, 1215
2026/02/23 16:15:09.265, 0, 223.99, 100, 1410, 1215
2026/02/23 16:15:09.265, 1, 54.75, 0, 210, 1215
2026/02/23 16:15:09.265, 2, 57.06, 0, 210, 1215
2026/02/23 16:15:09.265, 3, 55.41, 0, 210, 1215
2026/02/23 16:15:09.316, 0, 223.99, 100, 1410, 1215
2026/02/23 16:15:09.316, 1, 54.75, 0, 210, 1215
2026/02/23 16:15:09.316, 2, 57.06, 0, 210, 1215
2026/02/23 16:15:09.316, 3, 55.41, 0, 210, 1215
2026/02/23 16:15:09.366, 0, 223.99, 100, 1410, 1215
2026/02/23 16:15:09.366, 1, 54.75, 0, 210, 1215
2026/02/23 16:15:09.366, 2, 57.06, 0, 210, 1215
2026/02/23 16:15:09.366, 3, 55.41, 0, 210, 1215
2026/02/23 16:15:09.416, 0, 224.21, 100, 1410, 1215
2026/02/23 16:15:09.417, 1, 54.75, 0, 210, 1215
2026/02/23 16:15:09.417, 2, 57.06, 0, 210, 1215
2026/02/23 16:15:09.417, 3, 55.41, 0, 210, 1215
2026/02/23 16:15:09.467, 0, 224.21, 100, 1410, 1215
2026/02/23 16:15:09.467, 1, 54.75, 0, 210, 1215
2026/02/23 16:15:09.467, 2, 57.06, 0, 210, 1215
2026/02/23 16:15:09.467, 3, 55.41, 0, 210, 1215
2026/02/23 16:15:09.517, 0, 223.94, 100, 1410, 1215
2026/02/23 16:15:09.517, 1, 54.75, 0, 210, 1215
2026/02/23 16:15:09.518, 2, 57.06, 0, 210, 1215
2026/02/23 16:15:09.518, 3, 55.41, 0, 210, 1215
2026/02/23 16:15:09.568, 0, 223.94, 100, 1410, 1215
2026/02/23 16:15:09.568, 1, 54.75, 0, 210, 1215
2026/02/23 16:15:09.568, 2, 57.01, 0, 210, 1215
2026/02/23 16:15:09.568, 3, 55.41, 0, 210, 1215
2026/02/23 16:15:09.618, 0, 223.71, 100, 1410, 1215
2026/02/23 16:15:09.618, 1, 54.75, 0, 210, 1215
2026/02/23 16:15:09.618, 2, 57.01, 0, 210, 1215
2026/02/23 16:15:09.619, 3, 55.41, 0, 210, 1215
2026/02/23 16:15:09.669, 0, 223.71, 100, 1410, 1215
2026/02/23 16:15:09.669, 1, 54.70, 0, 210, 1215
2026/02/23 16:15:09.669, 2, 57.01, 0, 210, 1215
2026/02/23 16:15:09.669, 3, 55.41, 0, 210, 1215
2026/02/23 16:15:09.719, 0, 223.99, 100, 1410, 1215
2026/02/23 16:15:09.719, 1, 54.70, 0, 210, 1215
2026/02/23 16:15:09.719, 2, 57.01, 0, 210, 1215
2026/02/23 16:15:09.719, 3, 55.41, 0, 210, 1215
2026/02/23 16:15:09.770, 0, 223.99, 100, 1410, 1215
2026/02/23 16:15:09.770, 1, 54.75, 0, 210, 1215
2026/02/23 16:15:09.770, 2, 57.01, 0, 210, 1215
2026/02/23 16:15:09.770, 3, 55.41, 0, 210, 1215
2026/02/23 16:15:09.820, 0, 223.71, 100, 1410, 1215
2026/02/23 16:15:09.820, 1, 54.75, 0, 210, 1215
2026/02/23 16:15:09.820, 2, 57.01, 0, 210, 1215
2026/02/23 16:15:09.820, 3, 55.41, 0, 210, 1215
2026/02/23 16:15:09.871, 0, 223.71, 100, 1410, 1215
2026/02/23 16:15:09.871, 1, 54.75, 0, 210, 1215
2026/02/23 16:15:09.871, 2, 57.01, 0, 210, 1215
2026/02/23 16:15:09.871, 3, 55.41, 0, 210, 1215
2026/02/23 16:15:09.921, 0, 223.99, 100, 1410, 1215
2026/02/23 16:15:09.921, 1, 54.75, 0, 210, 1215
2026/02/23 16:15:09.921, 2, 57.01, 0, 210, 1215
2026/02/23 16:15:09.921, 3, 55.41, 0, 210, 1215
2026/02/23 16:15:09.971, 0, 223.99, 100, 1410, 1215
2026/02/23 16:15:09.972, 1, 55.03, 0, 210, 1215
2026/02/23 16:15:09.972, 2, 57.06, 0, 210, 1215
2026/02/23 16:15:09.972, 3, 55.41, 0, 210, 1215
2026/02/23 16:15:10.022, 0, 223.71, 100, 1410, 1215
2026/02/23 16:15:10.022, 1, 55.03, 0, 210, 1215
2026/02/23 16:15:10.022, 2, 57.06, 0, 210, 1215
2026/02/23 16:15:10.022, 3, 55.41, 0, 210, 1215
2026/02/23 16:15:10.072, 0, 223.71, 100, 1410, 1215
2026/02/23 16:15:10.072, 1, 54.75, 0, 210, 1215
2026/02/23 16:15:10.073, 2, 57.06, 0, 210, 1215
2026/02/23 16:15:10.073, 3, 55.41, 0, 210, 1215
2026/02/23 16:15:10.123, 0, 223.99, 100, 1410, 1215
2026/02/23 16:15:10.123, 1, 54.75, 0, 210, 1215
2026/02/23 16:15:10.123, 2, 57.06, 0, 210, 1215
2026/02/23 16:15:10.123, 3, 55.41, 0, 210, 1215
2026/02/23 16:15:10.173, 0, 223.99, 100, 1410, 1215
2026/02/23 16:15:10.173, 1, 54.75, 0, 210, 1215
2026/02/23 16:15:10.173, 2, 57.01, 0, 210, 1215
2026/02/23 16:15:10.173, 3, 55.35, 0, 210, 1215
2026/02/23 16:15:10.224, 0, 223.99, 100, 1410, 1215
2026/02/23 16:15:10.224, 1, 54.75, 0, 210, 1215
2026/02/23 16:15:10.224, 2, 57.01, 0, 210, 1215
2026/02/23 16:15:10.224, 3, 55.35, 0, 210, 1215
2026/02/23 16:15:10.274, 0, 223.99, 100, 1410, 1215
2026/02/23 16:15:10.274, 1, 54.70, 0, 210, 1215
2026/02/23 16:15:10.274, 2, 57.06, 0, 210, 1215
2026/02/23 16:15:10.274, 3, 55.41, 0, 210, 1215
2026/02/23 16:15:10.325, 0, 223.71, 100, 1410, 1215
2026/02/23 16:15:10.325, 1, 54.70, 0, 210, 1215
2026/02/23 16:15:10.325, 2, 57.06, 0, 210, 1215
2026/02/23 16:15:10.325, 3, 55.41, 0, 210, 1215
2026/02/23 16:15:10.375, 0, 223.71, 100, 1410, 1215
2026/02/23 16:15:10.375, 1, 54.75, 0, 210, 1215
2026/02/23 16:15:10.375, 2, 57.06, 0, 210, 1215
2026/02/23 16:15:10.375, 3, 55.41, 0, 210, 1215
2026/02/23 16:15:10.425, 0, 223.71, 100, 1410, 1215
2026/02/23 16:15:10.426, 1, 54.75, 0, 210, 1215
2026/02/23 16:15:10.426, 2, 57.06, 0, 210, 1215
2026/02/23 16:15:10.426, 3, 55.41, 0, 210, 1215
2026/02/23 16:15:10.476, 0, 223.71, 100, 1410, 1215
2026/02/23 16:15:10.476, 1, 54.70, 0, 210, 1215
2026/02/23 16:15:10.476, 2, 57.06, 0, 210, 1215
2026/02/23 16:15:10.476, 3, 55.41, 0, 210, 1215
2026/02/23 16:15:10.526, 0, 223.44, 100, 1410, 1215
2026/02/23 16:15:10.526, 1, 54.70, 0, 210, 1215
2026/02/23 16:15:10.527, 2, 57.06, 0, 210, 1215
2026/02/23 16:15:10.527, 3, 55.41, 0, 210, 1215
2026/02/23 16:15:10.577, 0, 223.44, 100, 1410, 1215
2026/02/23 16:15:10.577, 1, 54.75, 0, 210, 1215
2026/02/23 16:15:10.577, 2, 57.34, 0, 210, 1215
2026/02/23 16:15:10.577, 3, 55.41, 0, 210, 1215
2026/02/23 16:15:10.627, 0, 223.44, 100, 1410, 1215
2026/02/23 16:15:10.627, 1, 54.75, 0, 210, 1215
2026/02/23 16:15:10.627, 2, 57.34, 0, 210, 1215
2026/02/23 16:15:10.628, 3, 55.41, 0, 210, 1215
2026/02/23 16:15:10.678, 0, 223.44, 100, 1410, 1215
2026/02/23 16:15:10.678, 1, 54.75, 0, 210, 1215
2026/02/23 16:15:10.678, 2, 57.34, 0, 210, 1215
2026/02/23 16:15:10.678, 3, 55.41, 0, 210, 1215
2026/02/23 16:15:10.728, 0, 223.71, 100, 1410, 1215
2026/02/23 16:15:10.728, 1, 54.75, 0, 210, 1215
2026/02/23 16:15:10.728, 2, 57.34, 0, 210, 1215
2026/02/23 16:15:10.728, 3, 55.41, 0, 210, 1215
2026/02/23 16:15:10.779, 0, 223.71, 100, 1410, 1215
2026/02/23 16:15:10.779, 1, 54.75, 0, 210, 1215
2026/02/23 16:15:10.779, 2, 57.28, 0, 210, 1215
2026/02/23 16:15:10.779, 3, 55.41, 0, 210, 1215
2026/02/23 16:15:10.829, 0, 223.71, 100, 1410, 1215
2026/02/23 16:15:10.829, 1, 54.75, 0, 210, 1215
2026/02/23 16:15:10.829, 2, 57.28, 0, 210, 1215
2026/02/23 16:15:10.829, 3, 55.41, 0, 210, 1215
2026/02/23 16:15:10.879, 0, 223.71, 100, 1410, 1215
2026/02/23 16:15:10.879, 1, 54.70, 0, 210, 1215
2026/02/23 16:15:10.879, 2, 57.06, 0, 210, 1215
2026/02/23 16:15:10.880, 3, 55.41, 0, 210, 1215
2026/02/23 16:15:10.930, 0, 223.44, 100, 1410, 1215
2026/02/23 16:15:10.930, 1, 54.70, 0, 210, 1215
2026/02/23 16:15:10.930, 2, 57.06, 0, 210, 1215
2026/02/23 16:15:10.930, 3, 55.41, 0, 210, 1215
2026/02/23 16:15:10.980, 0, 223.44, 100, 1410, 1215
2026/02/23 16:15:10.980, 1, 54.75, 0, 210, 1215
2026/02/23 16:15:10.980, 2, 57.28, 0, 210, 1215
2026/02/23 16:15:10.980, 3, 55.41, 0, 210, 1215
2026/02/23 16:15:11.031, 0, 223.44, 100, 1410, 1215
2026/02/23 16:15:11.031, 1, 54.75, 0, 210, 1215
2026/02/23 16:15:11.031, 2, 57.28, 0, 210, 1215
2026/02/23 16:15:11.031, 3, 55.41, 0, 210, 1215
2026/02/23 16:15:11.081, 0, 223.44, 100, 1410, 1215
2026/02/23 16:15:11.081, 1, 54.75, 0, 210, 1215
2026/02/23 16:15:11.081, 2, 57.34, 0, 210, 1215
2026/02/23 16:15:11.081, 3, 55.41, 0, 210, 1215
2026/02/23 16:15:11.132, 0, 223.44, 100, 1410, 1215
2026/02/23 16:15:11.132, 1, 54.75, 0, 210, 1215
2026/02/23 16:15:11.132, 2, 57.34, 0, 210, 1215
2026/02/23 16:15:11.132, 3, 55.41, 0, 210, 1215
2026/02/23 16:15:11.182, 0, 223.44, 100, 1410, 1215
2026/02/23 16:15:11.182, 1, 54.75, 0, 210, 1215
2026/02/23 16:15:11.182, 2, 57.28, 0, 210, 1215
2026/02/23 16:15:11.182, 3, 55.41, 0, 210, 1215
2026/02/23 16:15:11.232, 0, 223.44, 100, 1410, 1215
2026/02/23 16:15:11.233, 1, 54.75, 0, 210, 1215
2026/02/23 16:15:11.233, 2, 57.28, 0, 210, 1215
2026/02/23 16:15:11.233, 3, 55.41, 0, 210, 1215
2026/02/23 16:15:11.283, 0, 223.44, 100, 1410, 1215
2026/02/23 16:15:11.283, 1, 54.75, 0, 210, 1215
2026/02/23 16:15:11.283, 2, 57.06, 0, 210, 1215
2026/02/23 16:15:11.283, 3, 55.41, 0, 210, 1215
2026/02/23 16:15:11.333, 0, 223.44, 100, 1410, 1215
2026/02/23 16:15:11.333, 1, 54.75, 0, 210, 1215
2026/02/23 16:15:11.334, 2, 57.06, 0, 210, 1215
2026/02/23 16:15:11.334, 3, 55.41, 0, 210, 1215
2026/02/23 16:15:11.384, 0, 223.44, 100, 1410, 1215
2026/02/23 16:15:11.384, 1, 54.70, 0, 210, 1215
2026/02/23 16:15:11.384, 2, 57.34, 0, 210, 1215
2026/02/23 16:15:11.384, 3, 55.41, 0, 210, 1215
2026/02/23 16:15:11.434, 0, 223.44, 100, 1410, 1215
2026/02/23 16:15:11.435, 1, 54.70, 0, 210, 1215
2026/02/23 16:15:11.435, 2, 57.34, 0, 210, 1215
2026/02/23 16:15:11.435, 3, 55.41, 0, 210, 1215
2026/02/23 16:15:11.485, 0, 223.44, 100, 1410, 1215
2026/02/23 16:15:11.486, 1, 54.75, 0, 210, 1215
2026/02/23 16:15:11.486, 2, 57.01, 0, 210, 1215
2026/02/23 16:15:11.486, 3, 55.41, 0, 210, 1215
2026/02/23 16:15:11.536, 0, 223.94, 100, 1410, 1215
2026/02/23 16:15:11.536, 1, 54.75, 0, 210, 1215
2026/02/23 16:15:11.536, 2, 57.01, 0, 210, 1215
2026/02/23 16:15:11.536, 3, 55.41, 0, 210, 1215
2026/02/23 16:15:11.586, 0, 223.94, 100, 1410, 1215
2026/02/23 16:15:11.586, 1, 54.75, 0, 210, 1215
2026/02/23 16:15:11.587, 2, 57.06, 0, 210, 1215
2026/02/23 16:15:11.587, 3, 55.41, 0, 210, 1215
2026/02/23 16:15:11.637, 0, 223.71, 100, 1410, 1215
2026/02/23 16:15:11.637, 1, 54.75, 0, 210, 1215
2026/02/23 16:15:11.637, 2, 57.06, 0, 210, 1215
2026/02/23 16:15:11.637, 3, 55.41, 0, 210, 1215
2026/02/23 16:15:11.687, 0, 223.71, 100, 1410, 1215
2026/02/23 16:15:11.687, 1, 54.75, 0, 210, 1215
2026/02/23 16:15:11.687, 2, 57.01, 0, 210, 1215
2026/02/23 16:15:11.688, 3, 55.41, 0, 210, 1215
2026/02/23 16:15:11.738, 0, 223.71, 100, 1410, 1215
2026/02/23 16:15:11.738, 1, 54.75, 0, 210, 1215
2026/02/23 16:15:11.738, 2, 57.01, 0, 210, 1215
2026/02/23 16:15:11.738, 3, 55.41, 0, 210, 1215
2026/02/23 16:15:11.788, 0, 223.71, 100, 1410, 1215
2026/02/23 16:15:11.788, 1, 54.75, 0, 210, 1215
2026/02/23 16:15:11.788, 2, 57.06, 0, 210, 1215
2026/02/23 16:15:11.788, 3, 55.41, 0, 210, 1215
2026/02/23 16:15:11.839, 0, 224.32, 100, 1410, 1215
2026/02/23 16:15:11.839, 1, 54.75, 0, 210, 1215
2026/02/23 16:15:11.839, 2, 57.06, 0, 210, 1215
2026/02/23 16:15:11.839, 3, 55.41, 0, 210, 1215
2026/02/23 16:15:11.889, 0, 224.32, 100, 1410, 1215
2026/02/23 16:15:11.889, 1, 54.75, 0, 210, 1215
2026/02/23 16:15:11.889, 2, 57.06, 0, 210, 1215
2026/02/23 16:15:11.889, 3, 55.41, 0, 210, 1215
2026/02/23 16:15:11.940, 0, 223.99, 100, 1410, 1215
2026/02/23 16:15:11.940, 1, 54.75, 0, 210, 1215
2026/02/23 16:15:11.940, 2, 57.06, 0, 210, 1215
2026/02/23 16:15:11.940, 3, 55.41, 0, 210, 1215
2026/02/23 16:15:11.990, 0, 223.99, 100, 1410, 1215
2026/02/23 16:15:11.990, 1, 54.75, 0, 210, 1215
2026/02/23 16:15:11.990, 2, 57.06, 0, 210, 1215
2026/02/23 16:15:11.990, 3, 55.41, 0, 210, 1215
2026/02/23 16:15:12.040, 0, 224.32, 100, 1410, 1215
2026/02/23 16:15:12.041, 1, 54.75, 0, 210, 1215
2026/02/23 16:15:12.041, 2, 57.06, 0, 210, 1215
2026/02/23 16:15:12.041, 3, 55.41, 0, 210, 1215
2026/02/23 16:15:12.091, 0, 224.32, 100, 1410, 1215
2026/02/23 16:15:12.091, 1, 54.75, 0, 210, 1215
2026/02/23 16:15:12.091, 2, 57.01, 0, 210, 1215
2026/02/23 16:15:12.091, 3, 55.41, 0, 210, 1215
2026/02/23 16:15:12.141, 0, 224.55, 100, 1410, 1215
2026/02/23 16:15:12.141, 1, 55.03, 0, 210, 1215
2026/02/23 16:15:12.141, 2, 57.01, 0, 210, 1215
2026/02/23 16:15:12.142, 3, 55.41, 0, 210, 1215
2026/02/23 16:15:12.192, 0, 224.55, 100, 1410, 1215
2026/02/23 16:15:12.192, 1, 55.03, 0, 210, 1215
2026/02/23 16:15:12.192, 2, 57.06, 0, 210, 1215
2026/02/23 16:15:12.192, 3, 55.41, 0, 210, 1215
2026/02/23 16:15:12.242, 0, 224.21, 100, 1410, 1215
2026/02/23 16:15:12.242, 1, 54.75, 0, 210, 1215
2026/02/23 16:15:12.242, 2, 57.06, 0, 210, 1215
2026/02/23 16:15:12.242, 3, 55.41, 0, 210, 1215
2026/02/23 16:15:12.293, 0, 224.21, 100, 1410, 1215
2026/02/23 16:15:12.293, 1, 54.75, 0, 210, 1215
2026/02/23 16:15:12.293, 2, 57.06, 0, 210, 1215
2026/02/23 16:15:12.293, 3, 55.41, 0, 210, 1215
2026/02/23 16:15:12.343, 0, 224.32, 100, 1410, 1215
2026/02/23 16:15:12.343, 1, 54.75, 0, 210, 1215
2026/02/23 16:15:12.343, 2, 57.06, 0, 210, 1215
2026/02/23 16:15:12.343, 3, 55.41, 0, 210, 1215
2026/02/23 16:15:12.394, 0, 224.32, 100, 1410, 1215
2026/02/23 16:15:12.394, 1, 54.75, 0, 210, 1215
2026/02/23 16:15:12.394, 2, 57.06, 0, 210, 1215
2026/02/23 16:15:12.394, 3, 55.41, 0, 210, 1215
2026/02/23 16:15:12.444, 0, 223.99, 100, 1410, 1215
2026/02/23 16:15:12.444, 1, 54.75, 0, 210, 1215
2026/02/23 16:15:12.444, 2, 57.06, 0, 210, 1215
2026/02/23 16:15:12.444, 3, 55.41, 0, 210, 1215
2026/02/23 16:15:12.494, 0, 223.99, 100, 1410, 1215
2026/02/23 16:15:12.495, 1, 54.75, 0, 210, 1215
2026/02/23 16:15:12.495, 2, 57.01, 0, 210, 1215
2026/02/23 16:15:12.495, 3, 55.41, 0, 210, 1215
2026/02/23 16:15:12.545, 0, 223.99, 100, 1410, 1215
2026/02/23 16:15:12.545, 1, 55.03, 0, 210, 1215
2026/02/23 16:15:12.545, 2, 57.01, 0, 210, 1215
2026/02/23 16:15:12.545, 3, 55.41, 0, 210, 1215
2026/02/23 16:15:12.595, 0, 223.99, 100, 1410, 1215
2026/02/23 16:15:12.595, 1, 55.03, 0, 210, 1215
2026/02/23 16:15:12.596, 2, 57.06, 0, 210, 1215
2026/02/23 16:15:12.596, 3, 55.41, 0, 210, 1215
2026/02/23 16:15:12.646, 0, 223.99, 100, 1410, 1215
2026/02/23 16:15:12.646, 1, 54.75, 0, 210, 1215
2026/02/23 16:15:12.646, 2, 57.06, 0, 210, 1215
2026/02/23 16:15:12.646, 3, 55.41, 0, 210, 1215
2026/02/23 16:15:12.696, 0, 223.99, 100, 1410, 1215
2026/02/23 16:15:12.696, 1, 54.75, 0, 210, 1215
2026/02/23 16:15:12.696, 2, 57.06, 0, 210, 1215
2026/02/23 16:15:12.696, 3, 55.41, 0, 210, 1215
2026/02/23 16:15:12.747, 0, 223.99, 100, 1410, 1215
2026/02/23 16:15:12.747, 1, 55.03, 0, 210, 1215
2026/02/23 16:15:12.747, 2, 57.06, 0, 210, 1215
2026/02/23 16:15:12.747, 3, 55.41, 0, 210, 1215
2026/02/23 16:15:12.797, 0, 223.99, 100, 1410, 1215
2026/02/23 16:15:12.797, 1, 55.03, 0, 210, 1215
2026/02/23 16:15:12.797, 2, 57.06, 0, 210, 1215
2026/02/23 16:15:12.797, 3, 55.41, 0, 210, 1215
2026/02/23 16:15:12.848, 0, 223.71, 100, 1410, 1215
2026/02/23 16:15:12.848, 1, 54.75, 0, 210, 1215
2026/02/23 16:15:12.848, 2, 57.06, 0, 210, 1215
2026/02/23 16:15:12.848, 3, 55.41, 0, 210, 1215
2026/02/23 16:15:12.898, 0, 223.71, 100, 1410, 1215
2026/02/23 16:15:12.898, 1, 54.75, 0, 210, 1215
2026/02/23 16:15:12.898, 2, 57.06, 0, 210, 1215
2026/02/23 16:15:12.898, 3, 55.41, 0, 210, 1215
2026/02/23 16:15:12.948, 0, 223.99, 100, 1410, 1215
2026/02/23 16:15:12.949, 1, 55.03, 0, 210, 1215
2026/02/23 16:15:12.949, 2, 57.06, 0, 210, 1215
2026/02/23 16:15:12.949, 3, 55.41, 0, 210, 1215
2026/02/23 16:15:12.999, 0, 223.99, 100, 1410, 1215
2026/02/23 16:15:12.999, 1, 55.03, 0, 210, 1215
2026/02/23 16:15:12.999, 2, 57.06, 0, 210, 1215
2026/02/23 16:15:12.999, 3, 55.41, 0, 210, 1215
2026/02/23 16:15:13.049, 0, 223.71, 100, 1410, 1215
2026/02/23 16:15:13.049, 1, 54.75, 0, 210, 1215
2026/02/23 16:15:13.050, 2, 57.01, 0, 210, 1215
2026/02/23 16:15:13.050, 3, 55.41, 0, 210, 1215
2026/02/23 16:15:13.100, 0, 223.71, 100, 1410, 1215
2026/02/23 16:15:13.100, 1, 54.75, 0, 210, 1215
2026/02/23 16:15:13.100, 2, 57.01, 0, 210, 1215
2026/02/23 16:15:13.100, 3, 55.41, 0, 210, 1215
2026/02/23 16:15:13.150, 0, 223.71, 100, 1410, 1215
2026/02/23 16:15:13.150, 1, 55.03, 0, 210, 1215
2026/02/23 16:15:13.150, 2, 57.01, 0, 210, 1215
2026/02/23 16:15:13.151, 3, 55.41, 0, 210, 1215
2026/02/23 16:15:13.201, 0, 223.71, 100, 1410, 1215
2026/02/23 16:15:13.201, 1, 55.03, 0, 210, 1215
2026/02/23 16:15:13.201, 2, 57.01, 0, 210, 1215
2026/02/23 16:15:13.201, 3, 55.41, 0, 210, 1215
2026/02/23 16:15:13.251, 0, 223.71, 100, 1410, 1215
2026/02/23 16:15:13.251, 1, 54.75, 0, 210, 1215
2026/02/23 16:15:13.251, 2, 57.06, 0, 210, 1215
2026/02/23 16:15:13.251, 3, 55.41, 0, 210, 1215
2026/02/23 16:15:13.302, 0, 223.71, 100, 1410, 1215
2026/02/23 16:15:13.302, 1, 54.75, 0, 210, 1215
2026/02/23 16:15:13.302, 2, 57.06, 0, 210, 1215
2026/02/23 16:15:13.302, 3, 55.41, 0, 210, 1215
2026/02/23 16:15:13.352, 0, 223.71, 100, 1410, 1215
2026/02/23 16:15:13.352, 1, 55.03, 0, 210, 1215
2026/02/23 16:15:13.352, 2, 57.01, 0, 210, 1215
2026/02/23 16:15:13.352, 3, 55.41, 0, 210, 1215
2026/02/23 16:15:13.402, 0, 223.71, 100, 1410, 1215
2026/02/23 16:15:13.403, 1, 55.03, 0, 210, 1215
2026/02/23 16:15:13.403, 2, 57.01, 0, 210, 1215
2026/02/23 16:15:13.403, 3, 55.41, 0, 210, 1215
2026/02/23 16:15:13.453, 0, 223.71, 100, 1410, 1215
2026/02/23 16:15:13.453, 1, 54.70, 0, 210, 1215
2026/02/23 16:15:13.453, 2, 57.01, 0, 210, 1215
2026/02/23 16:15:13.453, 3, 55.41, 0, 210, 1215
2026/02/23 16:15:13.503, 0, 223.71, 100, 1410, 1215
2026/02/23 16:15:13.503, 1, 54.70, 0, 210, 1215
2026/02/23 16:15:13.504, 2, 57.01, 0, 210, 1215
2026/02/23 16:15:13.504, 3, 55.41, 0, 210, 1215
2026/02/23 16:15:13.554, 0, 223.71, 100, 1410, 1215
2026/02/23 16:15:13.554, 1, 55.03, 0, 210, 1215
2026/02/23 16:15:13.554, 2, 57.01, 0, 210, 1215
2026/02/23 16:15:13.554, 3, 55.41, 0, 210, 1215
2026/02/23 16:15:13.604, 0, 223.71, 100, 1410, 1215
2026/02/23 16:15:13.604, 1, 55.03, 0, 210, 1215
2026/02/23 16:15:13.604, 2, 57.01, 0, 210, 1215
2026/02/23 16:15:13.605, 3, 55.41, 0, 210, 1215
2026/02/23 16:15:13.655, 0, 223.44, 100, 1410, 1215
2026/02/23 16:15:13.655, 1, 54.70, 0, 210, 1215
2026/02/23 16:15:13.655, 2, 57.01, 0, 210, 1215
2026/02/23 16:15:13.655, 3, 55.41, 0, 210, 1215
2026/02/23 16:15:13.705, 0, 223.44, 100, 1410, 1215
2026/02/23 16:15:13.705, 1, 54.70, 0, 210, 1215
2026/02/23 16:15:13.705, 2, 57.01, 0, 210, 1215
2026/02/23 16:15:13.705, 3, 55.41, 0, 210, 1215
2026/02/23 16:15:13.756, 0, 223.44, 100, 1410, 1215
2026/02/23 16:15:13.756, 1, 55.03, 0, 210, 1215
2026/02/23 16:15:13.756, 2, 57.01, 0, 210, 1215
2026/02/23 16:15:13.756, 3, 55.41, 0, 210, 1215
2026/02/23 16:15:13.806, 0, 223.44, 100, 1410, 1215
2026/02/23 16:15:13.806, 1, 55.03, 0, 210, 1215
2026/02/23 16:15:13.806, 2, 57.01, 0, 210, 1215
2026/02/23 16:15:13.806, 3, 55.41, 0, 210, 1215
2026/02/23 16:15:13.856, 0, 223.44, 100, 1410, 1215
2026/02/23 16:15:13.857, 1, 54.70, 0, 210, 1215
2026/02/23 16:15:13.857, 2, 57.01, 0, 210, 1215
2026/02/23 16:15:13.857, 3, 55.41, 0, 210, 1215
2026/02/23 16:15:13.907, 0, 223.44, 100, 1410, 1215
2026/02/23 16:15:13.907, 1, 54.70, 0, 210, 1215
2026/02/23 16:15:13.907, 2, 57.01, 0, 210, 1215
2026/02/23 16:15:13.907, 3, 55.41, 0, 210, 1215
2026/02/23 16:15:13.957, 0, 223.71, 100, 1410, 1215
2026/02/23 16:15:13.957, 1, 55.03, 0, 210, 1215
2026/02/23 16:15:13.958, 2, 57.28, 0, 210, 1215
2026/02/23 16:15:13.958, 3, 55.41, 0, 210, 1215
2026/02/23 16:15:14.008, 0, 223.71, 100, 1410, 1215
2026/02/23 16:15:14.008, 1, 55.03, 0, 210, 1215
2026/02/23 16:15:14.008, 2, 57.28, 0, 210, 1215
2026/02/23 16:15:14.008, 3, 55.41, 0, 210, 1215
2026/02/23 16:15:14.058, 0, 223.44, 100, 1410, 1215
2026/02/23 16:15:14.058, 1, 54.75, 0, 210, 1215
2026/02/23 16:15:14.058, 2, 57.06, 0, 210, 1215
2026/02/23 16:15:14.059, 3, 55.41, 0, 210, 1215
2026/02/23 16:15:14.109, 0, 223.44, 100, 1410, 1215
2026/02/23 16:15:14.109, 1, 54.75, 0, 210, 1215
2026/02/23 16:15:14.109, 2, 57.06, 0, 210, 1215
2026/02/23 16:15:14.109, 3, 55.41, 0, 210, 1215
2026/02/23 16:15:14.159, 0, 223.44, 100, 1410, 1215
2026/02/23 16:15:14.159, 1, 54.75, 0, 210, 1215
2026/02/23 16:15:14.159, 2, 57.06, 0, 210, 1215
2026/02/23 16:15:14.159, 3, 55.41, 0, 210, 1215
2026/02/23 16:15:14.210, 0, 223.44, 100, 1410, 1215
2026/02/23 16:15:14.210, 1, 54.75, 0, 210, 1215
2026/02/23 16:15:14.210, 2, 57.06, 0, 210, 1215
2026/02/23 16:15:14.210, 3, 55.41, 0, 210, 1215
2026/02/23 16:15:14.260, 0, 223.44, 100, 1410, 1215
2026/02/23 16:15:14.260, 1, 54.75, 0, 210, 1215
2026/02/23 16:15:14.260, 2, 57.01, 0, 210, 1215
2026/02/23 16:15:14.260, 3, 55.41, 0, 210, 1215
2026/02/23 16:15:14.311, 0, 223.44, 100, 1410, 1215
2026/02/23 16:15:14.311, 1, 54.75, 0, 210, 1215
2026/02/23 16:15:14.311, 2, 57.01, 0, 210, 1215
2026/02/23 16:15:14.311, 3, 55.41, 0, 210, 1215
2026/02/23 16:15:14.361, 0, 223.44, 100, 1410, 1215
2026/02/23 16:15:14.361, 1, 54.75, 0, 210, 1215
2026/02/23 16:15:14.361, 2, 57.06, 0, 210, 1215
2026/02/23 16:15:14.361, 3, 55.41, 0, 210, 1215
2026/02/23 16:15:14.411, 0, 223.44, 100, 1410, 1215
2026/02/23 16:15:14.411, 1, 54.75, 0, 210, 1215
2026/02/23 16:15:14.412, 2, 57.06, 0, 210, 1215
2026/02/23 16:15:14.412, 3, 55.41, 0, 210, 1215
2026/02/23 16:15:14.462, 0, 223.94, 100, 1410, 1215
2026/02/23 16:15:14.462, 1, 54.75, 0, 210, 1215
2026/02/23 16:15:14.462, 2, 57.06, 0, 210, 1215
2026/02/23 16:15:14.462, 3, 55.41, 0, 210, 1215
2026/02/23 16:15:14.512, 0, 223.94, 100, 1410, 1215
2026/02/23 16:15:14.512, 1, 54.75, 0, 210, 1215
2026/02/23 16:15:14.512, 2, 57.06, 0, 210, 1215
2026/02/23 16:15:14.513, 3, 55.41, 0, 210, 1215
2026/02/23 16:15:14.563, 0, 223.71, 100, 1410, 1215
2026/02/23 16:15:14.563, 1, 54.75, 0, 210, 1215
2026/02/23 16:15:14.563, 2, 57.06, 0, 210, 1215
2026/02/23 16:15:14.563, 3, 55.41, 0, 210, 1215
2026/02/23 16:15:14.613, 0, 223.71, 100, 1410, 1215
2026/02/23 16:15:14.613, 1, 54.75, 0, 210, 1215
2026/02/23 16:15:14.613, 2, 57.06, 0, 210, 1215
2026/02/23 16:15:14.613, 3, 55.41, 0, 210, 1215
2026/02/23 16:15:14.664, 0, 223.94, 100, 1410, 1215
2026/02/23 16:15:14.664, 1, 54.75, 0, 210, 1215
2026/02/23 16:15:14.664, 2, 57.06, 0, 210, 1215
2026/02/23 16:15:14.664, 3, 55.41, 0, 210, 1215
2026/02/23 16:15:14.714, 0, 223.94, 100, 1410, 1215
2026/02/23 16:15:14.714, 1, 54.75, 0, 210, 1215
2026/02/23 16:15:14.714, 2, 57.06, 0, 210, 1215
2026/02/23 16:15:14.714, 3, 55.41, 0, 210, 1215
2026/02/23 16:15:14.764, 0, 223.71, 100, 1410, 1215
2026/02/23 16:15:14.765, 1, 54.75, 0, 210, 1215
2026/02/23 16:15:14.765, 2, 57.01, 0, 210, 1215
2026/02/23 16:15:14.765, 3, 55.41, 0, 210, 1215
2026/02/23 16:15:14.815, 0, 223.71, 100, 1410, 1215
2026/02/23 16:15:14.815, 1, 54.75, 0, 210, 1215
2026/02/23 16:15:14.815, 2, 57.01, 0, 210, 1215
2026/02/23 16:15:14.815, 3, 55.41, 0, 210, 1215
2026/02/23 16:15:14.865, 0, 223.71, 100, 1410, 1215
2026/02/23 16:15:14.865, 1, 54.75, 0, 210, 1215
2026/02/23 16:15:14.866, 2, 57.06, 0, 210, 1215
2026/02/23 16:15:14.866, 3, 55.41, 0, 210, 1215
2026/02/23 16:15:14.916, 0, 224.59, 100, 1410, 1215
2026/02/23 16:15:14.916, 1, 54.75, 0, 210, 1215
2026/02/23 16:15:14.916, 2, 57.06, 0, 210, 1215
2026/02/23 16:15:14.916, 3, 55.41, 0, 210, 1215
2026/02/23 16:15:14.966, 0, 224.59, 100, 1410, 1215
2026/02/23 16:15:14.966, 1, 54.75, 0, 210, 1215
2026/02/23 16:15:14.966, 2, 57.06, 0, 210, 1215
2026/02/23 16:15:14.966, 3, 55.41, 0, 210, 1215
2026/02/23 16:15:15.017, 0, 224.32, 100, 1410, 1215
2026/02/23 16:15:15.017, 1, 54.75, 0, 210, 1215
2026/02/23 16:15:15.017, 2, 57.06, 0, 210, 1215
2026/02/23 16:15:15.017, 3, 55.41, 0, 210, 1215
2026/02/23 16:15:15.067, 0, 224.32, 100, 1410, 1215
2026/02/23 16:15:15.067, 1, 54.75, 0, 210, 1215
2026/02/23 16:15:15.067, 2, 57.06, 0, 210, 1215
2026/02/23 16:15:15.067, 3, 55.41, 0, 210, 1215
2026/02/23 16:15:15.117, 0, 224.32, 100, 1410, 1215
2026/02/23 16:15:15.118, 1, 54.75, 0, 210, 1215
2026/02/23 16:15:15.118, 2, 57.06, 0, 210, 1215
2026/02/23 16:15:15.118, 3, 55.41, 0, 210, 1215
2026/02/23 16:15:15.168, 0, 224.32, 100, 1410, 1215
2026/02/23 16:15:15.168, 1, 55.03, 0, 210, 1215
2026/02/23 16:15:15.168, 2, 57.01, 0, 210, 1215
2026/02/23 16:15:15.168, 3, 55.41, 0, 210, 1215
2026/02/23 16:15:15.218, 0, 224.32, 100, 1410, 1215
2026/02/23 16:15:15.218, 1, 55.03, 0, 210, 1215
2026/02/23 16:15:15.219, 2, 57.01, 0, 210, 1215
2026/02/23 16:15:15.219, 3, 55.41, 0, 210, 1215
2026/02/23 16:15:15.269, 0, 224.32, 100, 1410, 1215
2026/02/23 16:15:15.269, 1, 54.75, 0, 210, 1215
2026/02/23 16:15:15.269, 2, 57.06, 0, 210, 1215
2026/02/23 16:15:15.269, 3, 55.41, 0, 210, 1215
2026/02/23 16:15:15.319, 0, 224.32, 100, 1410, 1215
2026/02/23 16:15:15.319, 1, 54.75, 0, 210, 1215
2026/02/23 16:15:15.319, 2, 57.06, 0, 210, 1215
2026/02/23 16:15:15.319, 3, 55.41, 0, 210, 1215
2026/02/23 16:15:15.370, 0, 224.32, 100, 1410, 1215
2026/02/23 16:15:15.370, 1, 54.75, 0, 210, 1215
2026/02/23 16:15:15.370, 2, 57.06, 0, 210, 1215
2026/02/23 16:15:15.370, 3, 55.41, 0, 210, 1215
2026/02/23 16:15:15.420, 0, 224.32, 100, 1410, 1215
2026/02/23 16:15:15.420, 1, 54.75, 0, 210, 1215
2026/02/23 16:15:15.420, 2, 57.06, 0, 210, 1215
2026/02/23 16:15:15.420, 3, 55.41, 0, 210, 1215
2026/02/23 16:15:15.471, 0, 224.32, 100, 1410, 1215
2026/02/23 16:15:15.471, 1, 54.75, 0, 210, 1215
2026/02/23 16:15:15.471, 2, 57.06, 0, 210, 1215
2026/02/23 16:15:15.471, 3, 55.41, 0, 210, 1215
2026/02/23 16:15:15.521, 0, 224.55, 100, 1410, 1215
2026/02/23 16:15:15.521, 1, 54.75, 0, 210, 1215
2026/02/23 16:15:15.521, 2, 57.06, 0, 210, 1215
2026/02/23 16:15:15.521, 3, 55.41, 0, 210, 1215
2026/02/23 16:15:15.571, 0, 224.55, 100, 1410, 1215
2026/02/23 16:15:15.572, 1, 54.75, 0, 210, 1215
2026/02/23 16:15:15.572, 2, 57.06, 0, 210, 1215
2026/02/23 16:15:15.572, 3, 55.41, 0, 210, 1215
2026/02/23 16:15:15.622, 0, 223.99, 100, 1410, 1215
2026/02/23 16:15:15.622, 1, 54.75, 0, 210, 1215
2026/02/23 16:15:15.622, 2, 57.06, 0, 210, 1215
2026/02/23 16:15:15.622, 3, 55.41, 0, 210, 1215
2026/02/23 16:15:15.672, 0, 223.99, 100, 1410, 1215
2026/02/23 16:15:15.672, 1, 54.75, 0, 210, 1215
2026/02/23 16:15:15.673, 2, 57.06, 0, 210, 1215
2026/02/23 16:15:15.673, 3, 55.41, 0, 210, 1215
2026/02/23 16:15:15.723, 0, 224.32, 100, 1410, 1215
2026/02/23 16:15:15.723, 1, 54.75, 0, 210, 1215
2026/02/23 16:15:15.723, 2, 57.06, 0, 210, 1215
2026/02/23 16:15:15.723, 3, 55.41, 0, 210, 1215
2026/02/23 16:15:15.773, 0, 224.32, 100, 1410, 1215
2026/02/23 16:15:15.773, 1, 54.75, 0, 210, 1215
2026/02/23 16:15:15.773, 2, 57.01, 0, 210, 1215
2026/02/23 16:15:15.774, 3, 55.41, 0, 210, 1215
2026/02/23 16:15:15.824, 0, 223.99, 100, 1410, 1215
2026/02/23 16:15:15.824, 1, 54.75, 0, 210, 1215
2026/02/23 16:15:15.824, 2, 57.01, 0, 210, 1215
2026/02/23 16:15:15.824, 3, 55.41, 0, 210, 1215
2026/02/23 16:15:15.874, 0, 223.99, 100, 1410, 1215
2026/02/23 16:15:15.874, 1, 54.75, 0, 210, 1215
2026/02/23 16:15:15.874, 2, 57.01, 0, 210, 1215
2026/02/23 16:15:15.874, 3, 55.41, 0, 210, 1215
2026/02/23 16:15:15.925, 0, 224.32, 100, 1410, 1215
2026/02/23 16:15:15.925, 1, 54.75, 0, 210, 1215
2026/02/23 16:15:15.925, 2, 57.01, 0, 210, 1215
2026/02/23 16:15:15.925, 3, 55.41, 0, 210, 1215
2026/02/23 16:15:15.975, 0, 224.32, 100, 1410, 1215
2026/02/23 16:15:15.975, 1, 54.75, 0, 210, 1215
2026/02/23 16:15:15.975, 2, 57.06, 0, 210, 1215
2026/02/23 16:15:15.975, 3, 55.41, 0, 210, 1215
2026/02/23 16:15:16.025, 0, 223.99, 100, 1410, 1215
2026/02/23 16:15:16.026, 1, 54.75, 0, 210, 1215
2026/02/23 16:15:16.026, 2, 57.06, 0, 210, 1215
2026/02/23 16:15:16.026, 3, 55.41, 0, 210, 1215
2026/02/23 16:15:16.076, 0, 223.99, 100, 1410, 1215
2026/02/23 16:15:16.076, 1, 54.75, 0, 210, 1215
2026/02/23 16:15:16.076, 2, 57.06, 0, 210, 1215
2026/02/23 16:15:16.076, 3, 55.41, 0, 210, 1215
2026/02/23 16:15:16.126, 0, 223.99, 100, 1410, 1215
2026/02/23 16:15:16.127, 1, 54.75, 0, 210, 1215
2026/02/23 16:15:16.127, 2, 57.06, 0, 210, 1215
2026/02/23 16:15:16.127, 3, 55.41, 0, 210, 1215
2026/02/23 16:15:16.177, 0, 223.99, 100, 1410, 1215
2026/02/23 16:15:16.177, 1, 54.75, 0, 210, 1215
2026/02/23 16:15:16.177, 2, 57.01, 0, 210, 1215
2026/02/23 16:15:16.177, 3, 55.41, 0, 210, 1215
2026/02/23 16:15:16.227, 0, 223.99, 100, 1410, 1215
2026/02/23 16:15:16.227, 1, 54.75, 0, 210, 1215
2026/02/23 16:15:16.227, 2, 57.01, 0, 210, 1215
2026/02/23 16:15:16.228, 3, 55.41, 0, 210, 1215
2026/02/23 16:15:16.278, 0, 223.99, 100, 1410, 1215
2026/02/23 16:15:16.278, 1, 54.75, 0, 210, 1215
2026/02/23 16:15:16.278, 2, 57.06, 0, 210, 1215
2026/02/23 16:15:16.278, 3, 55.41, 0, 210, 1215
2026/02/23 16:15:16.328, 0, 223.99, 100, 1410, 1215
2026/02/23 16:15:16.328, 1, 54.75, 0, 210, 1215
2026/02/23 16:15:16.328, 2, 57.06, 0, 210, 1215
2026/02/23 16:15:16.328, 3, 55.41, 0, 210, 1215
2026/02/23 16:15:16.379, 0, 223.99, 100, 1410, 1215
2026/02/23 16:15:16.379, 1, 54.75, 0, 210, 1215
2026/02/23 16:15:16.379, 2, 57.01, 0, 210, 1215
2026/02/23 16:15:16.379, 3, 55.41, 0, 210, 1215
2026/02/23 16:15:16.429, 0, 223.71, 100, 1410, 1215
2026/02/23 16:15:16.429, 1, 54.75, 0, 210, 1215
2026/02/23 16:15:16.429, 2, 57.01, 0, 210, 1215
2026/02/23 16:15:16.429, 3, 55.41, 0, 210, 1215
2026/02/23 16:15:16.479, 0, 223.71, 100, 1410, 1215
2026/02/23 16:15:16.480, 1, 54.97, 0, 210, 1215
2026/02/23 16:15:16.480, 2, 57.28, 0, 210, 1215
2026/02/23 16:15:16.480, 3, 55.41, 0, 210, 1215
2026/02/23 16:15:16.530, 0, 223.99, 100, 1410, 1215
2026/02/23 16:15:16.530, 1, 54.97, 0, 210, 1215
2026/02/23 16:15:16.530, 2, 57.28, 0, 210, 1215
2026/02/23 16:15:16.530, 3, 55.41, 0, 210, 1215
2026/02/23 16:15:16.580, 0, 223.99, 100, 1410, 1215
2026/02/23 16:15:16.580, 1, 54.75, 0, 210, 1215
2026/02/23 16:15:16.581, 2, 57.06, 0, 210, 1215
2026/02/23 16:15:16.581, 3, 55.41, 0, 210, 1215
2026/02/23 16:15:16.631, 0, 223.99, 100, 1410, 1215
2026/02/23 16:15:16.631, 1, 54.75, 0, 210, 1215
2026/02/23 16:15:16.631, 2, 57.06, 0, 210, 1215
2026/02/23 16:15:16.631, 3, 55.41, 0, 210, 1215
2026/02/23 16:15:16.681, 0, 223.99, 100, 1410, 1215
2026/02/23 16:15:16.681, 1, 54.70, 0, 210, 1215
2026/02/23 16:15:16.681, 2, 57.01, 0, 210, 1215
2026/02/23 16:15:16.682, 3, 55.41, 0, 210, 1215
2026/02/23 16:15:16.732, 0, 223.99, 100, 1410, 1215
2026/02/23 16:15:16.732, 1, 54.70, 0, 210, 1215
2026/02/23 16:15:16.732, 2, 57.01, 0, 210, 1215
2026/02/23 16:15:16.732, 3, 55.41, 0, 210, 1215
2026/02/23 16:15:16.782, 0, 223.99, 100, 1410, 1215
2026/02/23 16:15:16.782, 1, 54.75, 0, 210, 1215
2026/02/23 16:15:16.782, 2, 57.01, 0, 210, 1215
2026/02/23 16:15:16.782, 3, 55.41, 0, 210, 1215
2026/02/23 16:15:16.833, 0, 223.99, 100, 1410, 1215
2026/02/23 16:15:16.833, 1, 54.75, 0, 210, 1215
2026/02/23 16:15:16.833, 2, 57.01, 0, 210, 1215
2026/02/23 16:15:16.833, 3, 55.41, 0, 210, 1215
2026/02/23 16:15:16.883, 0, 223.99, 100, 1410, 1215
2026/02/23 16:15:16.883, 1, 54.75, 0, 210, 1215
2026/02/23 16:15:16.883, 2, 57.01, 0, 210, 1215
2026/02/23 16:15:16.883, 3, 55.41, 0, 210, 1215
2026/02/23 16:15:16.933, 0, 223.71, 100, 1410, 1215
2026/02/23 16:15:16.934, 1, 54.75, 0, 210, 1215
2026/02/23 16:15:16.934, 2, 57.01, 0, 210, 1215
2026/02/23 16:15:16.934, 3, 55.41, 0, 210, 1215
2026/02/23 16:15:16.984, 0, 223.71, 100, 1410, 1215
2026/02/23 16:15:16.984, 1, 54.75, 0, 210, 1215
2026/02/23 16:15:16.984, 2, 57.01, 0, 210, 1215
2026/02/23 16:15:16.984, 3, 55.41, 0, 210, 1215
2026/02/23 16:15:17.034, 0, 223.94, 100, 1410, 1215
2026/02/23 16:15:17.034, 1, 54.75, 0, 210, 1215
2026/02/23 16:15:17.035, 2, 57.01, 0, 210, 1215
2026/02/23 16:15:17.035, 3, 55.41, 0, 210, 1215
2026/02/23 16:15:17.085, 0, 223.94, 100, 1410, 1215
2026/02/23 16:15:17.085, 1, 54.75, 0, 210, 1215
2026/02/23 16:15:17.085, 2, 57.01, 0, 210, 1215
2026/02/23 16:15:17.085, 3, 55.41, 0, 210, 1215
2026/02/23 16:15:17.135, 0, 223.71, 100, 1410, 1215
2026/02/23 16:15:17.135, 1, 54.75, 0, 210, 1215
2026/02/23 16:15:17.135, 2, 57.01, 0, 210, 1215
2026/02/23 16:15:17.136, 3, 55.41, 0, 210, 1215
2026/02/23 16:15:17.186, 0, 223.71, 100, 1410, 1215
2026/02/23 16:15:17.186, 1, 54.70, 0, 210, 1215
2026/02/23 16:15:17.186, 2, 57.01, 0, 210, 1215
2026/02/23 16:15:17.186, 3, 55.41, 0, 210, 1215
2026/02/23 16:15:17.236, 0, 223.44, 100, 1410, 1215
2026/02/23 16:15:17.236, 1, 54.70, 0, 210, 1215
2026/02/23 16:15:17.236, 2, 57.01, 0, 210, 1215
2026/02/23 16:15:17.236, 3, 55.41, 0, 210, 1215
2026/02/23 16:15:17.287, 0, 223.44, 100, 1410, 1215
2026/02/23 16:15:17.287, 1, 54.75, 0, 210, 1215
2026/02/23 16:15:17.287, 2, 57.06, 0, 210, 1215
2026/02/23 16:15:17.287, 3, 55.41, 0, 210, 1215
2026/02/23 16:15:17.337, 0, 223.71, 100, 1410, 1215
2026/02/23 16:15:17.337, 1, 54.75, 0, 210, 1215
2026/02/23 16:15:17.337, 2, 57.06, 0, 210, 1215
2026/02/23 16:15:17.337, 3, 55.41, 0, 210, 1215
2026/02/23 16:15:17.388, 0, 223.71, 100, 1410, 1215
2026/02/23 16:15:17.388, 1, 54.75, 0, 210, 1215
2026/02/23 16:15:17.388, 2, 57.01, 0, 210, 1215
2026/02/23 16:15:17.388, 3, 55.41, 0, 210, 1215
2026/02/23 16:15:17.438, 0, 223.71, 100, 1410, 1215
2026/02/23 16:15:17.438, 1, 54.75, 0, 210, 1215
2026/02/23 16:15:17.438, 2, 57.01, 0, 210, 1215
2026/02/23 16:15:17.438, 3, 55.41, 0, 210, 1215
2026/02/23 16:15:17.488, 0, 223.71, 100, 1410, 1215
2026/02/23 16:15:17.489, 1, 54.75, 0, 210, 1215
2026/02/23 16:15:17.489, 2, 57.06, 0, 210, 1215
2026/02/23 16:15:17.489, 3, 55.41, 0, 210, 1215
2026/02/23 16:15:17.539, 0, 223.71, 100, 1410, 1215
2026/02/23 16:15:17.539, 1, 54.75, 0, 210, 1215
2026/02/23 16:15:17.539, 2, 57.06, 0, 210, 1215
2026/02/23 16:15:17.539, 3, 55.41, 0, 210, 1215
2026/02/23 16:15:17.589, 0, 223.71, 100, 1410, 1215
2026/02/23 16:15:17.589, 1, 54.75, 0, 210, 1215
2026/02/23 16:15:17.589, 2, 57.34, 0, 210, 1215
2026/02/23 16:15:17.590, 3, 55.41, 0, 210, 1215
2026/02/23 16:15:17.640, 0, 223.71, 100, 1410, 1215
2026/02/23 16:15:17.640, 1, 54.70, 0, 210, 1215
2026/02/23 16:15:17.640, 2, 57.34, 0, 210, 1215
2026/02/23 16:15:17.640, 3, 55.41, 0, 210, 1215
2026/02/23 16:15:17.690, 0, 223.71, 100, 1410, 1215
2026/02/23 16:15:17.690, 1, 54.70, 0, 210, 1215
2026/02/23 16:15:17.690, 2, 57.01, 0, 210, 1215
2026/02/23 16:15:17.690, 3, 55.41, 0, 210, 1215
2026/02/23 16:15:17.741, 0, 223.94, 100, 1410, 1215
2026/02/23 16:15:17.741, 1, 54.75, 0, 210, 1215
2026/02/23 16:15:17.741, 2, 57.01, 0, 210, 1215
2026/02/23 16:15:17.741, 3, 55.41, 0, 210, 1215
2026/02/23 16:15:17.791, 0, 223.94, 100, 1410, 1215
2026/02/23 16:15:17.791, 1, 54.75, 0, 210, 1215
2026/02/23 16:15:17.791, 2, 57.06, 0, 210, 1215
2026/02/23 16:15:17.791, 3, 55.41, 0, 210, 1215
2026/02/23 16:15:17.842, 0, 223.99, 100, 1410, 1215
2026/02/23 16:15:17.842, 1, 54.70, 0, 210, 1215
2026/02/23 16:15:17.842, 2, 57.06, 0, 210, 1215
2026/02/23 16:15:17.842, 3, 55.41, 0, 210, 1215
2026/02/23 16:15:17.892, 0, 223.99, 100, 1410, 1215
2026/02/23 16:15:17.892, 1, 54.70, 0, 210, 1215
2026/02/23 16:15:17.892, 2, 57.06, 0, 210, 1215
2026/02/23 16:15:17.892, 3, 55.41, 0, 210, 1215
2026/02/23 16:15:17.942, 0, 223.94, 100, 1410, 1215
2026/02/23 16:15:17.943, 1, 54.75, 0, 210, 1215
2026/02/23 16:15:17.943, 2, 57.06, 0, 210, 1215
2026/02/23 16:15:17.943, 3, 55.41, 0, 210, 1215
2026/02/23 16:15:17.993, 0, 223.94, 100, 1410, 1215
2026/02/23 16:15:17.993, 1, 54.75, 0, 210, 1215
2026/02/23 16:15:17.993, 2, 57.06, 0, 210, 1215
2026/02/23 16:15:17.993, 3, 55.41, 0, 210, 1215
2026/02/23 16:15:18.043, 0, 223.99, 100, 1410, 1215
2026/02/23 16:15:18.043, 1, 54.75, 0, 210, 1215
2026/02/23 16:15:18.044, 2, 57.06, 0, 210, 1215
2026/02/23 16:15:18.044, 3, 55.41, 0, 210, 1215
2026/02/23 16:15:18.094, 0, 223.99, 100, 1410, 1215
2026/02/23 16:15:18.094, 1, 54.75, 0, 210, 1215
2026/02/23 16:15:18.094, 2, 57.06, 0, 210, 1215
2026/02/23 16:15:18.094, 3, 55.41, 0, 210, 1215
2026/02/23 16:15:18.144, 0, 223.99, 100, 1410, 1215
2026/02/23 16:15:18.144, 1, 54.75, 0, 210, 1215
2026/02/23 16:15:18.144, 2, 57.06, 0, 210, 1215
2026/02/23 16:15:18.144, 3, 55.41, 0, 210, 1215
2026/02/23 16:15:18.195, 0, 223.99, 100, 1410, 1215
2026/02/23 16:15:18.195, 1, 54.75, 0, 210, 1215
2026/02/23 16:15:18.195, 2, 57.06, 0, 210, 1215
2026/02/23 16:15:18.195, 3, 55.41, 0, 210, 1215
2026/02/23 16:15:18.245, 0, 224.59, 100, 1410, 1215
2026/02/23 16:15:18.245, 1, 54.75, 0, 210, 1215
2026/02/23 16:15:18.245, 2, 57.06, 0, 210, 1215
2026/02/23 16:15:18.245, 3, 55.41, 0, 210, 1215
2026/02/23 16:15:18.296, 0, 224.59, 100, 1410, 1215
2026/02/23 16:15:18.296, 1, 54.75, 0, 210, 1215
2026/02/23 16:15:18.296, 2, 57.06, 0, 210, 1215
2026/02/23 16:15:18.296, 3, 55.41, 0, 210, 1215
2026/02/23 16:15:18.346, 0, 224.55, 100, 1410, 1215
2026/02/23 16:15:18.346, 1, 54.75, 0, 210, 1215
2026/02/23 16:15:18.346, 2, 57.06, 0, 210, 1215
2026/02/23 16:15:18.346, 3, 55.41, 0, 210, 1215
2026/02/23 16:15:18.396, 0, 224.55, 100, 1410, 1215
2026/02/23 16:15:18.397, 1, 54.75, 0, 210, 1215
2026/02/23 16:15:18.397, 2, 57.06, 0, 210, 1215
2026/02/23 16:15:18.397, 3, 55.41, 0, 210, 1215
2026/02/23 16:15:18.447, 0, 224.55, 100, 1410, 1215
2026/02/23 16:15:18.447, 1, 54.75, 0, 210, 1215
2026/02/23 16:15:18.447, 2, 57.06, 0, 210, 1215
2026/02/23 16:15:18.447, 3, 55.41, 0, 210, 1215
2026/02/23 16:15:18.497, 0, 224.55, 100, 1410, 1215
2026/02/23 16:15:18.497, 1, 54.75, 0, 210, 1215
2026/02/23 16:15:18.498, 2, 57.06, 0, 210, 1215
2026/02/23 16:15:18.498, 3, 55.41, 0, 210, 1215
2026/02/23 16:15:18.548, 0, 224.55, 100, 1410, 1215
2026/02/23 16:15:18.548, 1, 54.75, 0, 210, 1215
2026/02/23 16:15:18.548, 2, 57.06, 0, 210, 1215
2026/02/23 16:15:18.548, 3, 55.41, 0, 210, 1215
2026/02/23 16:15:18.598, 0, 224.55, 100, 1410, 1215
2026/02/23 16:15:18.598, 1, 54.75, 0, 210, 1215
2026/02/23 16:15:18.598, 2, 57.06, 0, 210, 1215
2026/02/23 16:15:18.598, 3, 55.41, 0, 210, 1215
2026/02/23 16:15:18.649, 0, 224.55, 100, 1410, 1215
2026/02/23 16:15:18.649, 1, 54.75, 0, 210, 1215
2026/02/23 16:15:18.649, 2, 57.06, 0, 210, 1215
2026/02/23 16:15:18.649, 3, 55.41, 0, 210, 1215
2026/02/23 16:15:18.699, 0, 224.55, 100, 1410, 1215
2026/02/23 16:15:18.699, 1, 54.75, 0, 210, 1215
2026/02/23 16:15:18.699, 2, 57.06, 0, 210, 1215
2026/02/23 16:15:18.699, 3, 55.41, 0, 210, 1215
2026/02/23 16:15:18.750, 0, 224.21, 100, 1410, 1215
2026/02/23 16:15:18.750, 1, 54.75, 0, 210, 1215
2026/02/23 16:15:18.750, 2, 57.06, 0, 210, 1215
2026/02/23 16:15:18.750, 3, 55.41, 0, 210, 1215
2026/02/23 16:15:18.800, 0, 224.21, 100, 1410, 1215
2026/02/23 16:15:18.800, 1, 54.75, 0, 210, 1215
2026/02/23 16:15:18.800, 2, 57.06, 0, 210, 1215
2026/02/23 16:15:18.800, 3, 55.41, 0, 210, 1215
2026/02/23 16:15:18.850, 0, 224.32, 100, 1410, 1215
2026/02/23 16:15:18.851, 1, 54.75, 0, 210, 1215
2026/02/23 16:15:18.851, 2, 57.34, 0, 210, 1215
2026/02/23 16:15:18.851, 3, 55.41, 0, 210, 1215
2026/02/23 16:15:18.901, 0, 224.32, 100, 1410, 1215
2026/02/23 16:15:18.901, 1, 54.75, 0, 210, 1215
2026/02/23 16:15:18.901, 2, 57.34, 0, 210, 1215
2026/02/23 16:15:18.901, 3, 55.41, 0, 210, 1215
2026/02/23 16:15:18.951, 0, 224.32, 100, 1410, 1215
2026/02/23 16:15:18.951, 1, 54.75, 0, 210, 1215
2026/02/23 16:15:18.952, 2, 57.06, 0, 210, 1215
2026/02/23 16:15:18.952, 3, 55.41, 0, 210, 1215
2026/02/23 16:15:19.002, 0, 224.32, 100, 1410, 1215
2026/02/23 16:15:19.002, 1, 54.75, 0, 210, 1215
2026/02/23 16:15:19.002, 2, 57.06, 0, 210, 1215
2026/02/23 16:15:19.002, 3, 55.41, 0, 210, 1215
2026/02/23 16:15:19.052, 0, 224.55, 100, 1410, 1215
2026/02/23 16:15:19.052, 1, 54.75, 0, 210, 1215
2026/02/23 16:15:19.052, 2, 57.34, 0, 210, 1215
2026/02/23 16:15:19.053, 3, 55.41, 0, 210, 1215
2026/02/23 16:15:19.103, 0, 224.55, 100, 1410, 1215
2026/02/23 16:15:19.103, 1, 54.75, 0, 210, 1215
2026/02/23 16:15:19.103, 2, 57.34, 0, 210, 1215
2026/02/23 16:15:19.103, 3, 55.41, 0, 210, 1215
2026/02/23 16:15:19.153, 0, 224.59, 100, 1410, 1215
2026/02/23 16:15:19.153, 1, 54.75, 0, 210, 1215
2026/02/23 16:15:19.153, 2, 57.06, 0, 210, 1215
2026/02/23 16:15:19.153, 3, 55.41, 0, 210, 1215
2026/02/23 16:15:19.204, 0, 224.59, 100, 1410, 1215
2026/02/23 16:15:19.204, 1, 54.75, 0, 210, 1215
2026/02/23 16:15:19.204, 2, 57.06, 0, 210, 1215
2026/02/23 16:15:19.204, 3, 55.41, 0, 210, 1215
2026/02/23 16:15:19.254, 0, 224.55, 100, 1410, 1215
2026/02/23 16:15:19.254, 1, 54.75, 0, 210, 1215
2026/02/23 16:15:19.254, 2, 57.34, 0, 210, 1215
2026/02/23 16:15:19.254, 3, 55.41, 0, 210, 1215
2026/02/23 16:15:19.305, 0, 224.55, 100, 1410, 1215
2026/02/23 16:15:19.305, 1, 54.75, 0, 210, 1215
2026/02/23 16:15:19.305, 2, 57.34, 0, 210, 1215
2026/02/23 16:15:19.305, 3, 55.41, 0, 210, 1215
2026/02/23 16:15:19.355, 0, 224.32, 100, 1410, 1215
2026/02/23 16:15:19.355, 1, 54.75, 0, 210, 1215
2026/02/23 16:15:19.355, 2, 57.34, 0, 210, 1215
2026/02/23 16:15:19.355, 3, 55.41, 0, 210, 1215
2026/02/23 16:15:19.405, 0, 224.32, 100, 1410, 1215
2026/02/23 16:15:19.405, 1, 54.75, 0, 210, 1215
2026/02/23 16:15:19.406, 2, 57.34, 0, 210, 1215
2026/02/23 16:15:19.406, 3, 55.41, 0, 210, 1215
2026/02/23 16:15:19.456, 0, 224.21, 100, 1410, 1215
2026/02/23 16:15:19.456, 1, 54.75, 0, 210, 1215
2026/02/23 16:15:19.456, 2, 57.34, 0, 210, 1215
2026/02/23 16:15:19.456, 3, 55.41, 0, 210, 1215
2026/02/23 16:15:19.506, 0, 224.21, 100, 1410, 1215
2026/02/23 16:15:19.506, 1, 54.75, 0, 210, 1215
2026/02/23 16:15:19.506, 2, 57.34, 0, 210, 1215
2026/02/23 16:15:19.507, 3, 55.41, 0, 210, 1215
2026/02/23 16:15:19.557, 0, 224.32, 100, 1410, 1215
2026/02/23 16:15:19.557, 1, 54.70, 0, 210, 1215
2026/02/23 16:15:19.557, 2, 57.28, 0, 210, 1215
2026/02/23 16:15:19.557, 3, 55.41, 0, 210, 1215
2026/02/23 16:15:19.607, 0, 224.32, 100, 1410, 1215
2026/02/23 16:15:19.607, 1, 54.70, 0, 210, 1215
2026/02/23 16:15:19.607, 2, 57.28, 0, 210, 1215
2026/02/23 16:15:19.607, 3, 55.41, 0, 210, 1215
2026/02/23 16:15:19.658, 0, 224.59, 100, 1410, 1215
2026/02/23 16:15:19.658, 1, 54.75, 0, 210, 1215
2026/02/23 16:15:19.658, 2, 57.34, 0, 210, 1215
2026/02/23 16:15:19.658, 3, 55.41, 0, 210, 1215
2026/02/23 16:15:19.708, 0, 224.59, 100, 1410, 1215
2026/02/23 16:15:19.710, 1, 54.75, 0, 210, 1215
2026/02/23 16:15:19.710, 2, 57.34, 0, 210, 1215
2026/02/23 16:15:19.710, 3, 55.41, 0, 210, 1215
2026/02/23 16:15:19.760, 0, 224.55, 100, 1410, 1215
2026/02/23 16:15:19.760, 1, 54.75, 0, 210, 1215
2026/02/23 16:15:19.761, 2, 57.06, 0, 210, 1215
2026/02/23 16:15:19.761, 3, 55.41, 0, 210, 1215
2026/02/23 16:15:19.811, 0, 224.55, 100, 1410, 1215
2026/02/23 16:15:19.813, 1, 54.75, 0, 210, 1215
2026/02/23 16:15:19.813, 2, 57.06, 0, 210, 1215
2026/02/23 16:15:19.813, 3, 55.41, 0, 210, 1215
2026/02/23 16:15:19.863, 0, 224.32, 100, 1410, 1215
2026/02/23 16:15:19.863, 1, 54.75, 0, 210, 1215
2026/02/23 16:15:19.863, 2, 57.28, 0, 210, 1215
2026/02/23 16:15:19.863, 3, 55.41, 0, 210, 1215
2026/02/23 16:15:19.913, 0, 224.32, 100, 1410, 1215
2026/02/23 16:15:19.913, 1, 54.75, 0, 210, 1215
2026/02/23 16:15:19.914, 2, 57.28, 0, 210, 1215
2026/02/23 16:15:19.914, 3, 55.41, 0, 210, 1215
2026/02/23 16:15:19.964, 0, 223.99, 100, 1410, 1215
2026/02/23 16:15:19.964, 1, 54.75, 0, 210, 1215
2026/02/23 16:15:19.964, 2, 57.06, 0, 210, 1215
2026/02/23 16:15:19.964, 3, 55.41, 0, 210, 1215
2026/02/23 16:15:20.014, 0, 223.99, 100, 1410, 1215
2026/02/23 16:15:20.014, 1, 54.75, 0, 210, 1215
2026/02/23 16:15:20.014, 2, 57.06, 0, 210, 1215
2026/02/23 16:15:20.014, 3, 55.41, 0, 210, 1215
2026/02/23 16:15:20.065, 0, 224.21, 100, 1410, 1215
2026/02/23 16:15:20.065, 1, 54.75, 0, 210, 1215
2026/02/23 16:15:20.065, 2, 57.06, 0, 210, 1215
2026/02/23 16:15:20.065, 3, 55.41, 0, 210, 1215
2026/02/23 16:15:20.115, 0, 224.32, 100, 1410, 1215
2026/02/23 16:15:20.115, 1, 54.75, 0, 210, 1215
2026/02/23 16:15:20.115, 2, 57.06, 0, 210, 1215
2026/02/23 16:15:20.115, 3, 55.41, 0, 210, 1215
2026/02/23 16:15:20.166, 0, 224.32, 100, 1410, 1215
2026/02/23 16:15:20.166, 1, 55.03, 0, 210, 1215
2026/02/23 16:15:20.166, 2, 57.06, 0, 210, 1215
2026/02/23 16:15:20.166, 3, 55.41, 0, 210, 1215
2026/02/23 16:15:20.216, 0, 223.99, 100, 1410, 1215
2026/02/23 16:15:20.216, 1, 55.03, 0, 210, 1215
2026/02/23 16:15:20.216, 2, 57.06, 0, 210, 1215
2026/02/23 16:15:20.216, 3, 55.41, 0, 210, 1215
2026/02/23 16:15:20.266, 0, 223.99, 100, 1410, 1215
2026/02/23 16:15:20.266, 1, 54.75, 0, 210, 1215
2026/02/23 16:15:20.266, 2, 57.34, 0, 210, 1215
2026/02/23 16:15:20.267, 3, 55.41, 0, 210, 1215
2026/02/23 16:15:20.317, 0, 223.99, 100, 1410, 1215
2026/02/23 16:15:20.317, 1, 54.75, 0, 210, 1215
2026/02/23 16:15:20.317, 2, 57.34, 0, 210, 1215
2026/02/23 16:15:20.317, 3, 55.41, 0, 210, 1215
2026/02/23 16:15:20.367, 0, 223.99, 100, 1410, 1215
2026/02/23 16:15:20.367, 1, 54.75, 0, 210, 1215
2026/02/23 16:15:20.367, 2, 57.06, 0, 210, 1215
2026/02/23 16:15:20.367, 3, 55.41, 0, 210, 1215
2026/02/23 16:15:20.418, 0, 224.55, 100, 1410, 1215
2026/02/23 16:15:20.418, 1, 54.75, 0, 210, 1215
2026/02/23 16:15:20.418, 2, 57.06, 0, 210, 1215
2026/02/23 16:15:20.418, 3, 55.41, 0, 210, 1215
2026/02/23 16:15:20.468, 0, 224.55, 100, 1410, 1215
2026/02/23 16:15:20.468, 1, 54.75, 0, 210, 1215
2026/02/23 16:15:20.468, 2, 57.06, 0, 210, 1215
2026/02/23 16:15:20.468, 3, 55.41, 0, 210, 1215
2026/02/23 16:15:20.519, 0, 223.99, 100, 1410, 1215
2026/02/23 16:15:20.519, 1, 54.75, 0, 210, 1215
2026/02/23 16:15:20.519, 2, 57.06, 0, 210, 1215
2026/02/23 16:15:20.519, 3, 55.41, 0, 210, 1215
2026/02/23 16:15:20.569, 0, 223.99, 100, 1410, 1215
2026/02/23 16:15:20.569, 1, 54.75, 0, 210, 1215
2026/02/23 16:15:20.569, 2, 57.06, 0, 210, 1215
2026/02/23 16:15:20.569, 3, 55.41, 0, 210, 1215
2026/02/23 16:15:20.619, 0, 224.21, 100, 1410, 1215
2026/02/23 16:15:20.620, 1, 54.75, 0, 210, 1215
2026/02/23 16:15:20.620, 2, 57.06, 0, 210, 1215
2026/02/23 16:15:20.620, 3, 55.41, 0, 210, 1215
2026/02/23 16:15:20.670, 0, 224.21, 100, 1410, 1215
2026/02/23 16:15:20.670, 1, 54.75, 0, 210, 1215
2026/02/23 16:15:20.670, 2, 57.06, 0, 210, 1215
2026/02/23 16:15:20.670, 3, 55.41, 0, 210, 1215
2026/02/23 16:15:20.720, 0, 224.21, 100, 1410, 1215
2026/02/23 16:15:20.720, 1, 54.75, 0, 210, 1215
2026/02/23 16:15:20.720, 2, 57.06, 0, 210, 1215
2026/02/23 16:15:20.721, 3, 55.41, 0, 210, 1215
2026/02/23 16:15:20.771, 0, 224.21, 100, 1410, 1215
2026/02/23 16:15:20.771, 1, 54.75, 0, 210, 1215
2026/02/23 16:15:20.771, 2, 57.06, 0, 210, 1215
2026/02/23 16:15:20.771, 3, 55.41, 0, 210, 1215
2026/02/23 16:15:20.821, 0, 223.99, 100, 1410, 1215
2026/02/23 16:15:20.821, 1, 54.75, 0, 210, 1215
2026/02/23 16:15:20.821, 2, 57.06, 0, 210, 1215
2026/02/23 16:15:20.821, 3, 55.41, 0, 210, 1215
2026/02/23 16:15:20.872, 0, 223.99, 100, 1410, 1215
2026/02/23 16:15:20.872, 1, 55.03, 0, 210, 1215
2026/02/23 16:15:20.872, 2, 57.06, 0, 210, 1215
2026/02/23 16:15:20.872, 3, 55.41, 0, 210, 1215
2026/02/23 16:15:20.922, 0, 223.94, 100, 1410, 1215
2026/02/23 16:15:20.922, 1, 55.03, 0, 210, 1215
2026/02/23 16:15:20.922, 2, 57.06, 0, 210, 1215
2026/02/23 16:15:20.922, 3, 55.41, 0, 210, 1215
2026/02/23 16:15:20.973, 0, 223.94, 100, 1410, 1215
2026/02/23 16:15:20.973, 1, 55.03, 0, 210, 1215
2026/02/23 16:15:20.973, 2, 57.06, 0, 210, 1215
2026/02/23 16:15:20.973, 3, 55.41, 0, 210, 1215
2026/02/23 16:15:21.023, 0, 224.21, 100, 1410, 1215
2026/02/23 16:15:21.023, 1, 55.03, 0, 210, 1215
2026/02/23 16:15:21.023, 2, 57.06, 0, 210, 1215
2026/02/23 16:15:21.023, 3, 55.41, 0, 210, 1215
2026/02/23 16:15:21.073, 0, 224.21, 100, 1410, 1215
2026/02/23 16:15:21.074, 1, 55.03, 0, 210, 1215
2026/02/23 16:15:21.074, 2, 57.01, 0, 210, 1215
2026/02/23 16:15:21.074, 3, 55.41, 0, 210, 1215
2026/02/23 16:15:21.124, 0, 223.71, 100, 1410, 1215
2026/02/23 16:15:21.124, 1, 55.03, 0, 210, 1215
2026/02/23 16:15:21.124, 2, 57.01, 0, 210, 1215
2026/02/23 16:15:21.124, 3, 55.41, 0, 210, 1215
2026/02/23 16:15:21.174, 0, 223.71, 100, 1410, 1215
2026/02/23 16:15:21.174, 1, 55.03, 0, 210, 1215
2026/02/23 16:15:21.175, 2, 57.06, 0, 210, 1215
2026/02/23 16:15:21.175, 3, 55.41, 0, 210, 1215
2026/02/23 16:15:21.225, 0, 223.94, 100, 1410, 1215
2026/02/23 16:15:21.225, 1, 55.03, 0, 210, 1215
2026/02/23 16:15:21.225, 2, 57.06, 0, 210, 1215
2026/02/23 16:15:21.225, 3, 55.41, 0, 210, 1215
2026/02/23 16:15:21.275, 0, 223.94, 100, 1410, 1215
2026/02/23 16:15:21.275, 1, 55.03, 0, 210, 1215
2026/02/23 16:15:21.275, 2, 57.06, 0, 210, 1215
2026/02/23 16:15:21.275, 3, 55.41, 0, 210, 1215
2026/02/23 16:15:21.326, 0, 223.94, 100, 1410, 1215
2026/02/23 16:15:21.326, 1, 55.03, 0, 210, 1215
2026/02/23 16:15:21.326, 2, 57.06, 0, 210, 1215
2026/02/23 16:15:21.326, 3, 55.41, 0, 210, 1215
2026/02/23 16:15:21.376, 0, 223.94, 100, 1410, 1215
2026/02/23 16:15:21.376, 1, 54.75, 0, 210, 1215
2026/02/23 16:15:21.376, 2, 57.06, 0, 210, 1215
2026/02/23 16:15:21.376, 3, 55.41, 0, 210, 1215
2026/02/23 16:15:21.427, 0, 223.94, 100, 1410, 1215
2026/02/23 16:15:21.427, 1, 54.75, 0, 210, 1215
2026/02/23 16:15:21.427, 2, 57.06, 0, 210, 1215
2026/02/23 16:15:21.427, 3, 55.41, 0, 210, 1215
2026/02/23 16:15:21.477, 0, 223.94, 100, 1410, 1215
2026/02/23 16:15:21.477, 1, 55.03, 0, 210, 1215
2026/02/23 16:15:21.477, 2, 57.06, 0, 210, 1215
2026/02/23 16:15:21.477, 3, 55.47, 0, 210, 1215
2026/02/23 16:15:21.527, 0, 224.21, 100, 1410, 1215
2026/02/23 16:15:21.529, 1, 55.03, 0, 210, 1215
2026/02/23 16:15:21.529, 2, 57.06, 0, 210, 1215
2026/02/23 16:15:21.529, 3, 55.47, 0, 210, 1215
2026/02/23 16:15:21.579, 0, 224.21, 100, 1410, 1215
2026/02/23 16:15:21.579, 1, 54.75, 0, 210, 1215
2026/02/23 16:15:21.579, 2, 57.06, 0, 210, 1215
2026/02/23 16:15:21.579, 3, 55.41, 0, 210, 1215
2026/02/23 16:15:21.629, 0, 224.21, 100, 1410, 1215
2026/02/23 16:15:21.629, 1, 54.75, 0, 210, 1215
2026/02/23 16:15:21.629, 2, 57.06, 0, 210, 1215
2026/02/23 16:15:21.629, 3, 55.41, 0, 210, 1215
2026/02/23 16:15:21.680, 0, 224.21, 100, 1410, 1215
2026/02/23 16:15:21.680, 1, 55.03, 0, 210, 1215
2026/02/23 16:15:21.680, 2, 57.06, 0, 210, 1215
2026/02/23 16:15:21.680, 3, 55.41, 0, 210, 1215
2026/02/23 16:15:21.730, 0, 223.94, 100, 1410, 1215
2026/02/23 16:15:21.730, 1, 55.03, 0, 210, 1215
2026/02/23 16:15:21.730, 2, 57.06, 0, 210, 1215
2026/02/23 16:15:21.730, 3, 55.41, 0, 210, 1215
2026/02/23 16:15:21.781, 0, 223.94, 100, 1410, 1215
2026/02/23 16:15:21.781, 1, 54.75, 0, 210, 1215
2026/02/23 16:15:21.781, 2, 57.06, 0, 210, 1215
2026/02/23 16:15:21.781, 3, 55.41, 0, 210, 1215
2026/02/23 16:15:21.831, 0, 224.32, 100, 1410, 1215
2026/02/23 16:15:21.831, 1, 54.75, 0, 210, 1215
2026/02/23 16:15:21.831, 2, 57.06, 0, 210, 1215
2026/02/23 16:15:21.831, 3, 55.41, 0, 210, 1215
2026/02/23 16:15:21.881, 0, 224.32, 100, 1410, 1215
2026/02/23 16:15:21.882, 1, 54.75, 0, 210, 1215
2026/02/23 16:15:21.882, 2, 57.06, 0, 210, 1215
2026/02/23 16:15:21.882, 3, 55.41, 0, 210, 1215
2026/02/23 16:15:21.932, 0, 224.55, 100, 1410, 1215
2026/02/23 16:15:21.932, 1, 54.75, 0, 210, 1215
2026/02/23 16:15:21.932, 2, 57.06, 0, 210, 1215
2026/02/23 16:15:21.932, 3, 55.41, 0, 210, 1215
2026/02/23 16:15:21.982, 0, 224.55, 100, 1410, 1215
2026/02/23 16:15:21.982, 1, 54.75, 0, 210, 1215
2026/02/23 16:15:21.983, 2, 57.06, 0, 210, 1215
2026/02/23 16:15:21.983, 3, 55.41, 0, 210, 1215
2026/02/23 16:15:22.033, 0, 224.55, 100, 1410, 1215
2026/02/23 16:15:22.033, 1, 54.75, 0, 210, 1215
2026/02/23 16:15:22.033, 2, 57.06, 0, 210, 1215
2026/02/23 16:15:22.033, 3, 55.41, 0, 210, 1215
2026/02/23 16:15:22.083, 0, 224.55, 100, 1410, 1215
2026/02/23 16:15:22.083, 1, 54.75, 0, 210, 1215
2026/02/23 16:15:22.083, 2, 57.06, 0, 210, 1215
2026/02/23 16:15:22.084, 3, 55.41, 0, 210, 1215
2026/02/23 16:15:22.134, 0, 224.32, 100, 1410, 1215
2026/02/23 16:15:22.134, 1, 54.75, 0, 210, 1215
2026/02/23 16:15:22.134, 2, 57.06, 0, 210, 1215
2026/02/23 16:15:22.134, 3, 55.41, 0, 210, 1215
2026/02/23 16:15:22.184, 0, 224.32, 100, 1410, 1215
2026/02/23 16:15:22.184, 1, 55.03, 0, 210, 1215
2026/02/23 16:15:22.184, 2, 57.06, 0, 210, 1215
2026/02/23 16:15:22.184, 3, 55.41, 0, 210, 1215
2026/02/23 16:15:22.235, 0, 224.32, 100, 1410, 1215
2026/02/23 16:15:22.235, 1, 55.03, 0, 210, 1215
2026/02/23 16:15:22.235, 2, 57.06, 0, 210, 1215
2026/02/23 16:15:22.235, 3, 55.41, 0, 210, 1215
2026/02/23 16:15:22.285, 0, 224.32, 100, 1410, 1215
2026/02/23 16:15:22.285, 1, 54.75, 0, 210, 1215
2026/02/23 16:15:22.285, 2, 57.06, 0, 210, 1215
2026/02/23 16:15:22.285, 3, 55.41, 0, 210, 1215
2026/02/23 16:15:22.335, 0, 224.32, 100, 1410, 1215
2026/02/23 16:15:22.336, 1, 54.75, 0, 210, 1215
2026/02/23 16:15:22.336, 2, 57.06, 0, 210, 1215
2026/02/23 16:15:22.336, 3, 55.41, 0, 210, 1215
2026/02/23 16:15:22.386, 0, 224.32, 100, 1410, 1215
2026/02/23 16:15:22.386, 1, 55.03, 0, 210, 1215
2026/02/23 16:15:22.386, 2, 57.06, 0, 210, 1215
2026/02/23 16:15:22.386, 3, 55.41, 0, 210, 1215
2026/02/23 16:15:22.436, 0, 224.59, 100, 1410, 1215
2026/02/23 16:15:22.436, 1, 55.03, 0, 210, 1215
2026/02/23 16:15:22.437, 2, 57.06, 0, 210, 1215
2026/02/23 16:15:22.437, 3, 55.41, 0, 210, 1215
2026/02/23 16:15:22.487, 0, 224.59, 100, 1410, 1215
2026/02/23 16:15:22.487, 1, 54.75, 0, 210, 1215
2026/02/23 16:15:22.487, 2, 57.06, 0, 210, 1215
2026/02/23 16:15:22.487, 3, 55.41, 0, 210, 1215
2026/02/23 16:15:22.537, 0, 224.55, 100, 1410, 1215
2026/02/23 16:15:22.537, 1, 54.75, 0, 210, 1215
2026/02/23 16:15:22.537, 2, 57.06, 0, 210, 1215
2026/02/23 16:15:22.538, 3, 55.41, 0, 210, 1215
2026/02/23 16:15:22.588, 0, 224.55, 100, 1410, 1215
2026/02/23 16:15:22.588, 1, 54.75, 0, 210, 1215
2026/02/23 16:15:22.588, 2, 57.06, 0, 210, 1215
2026/02/23 16:15:22.588, 3, 55.41, 0, 210, 1215
2026/02/23 16:15:22.638, 0, 224.32, 100, 1410, 1215
2026/02/23 16:15:22.638, 1, 54.75, 0, 210, 1215
2026/02/23 16:15:22.638, 2, 57.06, 0, 210, 1215
2026/02/23 16:15:22.638, 3, 55.41, 0, 210, 1215
2026/02/23 16:15:22.689, 0, 224.32, 100, 1410, 1215
2026/02/23 16:15:22.689, 1, 54.75, 0, 210, 1215
2026/02/23 16:15:22.689, 2, 57.06, 0, 210, 1215
2026/02/23 16:15:22.689, 3, 55.41, 0, 210, 1215
2026/02/23 16:15:22.739, 0, 224.55, 100, 1410, 1215
2026/02/23 16:15:22.739, 1, 54.75, 0, 210, 1215
2026/02/23 16:15:22.739, 2, 57.06, 0, 210, 1215
2026/02/23 16:15:22.739, 3, 55.41, 0, 210, 1215
2026/02/23 16:15:22.790, 0, 224.55, 100, 1410, 1215
2026/02/23 16:15:22.790, 1, 54.75, 0, 210, 1215
2026/02/23 16:15:22.790, 2, 57.06, 0, 210, 1215
2026/02/23 16:15:22.790, 3, 55.41, 0, 210, 1215
2026/02/23 16:15:22.840, 0, 224.55, 100, 1410, 1215
2026/02/23 16:15:22.840, 1, 54.75, 0, 210, 1215
2026/02/23 16:15:22.840, 2, 57.06, 0, 210, 1215
2026/02/23 16:15:22.840, 3, 55.41, 0, 210, 1215
2026/02/23 16:15:22.890, 0, 224.55, 100, 1410, 1215
2026/02/23 16:15:22.891, 1, 54.75, 0, 210, 1215
2026/02/23 16:15:22.891, 2, 57.06, 0, 210, 1215
2026/02/23 16:15:22.891, 3, 55.41, 0, 210, 1215
2026/02/23 16:15:22.941, 0, 224.32, 100, 1410, 1215
2026/02/23 16:15:22.941, 1, 55.03, 0, 210, 1215
2026/02/23 16:15:22.941, 2, 57.06, 0, 210, 1215
2026/02/23 16:15:22.941, 3, 55.41, 0, 210, 1215
2026/02/23 16:15:22.991, 0, 224.32, 100, 1410, 1215
2026/02/23 16:15:22.991, 1, 55.03, 0, 210, 1215
2026/02/23 16:15:22.991, 2, 57.06, 0, 210, 1215
2026/02/23 16:15:22.991, 3, 55.41, 0, 210, 1215
2026/02/23 16:15:23.042, 0, 224.21, 100, 1410, 1215
2026/02/23 16:15:23.042, 1, 54.75, 0, 210, 1215
2026/02/23 16:15:23.042, 2, 57.06, 0, 210, 1215
2026/02/23 16:15:23.042, 3, 55.41, 0, 210, 1215
2026/02/23 16:15:23.092, 0, 224.21, 100, 1410, 1215
2026/02/23 16:15:23.092, 1, 54.75, 0, 210, 1215
2026/02/23 16:15:23.092, 2, 57.06, 0, 210, 1215
2026/02/23 16:15:23.092, 3, 55.41, 0, 210, 1215
2026/02/23 16:15:23.142, 0, 223.99, 100, 1410, 1215
2026/02/23 16:15:23.143, 1, 54.75, 0, 210, 1215
2026/02/23 16:15:23.143, 2, 57.06, 0, 210, 1215
2026/02/23 16:15:23.143, 3, 55.41, 0, 210, 1215
2026/02/23 16:15:23.193, 0, 223.99, 100, 1410, 1215
2026/02/23 16:15:23.193, 1, 54.75, 0, 210, 1215
2026/02/23 16:15:23.193, 2, 57.06, 0, 210, 1215
2026/02/23 16:15:23.193, 3, 55.41, 0, 210, 1215
2026/02/23 16:15:23.243, 0, 224.21, 100, 1410, 1215
2026/02/23 16:15:23.243, 1, 54.75, 0, 210, 1215
2026/02/23 16:15:23.244, 2, 57.06, 0, 210, 1215
2026/02/23 16:15:23.244, 3, 55.41, 0, 210, 1215
2026/02/23 16:15:23.294, 0, 224.21, 100, 1410, 1215
2026/02/23 16:15:23.294, 1, 54.75, 0, 210, 1215
2026/02/23 16:15:23.294, 2, 57.34, 0, 210, 1215
2026/02/23 16:15:23.294, 3, 55.41, 0, 210, 1215
2026/02/23 16:15:23.344, 0, 223.99, 100, 1410, 1215
2026/02/23 16:15:23.344, 1, 55.03, 0, 210, 1215
2026/02/23 16:15:23.344, 2, 57.34, 0, 210, 1215
2026/02/23 16:15:23.344, 3, 55.41, 0, 210, 1215
2026/02/23 16:15:23.395, 0, 223.99, 100, 1410, 1215
2026/02/23 16:15:23.395, 1, 55.03, 0, 210, 1215
2026/02/23 16:15:23.395, 2, 57.06, 0, 210, 1215
2026/02/23 16:15:23.395, 3, 55.41, 0, 210, 1215
2026/02/23 16:15:23.445, 0, 223.99, 100, 1410, 1215
2026/02/23 16:15:23.445, 1, 54.75, 0, 210, 1215
2026/02/23 16:15:23.445, 2, 57.06, 0, 210, 1215
2026/02/23 16:15:23.445, 3, 55.41, 0, 210, 1215
2026/02/23 16:15:23.496, 0, 223.99, 100, 1410, 1215
2026/02/23 16:15:23.496, 1, 54.75, 0, 210, 1215
2026/02/23 16:15:23.496, 2, 57.06, 0, 210, 1215
2026/02/23 16:15:23.496, 3, 55.41, 0, 210, 1215
2026/02/23 16:15:23.546, 0, 224.21, 100, 1410, 1215
2026/02/23 16:15:23.546, 1, 55.03, 0, 210, 1215
2026/02/23 16:15:23.546, 2, 57.06, 0, 210, 1215
2026/02/23 16:15:23.546, 3, 55.41, 0, 210, 1215
2026/02/23 16:15:23.596, 0, 224.21, 100, 1410, 1215
2026/02/23 16:15:23.597, 1, 55.03, 0, 210, 1215
2026/02/23 16:15:23.597, 2, 57.06, 0, 210, 1215
2026/02/23 16:15:23.597, 3, 55.41, 0, 210, 1215
2026/02/23 16:15:23.647, 0, 223.99, 100, 1410, 1215
2026/02/23 16:15:23.647, 1, 54.75, 0, 210, 1215
2026/02/23 16:15:23.647, 2, 57.06, 0, 210, 1215
2026/02/23 16:15:23.647, 3, 55.41, 0, 210, 1215
2026/02/23 16:15:23.697, 0, 223.99, 100, 1410, 1215
2026/02/23 16:15:23.697, 1, 54.75, 0, 210, 1215
2026/02/23 16:15:23.698, 2, 57.06, 0, 210, 1215
2026/02/23 16:15:23.698, 3, 55.41, 0, 210, 1215
2026/02/23 16:15:23.748, 0, 223.94, 100, 1410, 1215
2026/02/23 16:15:23.748, 1, 54.75, 0, 210, 1215
2026/02/23 16:15:23.748, 2, 57.06, 0, 210, 1215
2026/02/23 16:15:23.748, 3, 55.41, 0, 210, 1215
2026/02/23 16:15:23.798, 0, 223.94, 100, 1410, 1215
2026/02/23 16:15:23.798, 1, 54.75, 0, 210, 1215
2026/02/23 16:15:23.798, 2, 57.06, 0, 210, 1215
2026/02/23 16:15:23.799, 3, 55.41, 0, 210, 1215
2026/02/23 16:15:23.849, 0, 223.71, 100, 1410, 1215
2026/02/23 16:15:23.849, 1, 54.75, 0, 210, 1215
2026/02/23 16:15:23.849, 2, 57.06, 0, 210, 1215
2026/02/23 16:15:23.849, 3, 55.41, 0, 210, 1215
2026/02/23 16:15:23.899, 0, 223.71, 100, 1410, 1215
2026/02/23 16:15:23.899, 1, 54.75, 0, 210, 1215
2026/02/23 16:15:23.899, 2, 57.01, 0, 210, 1215
2026/02/23 16:15:23.899, 3, 55.41, 0, 210, 1215
2026/02/23 16:15:23.950, 0, 223.71, 100, 1410, 1215
2026/02/23 16:15:23.950, 1, 54.75, 0, 210, 1215
2026/02/23 16:15:23.950, 2, 57.01, 0, 210, 1215
2026/02/23 16:15:23.950, 3, 55.41, 0, 210, 1215
2026/02/23 16:15:24.000, 0, 223.71, 100, 1410, 1215
2026/02/23 16:15:24.000, 1, 54.75, 0, 210, 1215
2026/02/23 16:15:24.000, 2, 57.06, 0, 210, 1215
2026/02/23 16:15:24.000, 3, 55.41, 0, 210, 1215
2026/02/23 16:15:24.050, 0, 223.94, 100, 1410, 1215
2026/02/23 16:15:24.051, 1, 54.75, 0, 210, 1215
2026/02/23 16:15:24.051, 2, 57.06, 0, 210, 1215
2026/02/23 16:15:24.051, 3, 55.41, 0, 210, 1215
2026/02/23 16:15:24.101, 0, 223.94, 100, 1410, 1215
2026/02/23 16:15:24.101, 1, 54.75, 0, 210, 1215
2026/02/23 16:15:24.101, 2, 57.06, 0, 210, 1215
2026/02/23 16:15:24.101, 3, 55.47, 0, 210, 1215
2026/02/23 16:15:24.151, 0, 223.71, 100, 1410, 1215
2026/02/23 16:15:24.151, 1, 54.75, 0, 210, 1215
2026/02/23 16:15:24.152, 2, 57.06, 0, 210, 1215
2026/02/23 16:15:24.152, 3, 55.47, 0, 210, 1215
2026/02/23 16:15:24.202, 0, 223.71, 100, 1410, 1215
2026/02/23 16:15:24.202, 1, 54.75, 0, 210, 1215
2026/02/23 16:15:24.202, 2, 57.06, 0, 210, 1215
2026/02/23 16:15:24.202, 3, 55.41, 0, 210, 1215
2026/02/23 16:15:24.252, 0, 223.94, 100, 1410, 1215
2026/02/23 16:15:24.252, 1, 54.75, 0, 210, 1215
2026/02/23 16:15:24.252, 2, 57.06, 0, 210, 1215
2026/02/23 16:15:24.253, 3, 55.41, 0, 210, 1215
2026/02/23 16:15:24.303, 0, 223.94, 100, 1410, 1215
2026/02/23 16:15:24.303, 1, 54.75, 0, 210, 1215
2026/02/23 16:15:24.303, 2, 57.06, 0, 210, 1215
2026/02/23 16:15:24.303, 3, 55.41, 0, 210, 1215
2026/02/23 16:15:24.353, 0, 223.94, 100, 1410, 1215
2026/02/23 16:15:24.353, 1, 54.75, 0, 210, 1215
2026/02/23 16:15:24.353, 2, 57.06, 0, 210, 1215
2026/02/23 16:15:24.353, 3, 55.41, 0, 210, 1215
2026/02/23 16:15:24.404, 0, 223.94, 100, 1410, 1215
2026/02/23 16:15:24.404, 1, 54.75, 0, 210, 1215
2026/02/23 16:15:24.404, 2, 57.06, 0, 210, 1215
2026/02/23 16:15:24.404, 3, 55.41, 0, 210, 1215
2026/02/23 16:15:24.454, 0, 223.94, 100, 1410, 1215
2026/02/23 16:15:24.454, 1, 54.75, 0, 210, 1215
2026/02/23 16:15:24.454, 2, 57.06, 0, 210, 1215
2026/02/23 16:15:24.454, 3, 55.41, 0, 210, 1215
2026/02/23 16:15:24.505, 0, 223.94, 100, 1410, 1215
2026/02/23 16:15:24.505, 1, 54.75, 0, 210, 1215
2026/02/23 16:15:24.505, 2, 57.06, 0, 210, 1215
2026/02/23 16:15:24.505, 3, 55.41, 0, 210, 1215
2026/02/23 16:15:24.555, 0, 223.94, 100, 1410, 1215
2026/02/23 16:15:24.555, 1, 54.75, 0, 210, 1215
2026/02/23 16:15:24.555, 2, 57.06, 0, 210, 1215
2026/02/23 16:15:24.555, 3, 55.41, 0, 210, 1215
2026/02/23 16:15:24.605, 0, 223.94, 100, 1410, 1215
2026/02/23 16:15:24.605, 1, 54.75, 0, 210, 1215
2026/02/23 16:15:24.606, 2, 57.06, 0, 210, 1215
2026/02/23 16:15:24.606, 3, 55.47, 0, 210, 1215
2026/02/23 16:15:24.656, 0, 223.94, 100, 1410, 1215
2026/02/23 16:15:24.656, 1, 54.75, 0, 210, 1215
2026/02/23 16:15:24.656, 2, 57.06, 0, 210, 1215
2026/02/23 16:15:24.656, 3, 55.47, 0, 210, 1215
2026/02/23 16:15:24.706, 0, 223.94, 100, 1410, 1215
2026/02/23 16:15:24.706, 1, 54.75, 0, 210, 1215
2026/02/23 16:15:24.706, 2, 57.06, 0, 210, 1215
2026/02/23 16:15:24.707, 3, 55.41, 0, 210, 1215
2026/02/23 16:15:24.757, 0, 223.94, 100, 1410, 1215
2026/02/23 16:15:24.757, 1, 54.75, 0, 210, 1215
2026/02/23 16:15:24.757, 2, 57.06, 0, 210, 1215
2026/02/23 16:15:24.757, 3, 55.41, 0, 210, 1215
2026/02/23 16:15:24.807, 0, 223.94, 100, 1410, 1215
2026/02/23 16:15:24.807, 1, 54.75, 0, 210, 1215
2026/02/23 16:15:24.807, 2, 57.06, 0, 210, 1215
2026/02/23 16:15:24.807, 3, 55.41, 0, 210, 1215
2026/02/23 16:15:24.858, 0, 224.55, 100, 1410, 1215
2026/02/23 16:15:24.858, 1, 54.75, 0, 210, 1215
2026/02/23 16:15:24.858, 2, 57.06, 0, 210, 1215
2026/02/23 16:15:24.858, 3, 55.41, 0, 210, 1215
2026/02/23 16:15:24.908, 0, 224.55, 100, 1410, 1215
2026/02/23 16:15:24.908, 1, 54.75, 0, 210, 1215
2026/02/23 16:15:24.908, 2, 57.06, 0, 210, 1215
2026/02/23 16:15:24.908, 3, 55.41, 0, 210, 1215
2026/02/23 16:15:24.959, 0, 224.55, 100, 1410, 1215
2026/02/23 16:15:24.959, 1, 55.03, 0, 210, 1215
2026/02/23 16:15:24.959, 2, 57.06, 0, 210, 1215
2026/02/23 16:15:24.959, 3, 55.41, 0, 210, 1215
2026/02/23 16:15:25.009, 0, 224.55, 100, 1410, 1215
2026/02/23 16:15:25.009, 1, 55.03, 0, 210, 1215
2026/02/23 16:15:25.009, 2, 57.06, 0, 210, 1215
2026/02/23 16:15:25.009, 3, 55.41, 0, 210, 1215
2026/02/23 16:15:25.059, 0, 224.55, 100, 1410, 1215
2026/02/23 16:15:25.060, 1, 54.75, 0, 210, 1215
2026/02/23 16:15:25.060, 2, 57.06, 0, 210, 1215
2026/02/23 16:15:25.060, 3, 55.41, 0, 210, 1215
2026/02/23 16:15:25.110, 0, 224.55, 100, 1410, 1215
2026/02/23 16:15:25.110, 1, 54.75, 0, 210, 1215
2026/02/23 16:15:25.110, 2, 57.06, 0, 210, 1215
2026/02/23 16:15:25.110, 3, 55.47, 0, 210, 1215
2026/02/23 16:15:25.160, 0, 224.32, 100, 1410, 1215
2026/02/23 16:15:25.160, 1, 54.75, 0, 210, 1215
2026/02/23 16:15:25.161, 2, 57.06, 0, 210, 1215
2026/02/23 16:15:25.161, 3, 55.47, 0, 210, 1215
2026/02/23 16:15:25.211, 0, 224.32, 100, 1410, 1215
2026/02/23 16:15:25.211, 1, 54.75, 0, 210, 1215
2026/02/23 16:15:25.211, 2, 57.06, 0, 210, 1215
2026/02/23 16:15:25.211, 3, 55.41, 0, 210, 1215
2026/02/23 16:15:25.261, 0, 224.32, 100, 1410, 1215
2026/02/23 16:15:25.261, 1, 54.75, 0, 210, 1215
2026/02/23 16:15:25.261, 2, 57.06, 0, 210, 1215
2026/02/23 16:15:25.262, 3, 55.41, 0, 210, 1215
2026/02/23 16:15:25.312, 0, 224.32, 100, 1410, 1215
2026/02/23 16:15:25.312, 1, 54.75, 0, 210, 1215
2026/02/23 16:15:25.312, 2, 57.06, 0, 210, 1215
2026/02/23 16:15:25.312, 3, 55.41, 0, 210, 1215
2026/02/23 16:15:25.362, 0, 224.32, 100, 1410, 1215
2026/02/23 16:15:25.362, 1, 54.75, 0, 210, 1215
2026/02/23 16:15:25.362, 2, 57.06, 0, 210, 1215
2026/02/23 16:15:25.362, 3, 55.41, 0, 210, 1215
2026/02/23 16:15:25.413, 0, 224.32, 100, 1410, 1215
2026/02/23 16:15:25.413, 1, 54.75, 0, 210, 1215
2026/02/23 16:15:25.413, 2, 57.06, 0, 210, 1215
2026/02/23 16:15:25.413, 3, 55.41, 0, 210, 1215
2026/02/23 16:15:25.463, 0, 224.32, 100, 1410, 1215
2026/02/23 16:15:25.463, 1, 54.75, 0, 210, 1215
2026/02/23 16:15:25.463, 2, 57.06, 0, 210, 1215
2026/02/23 16:15:25.463, 3, 55.41, 0, 210, 1215
2026/02/23 16:15:25.513, 0, 224.32, 100, 1410, 1215
2026/02/23 16:15:25.514, 1, 54.75, 0, 210, 1215
2026/02/23 16:15:25.514, 2, 57.06, 0, 210, 1215
2026/02/23 16:15:25.514, 3, 55.41, 0, 210, 1215
2026/02/23 16:15:25.564, 0, 224.55, 100, 1410, 1215
2026/02/23 16:15:25.564, 1, 55.03, 0, 210, 1215
2026/02/23 16:15:25.564, 2, 57.34, 0, 210, 1215
2026/02/23 16:15:25.564, 3, 55.41, 0, 210, 1215
2026/02/23 16:15:25.614, 0, 224.55, 100, 1410, 1215
2026/02/23 16:15:25.614, 1, 55.03, 0, 210, 1215
2026/02/23 16:15:25.615, 2, 57.34, 0, 210, 1215
2026/02/23 16:15:25.615, 3, 55.41, 0, 210, 1215
2026/02/23 16:15:25.665, 0, 224.55, 100, 1410, 1215
2026/02/23 16:15:25.665, 1, 54.75, 0, 210, 1215
2026/02/23 16:15:25.665, 2, 57.06, 0, 210, 1215
2026/02/23 16:15:25.665, 3, 55.47, 0, 210, 1215
2026/02/23 16:15:25.715, 0, 224.55, 100, 1410, 1215
2026/02/23 16:15:25.715, 1, 54.75, 0, 210, 1215
2026/02/23 16:15:25.715, 2, 57.06, 0, 210, 1215
2026/02/23 16:15:25.716, 3, 55.47, 0, 210, 1215
2026/02/23 16:15:25.766, 0, 224.55, 100, 1410, 1215
2026/02/23 16:15:25.766, 1, 54.75, 0, 210, 1215
2026/02/23 16:15:25.766, 2, 57.06, 0, 210, 1215
2026/02/23 16:15:25.766, 3, 55.41, 0, 210, 1215
2026/02/23 16:15:25.816, 0, 223.99, 100, 1410, 1215
2026/02/23 16:15:25.816, 1, 54.75, 0, 210, 1215
2026/02/23 16:15:25.816, 2, 57.06, 0, 210, 1215
2026/02/23 16:15:25.816, 3, 55.41, 0, 210, 1215
2026/02/23 16:15:25.867, 0, 223.99, 100, 1410, 1215
2026/02/23 16:15:25.867, 1, 54.75, 0, 210, 1215
2026/02/23 16:15:25.867, 2, 57.06, 0, 210, 1215
2026/02/23 16:15:25.867, 3, 55.47, 0, 210, 1215
2026/02/23 16:15:25.917, 0, 223.99, 100, 1410, 1215
2026/02/23 16:15:25.917, 1, 54.75, 0, 210, 1215
2026/02/23 16:15:25.917, 2, 57.06, 0, 210, 1215
2026/02/23 16:15:25.917, 3, 55.47, 0, 210, 1215
2026/02/23 16:15:25.967, 0, 223.99, 100, 1410, 1215
2026/02/23 16:15:25.968, 1, 54.75, 0, 210, 1215
2026/02/23 16:15:25.968, 2, 57.34, 0, 210, 1215
2026/02/23 16:15:25.968, 3, 55.41, 0, 210, 1215
2026/02/23 16:15:26.018, 0, 224.32, 100, 1410, 1215
2026/02/23 16:15:26.018, 1, 54.75, 0, 210, 1215
2026/02/23 16:15:26.018, 2, 57.34, 0, 210, 1215
2026/02/23 16:15:26.018, 3, 55.41, 0, 210, 1215
2026/02/23 16:15:26.068, 0, 224.32, 100, 1410, 1215
2026/02/23 16:15:26.068, 1, 54.75, 0, 210, 1215
2026/02/23 16:15:26.068, 2, 57.06, 0, 210, 1215
2026/02/23 16:15:26.069, 3, 55.41, 0, 210, 1215
2026/02/23 16:15:26.119, 0, 224.21, 100, 1410, 1215
2026/02/23 16:15:26.119, 1, 54.75, 0, 210, 1215
2026/02/23 16:15:26.119, 2, 57.06, 0, 210, 1215
2026/02/23 16:15:26.119, 3, 55.41, 0, 210, 1215
2026/02/23 16:15:26.169, 0, 224.21, 100, 1410, 1215
2026/02/23 16:15:26.169, 1, 54.75, 0, 210, 1215
2026/02/23 16:15:26.169, 2, 57.06, 0, 210, 1215
2026/02/23 16:15:26.169, 3, 55.41, 0, 210, 1215
2026/02/23 16:15:26.220, 0, 224.55, 100, 1410, 1215
2026/02/23 16:15:26.220, 1, 54.75, 0, 210, 1215
2026/02/23 16:15:26.220, 2, 57.06, 0, 210, 1215
2026/02/23 16:15:26.220, 3, 55.41, 0, 210, 1215
2026/02/23 16:15:26.270, 0, 224.55, 100, 1410, 1215
2026/02/23 16:15:26.270, 1, 54.75, 0, 210, 1215
2026/02/23 16:15:26.270, 2, 57.06, 0, 210, 1215
2026/02/23 16:15:26.270, 3, 55.41, 0, 210, 1215
2026/02/23 16:15:26.320, 0, 223.99, 100, 1410, 1215
2026/02/23 16:15:26.321, 1, 54.75, 0, 210, 1215
2026/02/23 16:15:26.321, 2, 57.06, 0, 210, 1215
2026/02/23 16:15:26.321, 3, 55.41, 0, 210, 1215
2026/02/23 16:15:26.371, 0, 223.99, 100, 1410, 1215
2026/02/23 16:15:26.371, 1, 54.75, 0, 210, 1215
2026/02/23 16:15:26.371, 2, 57.34, 0, 210, 1215
2026/02/23 16:15:26.371, 3, 55.41, 0, 210, 1215
2026/02/23 16:15:26.421, 0, 224.21, 100, 1410, 1215
2026/02/23 16:15:26.421, 1, 54.75, 0, 210, 1215
2026/02/23 16:15:26.422, 2, 57.34, 0, 210, 1215
2026/02/23 16:15:26.422, 3, 55.41, 0, 210, 1215
2026/02/23 16:15:26.472, 0, 224.21, 100, 1410, 1215
2026/02/23 16:15:26.472, 1, 55.03, 0, 210, 1215
2026/02/23 16:15:26.472, 2, 57.01, 0, 210, 1215
2026/02/23 16:15:26.472, 3, 55.41, 0, 210, 1215
2026/02/23 16:15:26.522, 0, 223.99, 100, 1410, 1215
2026/02/23 16:15:26.522, 1, 55.03, 0, 210, 1215
2026/02/23 16:15:26.522, 2, 57.01, 0, 210, 1215
2026/02/23 16:15:26.523, 3, 55.41, 0, 210, 1215
2026/02/23 16:15:26.573, 0, 223.99, 100, 1410, 1215
2026/02/23 16:15:26.573, 1, 54.75, 0, 210, 1215
2026/02/23 16:15:26.573, 2, 57.01, 0, 210, 1215
2026/02/23 16:15:26.573, 3, 55.41, 0, 210, 1215
2026/02/23 16:15:26.623, 0, 223.99, 100, 1410, 1215
2026/02/23 16:15:26.623, 1, 54.75, 0, 210, 1215
2026/02/23 16:15:26.623, 2, 57.01, 0, 210, 1215
2026/02/23 16:15:26.623, 3, 55.41, 0, 210, 1215
2026/02/23 16:15:26.674, 0, 223.99, 100, 1410, 1215
2026/02/23 16:15:26.674, 1, 55.03, 0, 210, 1215
2026/02/23 16:15:26.674, 2, 57.06, 0, 210, 1215
2026/02/23 16:15:26.674, 3, 55.41, 0, 210, 1215
2026/02/23 16:15:26.724, 0, 223.99, 100, 1410, 1215
2026/02/23 16:15:26.724, 1, 55.03, 0, 210, 1215
2026/02/23 16:15:26.724, 2, 57.06, 0, 210, 1215
2026/02/23 16:15:26.724, 3, 55.41, 0, 210, 1215
2026/02/23 16:15:26.774, 0, 223.99, 100, 1410, 1215
2026/02/23 16:15:26.775, 1, 54.75, 0, 210, 1215
2026/02/23 16:15:26.775, 2, 57.06, 0, 210, 1215
2026/02/23 16:15:26.775, 3, 55.41, 0, 210, 1215
2026/02/23 16:15:26.825, 0, 223.94, 100, 1410, 1215
2026/02/23 16:15:26.825, 1, 54.75, 0, 210, 1215
2026/02/23 16:15:26.825, 2, 57.06, 0, 210, 1215
2026/02/23 16:15:26.825, 3, 55.41, 0, 210, 1215
2026/02/23 16:15:26.875, 0, 223.94, 100, 1410, 1215
2026/02/23 16:15:26.875, 1, 55.03, 0, 210, 1215
2026/02/23 16:15:26.876, 2, 57.06, 0, 210, 1215
2026/02/23 16:15:26.876, 3, 55.47, 0, 210, 1215
2026/02/23 16:15:26.926, 0, 223.94, 100, 1410, 1215
2026/02/23 16:15:26.926, 1, 55.03, 0, 210, 1215
2026/02/23 16:15:26.926, 2, 57.06, 0, 210, 1215
2026/02/23 16:15:26.926, 3, 55.47, 0, 210, 1215
2026/02/23 16:15:26.976, 0, 223.94, 100, 1410, 1215
2026/02/23 16:15:26.976, 1, 54.75, 0, 210, 1215
2026/02/23 16:15:26.976, 2, 57.06, 0, 210, 1215
2026/02/23 16:15:26.977, 3, 55.41, 0, 210, 1215
2026/02/23 16:15:27.027, 0, 223.71, 100, 1410, 1215
2026/02/23 16:15:27.027, 1, 54.75, 0, 210, 1215
2026/02/23 16:15:27.027, 2, 57.06, 0, 210, 1215
2026/02/23 16:15:27.027, 3, 55.41, 0, 210, 1215
2026/02/23 16:15:27.077, 0, 223.71, 100, 1410, 1215
2026/02/23 16:15:27.077, 1, 54.75, 0, 210, 1215
2026/02/23 16:15:27.077, 2, 57.34, 0, 210, 1215
2026/02/23 16:15:27.077, 3, 55.41, 0, 210, 1215
2026/02/23 16:15:27.128, 0, 223.94, 100, 1410, 1215
2026/02/23 16:15:27.128, 1, 54.75, 0, 210, 1215
2026/02/23 16:15:27.128, 2, 57.34, 0, 210, 1215
2026/02/23 16:15:27.128, 3, 55.41, 0, 210, 1215
2026/02/23 16:15:27.178, 0, 223.94, 100, 1410, 1215
2026/02/23 16:15:27.178, 1, 54.75, 0, 210, 1215
2026/02/23 16:15:27.178, 2, 57.34, 0, 210, 1215
2026/02/23 16:15:27.178, 3, 55.41, 0, 210, 1215
2026/02/23 16:15:27.229, 0, 223.71, 100, 1410, 1215
2026/02/23 16:15:27.229, 1, 54.75, 0, 210, 1215
2026/02/23 16:15:27.229, 2, 57.34, 0, 210, 1215
2026/02/23 16:15:27.229, 3, 55.41, 0, 210, 1215
2026/02/23 16:15:27.279, 0, 223.71, 100, 1410, 1215
2026/02/23 16:15:27.279, 1, 54.75, 0, 210, 1215
2026/02/23 16:15:27.279, 2, 57.34, 0, 210, 1215
2026/02/23 16:15:27.279, 3, 55.41, 0, 210, 1215
2026/02/23 16:15:27.329, 0, 223.94, 100, 1410, 1215
2026/02/23 16:15:27.330, 1, 54.75, 0, 210, 1215
2026/02/23 16:15:27.330, 2, 57.34, 0, 210, 1215
2026/02/23 16:15:27.330, 3, 55.41, 0, 210, 1215
2026/02/23 16:15:27.380, 0, 223.94, 100, 1410, 1215
2026/02/23 16:15:27.380, 1, 54.75, 0, 210, 1215
2026/02/23 16:15:27.380, 2, 57.34, 0, 210, 1215
2026/02/23 16:15:27.380, 3, 55.41, 0, 210, 1215
2026/02/23 16:15:27.430, 0, 223.67, 100, 1410, 1215
2026/02/23 16:15:27.430, 1, 54.75, 0, 210, 1215
2026/02/23 16:15:27.430, 2, 57.34, 0, 210, 1215
2026/02/23 16:15:27.431, 3, 55.41, 0, 210, 1215
2026/02/23 16:15:27.481, 0, 223.67, 100, 1410, 1215
2026/02/23 16:15:27.481, 1, 54.75, 0, 210, 1215
2026/02/23 16:15:27.481, 2, 57.06, 0, 210, 1215
2026/02/23 16:15:27.481, 3, 55.41, 0, 210, 1215
2026/02/23 16:15:27.531, 0, 224.21, 100, 1410, 1215
2026/02/23 16:15:27.531, 1, 54.75, 0, 210, 1215
2026/02/23 16:15:27.531, 2, 57.06, 0, 210, 1215
2026/02/23 16:15:27.531, 3, 55.41, 0, 210, 1215
2026/02/23 16:15:27.582, 0, 224.21, 100, 1410, 1215
2026/02/23 16:15:27.582, 1, 54.75, 0, 210, 1215
2026/02/23 16:15:27.582, 2, 57.34, 0, 210, 1215
2026/02/23 16:15:27.582, 3, 55.41, 0, 210, 1215
2026/02/23 16:15:27.632, 0, 223.94, 100, 1410, 1215
2026/02/23 16:15:27.632, 1, 54.75, 0, 210, 1215
2026/02/23 16:15:27.632, 2, 57.34, 0, 210, 1215
2026/02/23 16:15:27.632, 3, 55.41, 0, 210, 1215
2026/02/23 16:15:27.683, 0, 223.94, 100, 1410, 1215
2026/02/23 16:15:27.683, 1, 54.75, 0, 210, 1215
2026/02/23 16:15:27.683, 2, 57.34, 0, 210, 1215
2026/02/23 16:15:27.683, 3, 55.41, 0, 210, 1215
2026/02/23 16:15:27.733, 0, 223.94, 100, 1410, 1215
2026/02/23 16:15:27.733, 1, 54.75, 0, 210, 1215
2026/02/23 16:15:27.733, 2, 57.34, 0, 210, 1215
2026/02/23 16:15:27.733, 3, 55.41, 0, 210, 1215
2026/02/23 16:15:27.783, 0, 223.94, 100, 1410, 1215
2026/02/23 16:15:27.784, 1, 54.75, 0, 210, 1215
2026/02/23 16:15:27.784, 2, 57.34, 0, 210, 1215
2026/02/23 16:15:27.784, 3, 55.41, 0, 210, 1215
2026/02/23 16:15:27.834, 0, 223.71, 100, 1410, 1215
2026/02/23 16:15:27.834, 1, 54.75, 0, 210, 1215
2026/02/23 16:15:27.834, 2, 57.34, 0, 210, 1215
2026/02/23 16:15:27.834, 3, 55.41, 0, 210, 1215
2026/02/23 16:15:27.884, 0, 223.71, 100, 1410, 1215
2026/02/23 16:15:27.884, 1, 54.75, 0, 210, 1215
2026/02/23 16:15:27.884, 2, 57.06, 0, 210, 1215
2026/02/23 16:15:27.885, 3, 55.47, 0, 210, 1215
2026/02/23 16:15:27.935, 0, 223.94, 100, 1410, 1215
2026/02/23 16:15:27.935, 1, 54.75, 0, 210, 1215
2026/02/23 16:15:27.935, 2, 57.06, 0, 210, 1215
2026/02/23 16:15:27.935, 3, 55.47, 0, 210, 1215
2026/02/23 16:15:27.985, 0, 223.94, 100, 1410, 1215
2026/02/23 16:15:27.985, 1, 54.75, 0, 210, 1215
2026/02/23 16:15:27.985, 2, 57.06, 0, 210, 1215
2026/02/23 16:15:27.985, 3, 55.41, 0, 210, 1215
2026/02/23 16:15:28.036, 0, 223.44, 100, 1410, 1215
2026/02/23 16:15:28.036, 1, 54.75, 0, 210, 1215
2026/02/23 16:15:28.036, 2, 57.06, 0, 210, 1215
2026/02/23 16:15:28.036, 3, 55.41, 0, 210, 1215
2026/02/23 16:15:28.086, 0, 223.44, 100, 1410, 1215
2026/02/23 16:15:28.086, 1, 54.75, 0, 210, 1215
2026/02/23 16:15:28.086, 2, 57.06, 0, 210, 1215
2026/02/23 16:15:28.086, 3, 55.47, 0, 210, 1215
2026/02/23 16:15:28.137, 0, 223.94, 100, 1410, 1215
2026/02/23 16:15:28.137, 1, 54.75, 0, 210, 1215
2026/02/23 16:15:28.137, 2, 57.06, 0, 210, 1215
2026/02/23 16:15:28.137, 3, 55.47, 0, 210, 1215
2026/02/23 16:15:28.187, 0, 223.94, 100, 1410, 1215
2026/02/23 16:15:28.187, 1, 54.75, 0, 210, 1215
2026/02/23 16:15:28.187, 2, 57.34, 0, 210, 1215
2026/02/23 16:15:28.187, 3, 55.47, 0, 210, 1215
2026/02/23 16:15:28.237, 0, 223.94, 100, 1410, 1215
2026/02/23 16:15:28.238, 1, 54.75, 0, 210, 1215
2026/02/23 16:15:28.238, 2, 57.34, 0, 210, 1215
2026/02/23 16:15:28.238, 3, 55.47, 0, 210, 1215
2026/02/23 16:15:28.288, 0, 223.94, 100, 1410, 1215
2026/02/23 16:15:28.288, 1, 54.75, 0, 210, 1215
2026/02/23 16:15:28.288, 2, 57.06, 0, 210, 1215
2026/02/23 16:15:28.288, 3, 55.47, 0, 210, 1215
2026/02/23 16:15:28.338, 0, 223.94, 100, 1410, 1215
2026/02/23 16:15:28.338, 1, 54.75, 0, 210, 1215
2026/02/23 16:15:28.339, 2, 57.06, 0, 210, 1215
2026/02/23 16:15:28.339, 3, 55.47, 0, 210, 1215
2026/02/23 16:15:28.389, 0, 223.94, 100, 1410, 1215
2026/02/23 16:15:28.389, 1, 54.75, 0, 210, 1215
2026/02/23 16:15:28.389, 2, 57.06, 0, 210, 1215
2026/02/23 16:15:28.389, 3, 55.41, 0, 210, 1215
2026/02/23 16:15:28.439, 0, 224.82, 100, 1410, 1215
2026/02/23 16:15:28.439, 1, 54.75, 0, 210, 1215
2026/02/23 16:15:28.439, 2, 57.06, 0, 210, 1215
2026/02/23 16:15:28.439, 3, 55.41, 0, 210, 1215
2026/02/23 16:15:28.490, 0, 224.82, 100, 1410, 1215
2026/02/23 16:15:28.490, 1, 54.75, 0, 210, 1215
2026/02/23 16:15:28.490, 2, 57.06, 0, 210, 1215
2026/02/23 16:15:28.490, 3, 55.41, 0, 210, 1215
2026/02/23 16:15:28.540, 0, 224.82, 100, 1410, 1215
2026/02/23 16:15:28.540, 1, 54.75, 0, 210, 1215
2026/02/23 16:15:28.540, 2, 57.06, 0, 210, 1215
2026/02/23 16:15:28.540, 3, 55.41, 0, 210, 1215
2026/02/23 16:15:28.591, 0, 224.82, 100, 1410, 1215
2026/02/23 16:15:28.591, 1, 54.75, 0, 210, 1215
2026/02/23 16:15:28.591, 2, 57.06, 0, 210, 1215
2026/02/23 16:15:28.591, 3, 55.41, 0, 210, 1215
2026/02/23 16:15:28.641, 0, 224.59, 100, 1410, 1215
2026/02/23 16:15:28.641, 1, 54.75, 0, 210, 1215
2026/02/23 16:15:28.641, 2, 57.06, 0, 210, 1215
2026/02/23 16:15:28.641, 3, 55.41, 0, 210, 1215
2026/02/23 16:15:28.691, 0, 224.59, 100, 1410, 1215
2026/02/23 16:15:28.692, 1, 54.75, 0, 210, 1215
2026/02/23 16:15:28.692, 2, 57.28, 0, 210, 1215
2026/02/23 16:15:28.692, 3, 55.41, 0, 210, 1215
2026/02/23 16:15:28.742, 0, 224.55, 100, 1410, 1215
2026/02/23 16:15:28.742, 1, 54.75, 0, 210, 1215
2026/02/23 16:15:28.742, 2, 57.28, 0, 210, 1215
2026/02/23 16:15:28.742, 3, 55.41, 0, 210, 1215
2026/02/23 16:15:28.792, 0, 224.55, 100, 1410, 1215
2026/02/23 16:15:28.792, 1, 54.75, 0, 210, 1215
2026/02/23 16:15:28.793, 2, 57.06, 0, 210, 1215
2026/02/23 16:15:28.793, 3, 55.41, 0, 210, 1215
2026/02/23 16:15:28.843, 0, 224.82, 100, 1410, 1215
2026/02/23 16:15:28.843, 1, 55.03, 0, 210, 1215
2026/02/23 16:15:28.843, 2, 57.06, 0, 210, 1215
2026/02/23 16:15:28.843, 3, 55.41, 0, 210, 1215
2026/02/23 16:15:28.893, 0, 224.82, 100, 1410, 1215
2026/02/23 16:15:28.893, 1, 55.03, 0, 210, 1215
2026/02/23 16:15:28.893, 2, 57.34, 0, 210, 1215
2026/02/23 16:15:28.894, 3, 55.41, 0, 210, 1215
2026/02/23 16:15:28.944, 0, 224.82, 100, 1410, 1215
2026/02/23 16:15:28.944, 1, 54.75, 0, 210, 1215
2026/02/23 16:15:28.944, 2, 57.34, 0, 210, 1215
2026/02/23 16:15:28.944, 3, 55.41, 0, 210, 1215
2026/02/23 16:15:28.994, 0, 224.82, 100, 1410, 1215
2026/02/23 16:15:28.994, 1, 54.75, 0, 210, 1215
2026/02/23 16:15:28.994, 2, 57.06, 0, 210, 1215
2026/02/23 16:15:28.994, 3, 55.41, 0, 210, 1215
2026/02/23 16:15:29.045, 0, 224.55, 100, 1410, 1215
2026/02/23 16:15:29.045, 1, 54.75, 0, 210, 1215
2026/02/23 16:15:29.045, 2, 57.06, 0, 210, 1215
2026/02/23 16:15:29.045, 3, 55.41, 0, 210, 1215
2026/02/23 16:15:29.095, 0, 224.55, 100, 1410, 1215
2026/02/23 16:15:29.095, 1, 54.75, 0, 210, 1215
2026/02/23 16:15:29.095, 2, 57.06, 0, 210, 1215
2026/02/23 16:15:29.095, 3, 55.47, 0, 210, 1215
2026/02/23 16:15:29.146, 0, 224.32, 100, 1410, 1215
2026/02/23 16:15:29.146, 1, 55.03, 0, 210, 1215
2026/02/23 16:15:29.146, 2, 57.06, 0, 210, 1215
2026/02/23 16:15:29.146, 3, 55.47, 0, 210, 1215
2026/02/23 16:15:29.196, 0, 224.32, 100, 1410, 1215
2026/02/23 16:15:29.196, 1, 55.03, 0, 210, 1215
2026/02/23 16:15:29.196, 2, 57.06, 0, 210, 1215
2026/02/23 16:15:29.196, 3, 55.41, 0, 210, 1215
2026/02/23 16:15:29.246, 0, 224.55, 100, 1410, 1215
2026/02/23 16:15:29.247, 1, 55.03, 0, 210, 1215
2026/02/23 16:15:29.247, 2, 57.06, 0, 210, 1215
2026/02/23 16:15:29.247, 3, 55.41, 0, 210, 1215
2026/02/23 16:15:29.297, 0, 224.55, 100, 1410, 1215
2026/02/23 16:15:29.297, 1, 55.03, 0, 210, 1215
2026/02/23 16:15:29.297, 2, 57.06, 0, 210, 1215
2026/02/23 16:15:29.297, 3, 55.41, 0, 210, 1215
2026/02/23 16:15:29.347, 0, 224.32, 100, 1410, 1215
2026/02/23 16:15:29.347, 1, 55.03, 0, 210, 1215
2026/02/23 16:15:29.347, 2, 57.06, 0, 210, 1215
2026/02/23 16:15:29.348, 3, 55.41, 0, 210, 1215
2026/02/23 16:15:29.398, 0, 224.32, 100, 1410, 1215
2026/02/23 16:15:29.398, 1, 55.03, 0, 210, 1215
2026/02/23 16:15:29.398, 2, 57.06, 0, 210, 1215
2026/02/23 16:15:29.398, 3, 55.41, 0, 210, 1215
2026/02/23 16:15:29.448, 0, 224.55, 100, 1410, 1215
2026/02/23 16:15:29.448, 1, 55.03, 0, 210, 1215
2026/02/23 16:15:29.448, 2, 57.06, 0, 210, 1215
2026/02/23 16:15:29.448, 3, 55.41, 0, 210, 1215
2026/02/23 16:15:29.499, 0, 224.55, 100, 1410, 1215
2026/02/23 16:15:29.499, 1, 55.03, 0, 210, 1215
2026/02/23 16:15:29.499, 2, 57.06, 0, 210, 1215
2026/02/23 16:15:29.499, 3, 55.41, 0, 210, 1215
2026/02/23 16:15:29.549, 0, 224.55, 100, 1410, 1215
2026/02/23 16:15:29.549, 1, 55.03, 0, 210, 1215
2026/02/23 16:15:29.549, 2, 57.06, 0, 210, 1215
2026/02/23 16:15:29.549, 3, 55.41, 0, 210, 1215
2026/02/23 16:15:29.600, 0, 224.55, 100, 1410, 1215
2026/02/23 16:15:29.600, 1, 55.03, 0, 210, 1215
2026/02/23 16:15:29.600, 2, 57.06, 0, 210, 1215
2026/02/23 16:15:29.600, 3, 55.41, 0, 210, 1215
2026/02/23 16:15:29.650, 0, 224.32, 100, 1410, 1215
2026/02/23 16:15:29.650, 1, 55.03, 0, 210, 1215
2026/02/23 16:15:29.650, 2, 57.06, 0, 210, 1215
2026/02/23 16:15:29.650, 3, 55.41, 0, 210, 1215
2026/02/23 16:15:29.700, 0, 224.32, 100, 1410, 1215
2026/02/23 16:15:29.701, 1, 55.03, 0, 210, 1215
2026/02/23 16:15:29.701, 2, 57.06, 0, 210, 1215
2026/02/23 16:15:29.701, 3, 55.41, 0, 210, 1215
2026/02/23 16:15:29.751, 0, 224.21, 100, 1410, 1215
2026/02/23 16:15:29.751, 1, 55.03, 0, 210, 1215
2026/02/23 16:15:29.751, 2, 57.06, 0, 210, 1215
2026/02/23 16:15:29.751, 3, 55.41, 0, 210, 1215
2026/02/23 16:15:29.801, 0, 224.21, 100, 1410, 1215
2026/02/23 16:15:29.801, 1, 55.03, 0, 210, 1215
2026/02/23 16:15:29.802, 2, 57.06, 0, 210, 1215
2026/02/23 16:15:29.802, 3, 55.41, 0, 210, 1215
2026/02/23 16:15:29.852, 0, 223.99, 100, 1410, 1215
2026/02/23 16:15:29.852, 1, 55.03, 0, 210, 1215
2026/02/23 16:15:29.852, 2, 57.06, 0, 210, 1215
2026/02/23 16:15:29.852, 3, 55.41, 0, 210, 1215
2026/02/23 16:15:29.902, 0, 223.99, 100, 1410, 1215
2026/02/23 16:15:29.902, 1, 55.03, 0, 210, 1215
2026/02/23 16:15:29.902, 2, 57.06, 0, 210, 1215
2026/02/23 16:15:29.903, 3, 55.41, 0, 210, 1215
2026/02/23 16:15:29.953, 0, 223.99, 100, 1410, 1215
2026/02/23 16:15:29.953, 1, 54.75, 0, 210, 1215
2026/02/23 16:15:29.953, 2, 57.06, 0, 210, 1215
2026/02/23 16:15:29.953, 3, 55.41, 0, 210, 1215
2026/02/23 16:15:30.003, 0, 223.99, 100, 1410, 1215
2026/02/23 16:15:30.003, 1, 54.75, 0, 210, 1215
2026/02/23 16:15:30.003, 2, 57.06, 0, 210, 1215
2026/02/23 16:15:30.003, 3, 55.41, 0, 210, 1215
2026/02/23 16:15:30.054, 0, 224.21, 100, 1410, 1215
2026/02/23 16:15:30.054, 1, 55.03, 0, 210, 1215
2026/02/23 16:15:30.054, 2, 57.06, 0, 210, 1215
2026/02/23 16:15:30.054, 3, 55.41, 0, 210, 1215
2026/02/23 16:15:30.104, 0, 224.21, 100, 1410, 1215
2026/02/23 16:15:30.104, 1, 55.03, 0, 210, 1215
2026/02/23 16:15:30.104, 2, 57.06, 0, 210, 1215
2026/02/23 16:15:30.104, 3, 55.41, 0, 210, 1215
2026/02/23 16:15:30.155, 0, 223.99, 100, 1410, 1215
2026/02/23 16:15:30.155, 1, 55.03, 0, 210, 1215
2026/02/23 16:15:30.155, 2, 57.06, 0, 210, 1215
2026/02/23 16:15:30.155, 3, 55.41, 0, 210, 1215
2026/02/23 16:15:30.205, 0, 223.99, 100, 1410, 1215
2026/02/23 16:15:30.205, 1, 55.03, 0, 210, 1215
2026/02/23 16:15:30.205, 2, 57.06, 0, 210, 1215
2026/02/23 16:15:30.205, 3, 55.41, 0, 210, 1215
2026/02/23 16:15:30.255, 0, 224.21, 100, 1410, 1215
2026/02/23 16:15:30.256, 1, 55.03, 0, 210, 1215
2026/02/23 16:15:30.256, 2, 57.06, 0, 210, 1215
2026/02/23 16:15:30.256, 3, 55.41, 0, 210, 1215
2026/02/23 16:15:30.306, 0, 224.21, 100, 1410, 1215
2026/02/23 16:15:30.306, 1, 55.03, 0, 210, 1215
2026/02/23 16:15:30.306, 2, 57.06, 0, 210, 1215
2026/02/23 16:15:30.306, 3, 55.41, 0, 210, 1215
2026/02/23 16:15:30.356, 0, 223.71, 100, 1410, 1215
2026/02/23 16:15:30.356, 1, 54.75, 0, 210, 1215
2026/02/23 16:15:30.357, 2, 57.06, 0, 210, 1215
2026/02/23 16:15:30.357, 3, 55.41, 0, 210, 1215
2026/02/23 16:15:30.407, 0, 223.71, 100, 1410, 1215
2026/02/23 16:15:30.407, 1, 54.75, 0, 210, 1215
2026/02/23 16:15:30.407, 2, 57.06, 0, 210, 1215
2026/02/23 16:15:30.407, 3, 55.41, 0, 210, 1215
2026/02/23 16:15:30.457, 0, 223.94, 100, 1410, 1215
2026/02/23 16:15:30.457, 1, 54.75, 0, 210, 1215
2026/02/23 16:15:30.457, 2, 57.06, 0, 210, 1215
2026/02/23 16:15:30.457, 3, 55.41, 0, 210, 1215
2026/02/23 16:15:30.508, 0, 223.94, 100, 1410, 1215
2026/02/23 16:15:30.508, 1, 54.75, 0, 210, 1215
2026/02/23 16:15:30.508, 2, 57.06, 0, 210, 1215
2026/02/23 16:15:30.508, 3, 55.41, 0, 210, 1215
2026/02/23 16:15:30.558, 0, 223.94, 100, 1410, 1215
2026/02/23 16:15:30.558, 1, 54.75, 0, 210, 1215
2026/02/23 16:15:30.558, 2, 57.06, 0, 210, 1215
2026/02/23 16:15:30.558, 3, 55.41, 0, 210, 1215
2026/02/23 16:15:30.609, 0, 223.94, 100, 1410, 1215
2026/02/23 16:15:30.609, 1, 54.75, 0, 210, 1215
2026/02/23 16:15:30.609, 2, 57.06, 0, 210, 1215
2026/02/23 16:15:30.609, 3, 55.41, 0, 210, 1215
2026/02/23 16:15:30.659, 0, 223.71, 100, 1410, 1215
2026/02/23 16:15:30.659, 1, 55.03, 0, 210, 1215
2026/02/23 16:15:30.659, 2, 57.01, 0, 210, 1215
2026/02/23 16:15:30.659, 3, 55.41, 0, 210, 1215
2026/02/23 16:15:30.709, 0, 223.71, 100, 1410, 1215
2026/02/23 16:15:30.710, 1, 55.03, 0, 210, 1215
2026/02/23 16:15:30.710, 2, 57.01, 0, 210, 1215
2026/02/23 16:15:30.710, 3, 55.41, 0, 210, 1215
2026/02/23 16:15:30.760, 0, 223.94, 100, 1410, 1215
2026/02/23 16:15:30.760, 1, 54.75, 0, 210, 1215
2026/02/23 16:15:30.760, 2, 57.06, 0, 210, 1215
2026/02/23 16:15:30.760, 3, 55.41, 0, 210, 1215
2026/02/23 16:15:30.810, 0, 223.94, 100, 1410, 1215
2026/02/23 16:15:30.810, 1, 54.75, 0, 210, 1215
2026/02/23 16:15:30.811, 2, 57.06, 0, 210, 1215
2026/02/23 16:15:30.811, 3, 55.41, 0, 210, 1215
2026/02/23 16:15:30.861, 0, 223.94, 100, 1410, 1215
2026/02/23 16:15:30.861, 1, 54.75, 0, 210, 1215
2026/02/23 16:15:30.861, 2, 57.06, 0, 210, 1215
2026/02/23 16:15:30.861, 3, 55.41, 0, 210, 1215
2026/02/23 16:15:30.911, 0, 223.94, 100, 1410, 1215
2026/02/23 16:15:30.911, 1, 54.75, 0, 210, 1215
2026/02/23 16:15:30.911, 2, 57.06, 0, 210, 1215
2026/02/23 16:15:30.912, 3, 55.47, 0, 210, 1215
2026/02/23 16:15:30.962, 0, 223.94, 100, 1410, 1215
2026/02/23 16:15:30.962, 1, 55.03, 0, 210, 1215
2026/02/23 16:15:30.962, 2, 57.06, 0, 210, 1215
2026/02/23 16:15:30.962, 3, 55.47, 0, 210, 1215
2026/02/23 16:15:31.012, 0, 223.94, 100, 1410, 1215
2026/02/23 16:15:31.012, 1, 55.03, 0, 210, 1215
2026/02/23 16:15:31.012, 2, 57.06, 0, 210, 1215
2026/02/23 16:15:31.012, 3, 55.41, 0, 210, 1215
2026/02/23 16:15:31.063, 0, 223.94, 100, 1410, 1215
2026/02/23 16:15:31.063, 1, 55.03, 0, 210, 1215
2026/02/23 16:15:31.063, 2, 57.06, 0, 210, 1215
2026/02/23 16:15:31.063, 3, 55.41, 0, 210, 1215
2026/02/23 16:15:31.113, 0, 223.94, 100, 1410, 1215
2026/02/23 16:15:31.113, 1, 55.03, 0, 210, 1215
2026/02/23 16:15:31.113, 2, 57.06, 0, 210, 1215
2026/02/23 16:15:31.113, 3, 55.41, 0, 210, 1215
2026/02/23 16:15:31.163, 0, 223.67, 100, 1410, 1215
2026/02/23 16:15:31.164, 1, 54.81, 0, 210, 1215
2026/02/23 16:15:31.164, 2, 57.06, 0, 210, 1215
2026/02/23 16:15:31.164, 3, 55.47, 0, 210, 1215
2026/02/23 16:15:31.214, 0, 223.67, 100, 1410, 1215
2026/02/23 16:15:31.214, 1, 54.81, 0, 210, 1215
2026/02/23 16:15:31.214, 2, 57.06, 0, 210, 1215
2026/02/23 16:15:31.214, 3, 55.47, 0, 210, 1215
2026/02/23 16:15:31.264, 0, 223.94, 100, 1410, 1215
2026/02/23 16:15:31.264, 1, 54.81, 0, 210, 1215
2026/02/23 16:15:31.265, 2, 57.06, 0, 210, 1215
2026/02/23 16:15:31.265, 3, 55.47, 0, 210, 1215
2026/02/23 16:15:31.315, 0, 223.94, 100, 1410, 1215
2026/02/23 16:15:31.315, 1, 54.81, 0, 210, 1215
2026/02/23 16:15:31.315, 2, 57.06, 0, 210, 1215
2026/02/23 16:15:31.315, 3, 55.47, 0, 210, 1215
2026/02/23 16:15:31.365, 0, 223.94, 100, 1410, 1215
2026/02/23 16:15:31.365, 1, 54.81, 0, 210, 1215
2026/02/23 16:15:31.365, 2, 57.06, 0, 210, 1215
2026/02/23 16:15:31.366, 3, 55.47, 0, 210, 1215
2026/02/23 16:15:31.416, 0, 223.94, 100, 1410, 1215
2026/02/23 16:15:31.416, 1, 54.81, 0, 210, 1215
2026/02/23 16:15:31.416, 2, 57.06, 0, 210, 1215
2026/02/23 16:15:31.416, 3, 55.47, 0, 210, 1215
2026/02/23 16:15:31.466, 0, 223.94, 100, 1410, 1215
2026/02/23 16:15:31.466, 1, 54.75, 0, 210, 1215
2026/02/23 16:15:31.466, 2, 57.06, 0, 210, 1215
2026/02/23 16:15:31.466, 3, 55.47, 0, 210, 1215
2026/02/23 16:15:31.517, 0, 223.94, 100, 1410, 1215
2026/02/23 16:15:31.517, 1, 54.75, 0, 210, 1215
2026/02/23 16:15:31.517, 2, 57.06, 0, 210, 1215
2026/02/23 16:15:31.517, 3, 55.47, 0, 210, 1215
2026/02/23 16:15:31.567, 0, 223.94, 100, 1410, 1215
2026/02/23 16:15:31.568, 1, 54.75, 0, 210, 1215
2026/02/23 16:15:31.568, 2, 57.06, 0, 210, 1215
2026/02/23 16:15:31.568, 3, 55.41, 0, 210, 1215
2026/02/23 16:15:31.618, 0, 223.94, 100, 1410, 1215
2026/02/23 16:15:31.618, 1, 54.75, 0, 210, 1215
2026/02/23 16:15:31.619, 2, 57.06, 0, 210, 1215
2026/02/23 16:15:31.619, 3, 55.41, 0, 210, 1215
2026/02/23 16:15:31.669, 0, 223.94, 100, 1410, 1215
2026/02/23 16:15:31.669, 1, 55.03, 0, 210, 1215
2026/02/23 16:15:31.669, 2, 57.06, 0, 210, 1215
2026/02/23 16:15:31.669, 3, 55.47, 0, 210, 1215
2026/02/23 16:15:31.719, 0, 223.67, 100, 1410, 1215
2026/02/23 16:15:31.719, 1, 55.03, 0, 210, 1215
2026/02/23 16:15:31.719, 2, 57.06, 0, 210, 1215
2026/02/23 16:15:31.719, 3, 55.47, 0, 210, 1215
2026/02/23 16:15:31.770, 0, 223.67, 100, 1410, 1215
2026/02/23 16:15:31.770, 1, 54.75, 0, 210, 1215
2026/02/23 16:15:31.770, 2, 57.06, 0, 210, 1215
2026/02/23 16:15:31.770, 3, 55.41, 0, 210, 1215
2026/02/23 16:15:31.820, 0, 224.21, 100, 1410, 1215
2026/02/23 16:15:31.820, 1, 54.75, 0, 210, 1215
2026/02/23 16:15:31.820, 2, 57.06, 0, 210, 1215
2026/02/23 16:15:31.820, 3, 55.41, 0, 210, 1215
2026/02/23 16:15:31.871, 0, 224.21, 100, 1410, 1215
2026/02/23 16:15:31.871, 1, 54.75, 0, 210, 1215
2026/02/23 16:15:31.871, 2, 57.06, 0, 210, 1215
2026/02/23 16:15:31.871, 3, 55.47, 0, 210, 1215
2026/02/23 16:15:31.921, 0, 224.21, 100, 1410, 1215
2026/02/23 16:15:31.921, 1, 54.75, 0, 210, 1215
2026/02/23 16:15:31.921, 2, 57.06, 0, 210, 1215
2026/02/23 16:15:31.921, 3, 55.47, 0, 210, 1215
2026/02/23 16:15:31.971, 0, 224.21, 100, 1410, 1215
2026/02/23 16:15:31.972, 1, 54.75, 0, 210, 1215
2026/02/23 16:15:31.972, 2, 57.06, 0, 210, 1215
2026/02/23 16:15:31.972, 3, 55.41, 0, 210, 1215
2026/02/23 16:15:32.022, 0, 224.21, 100, 1410, 1215
2026/02/23 16:15:32.022, 1, 54.75, 0, 210, 1215
2026/02/23 16:15:32.022, 2, 57.06, 0, 210, 1215
2026/02/23 16:15:32.022, 3, 55.41, 0, 210, 1215
2026/02/23 16:15:32.072, 0, 224.21, 100, 1410, 1215
2026/02/23 16:15:32.072, 1, 55.03, 0, 210, 1215
2026/02/23 16:15:32.073, 2, 57.06, 0, 210, 1215
2026/02/23 16:15:32.073, 3, 55.41, 0, 210, 1215
2026/02/23 16:15:32.123, 0, 223.99, 100, 1410, 1215
2026/02/23 16:15:32.123, 1, 55.03, 0, 210, 1215
2026/02/23 16:15:32.123, 2, 57.06, 0, 210, 1215
2026/02/23 16:15:32.123, 3, 55.41, 0, 210, 1215
2026/02/23 16:15:32.173, 0, 223.99, 100, 1410, 1215
2026/02/23 16:15:32.173, 1, 54.75, 0, 210, 1215
2026/02/23 16:15:32.173, 2, 57.06, 0, 210, 1215
2026/02/23 16:15:32.173, 3, 55.41, 0, 210, 1215
2026/02/23 16:15:32.224, 0, 224.92, 100, 1410, 1215
2026/02/23 16:15:32.224, 1, 54.75, 0, 210, 1215
2026/02/23 16:15:32.224, 2, 57.06, 0, 210, 1215
2026/02/23 16:15:32.224, 3, 55.41, 0, 210, 1215
2026/02/23 16:15:32.274, 0, 224.92, 100, 1410, 1215
2026/02/23 16:15:32.274, 1, 54.75, 0, 210, 1215
2026/02/23 16:15:32.274, 2, 57.06, 0, 210, 1215
2026/02/23 16:15:32.274, 3, 55.41, 0, 210, 1215
2026/02/23 16:15:32.325, 0, 224.59, 100, 1410, 1215
2026/02/23 16:15:32.325, 1, 54.75, 0, 210, 1215
2026/02/23 16:15:32.325, 2, 57.06, 0, 210, 1215
2026/02/23 16:15:32.325, 3, 55.41, 0, 210, 1215
2026/02/23 16:15:32.375, 0, 224.59, 100, 1410, 1215
2026/02/23 16:15:32.375, 1, 54.75, 0, 210, 1215
2026/02/23 16:15:32.375, 2, 57.06, 0, 210, 1215
2026/02/23 16:15:32.375, 3, 55.41, 0, 210, 1215
2026/02/23 16:15:32.425, 0, 224.82, 100, 1410, 1215
2026/02/23 16:15:32.426, 1, 54.75, 0, 210, 1215
2026/02/23 16:15:32.426, 2, 57.06, 0, 210, 1215
2026/02/23 16:15:32.426, 3, 55.41, 0, 210, 1215
2026/02/23 16:15:32.476, 0, 224.82, 100, 1410, 1215
2026/02/23 16:15:32.476, 1, 54.75, 0, 210, 1215
2026/02/23 16:15:32.476, 2, 57.06, 0, 210, 1215
2026/02/23 16:15:32.476, 3, 55.41, 0, 210, 1215
2026/02/23 16:15:32.526, 0, 224.82, 100, 1410, 1215
2026/02/23 16:15:32.526, 1, 54.75, 0, 210, 1215
2026/02/23 16:15:32.527, 2, 57.06, 0, 210, 1215
2026/02/23 16:15:32.527, 3, 55.41, 0, 210, 1215
2026/02/23 16:15:32.577, 0, 224.82, 100, 1410, 1215
2026/02/23 16:15:32.577, 1, 55.03, 0, 210, 1215
2026/02/23 16:15:32.577, 2, 57.06, 0, 210, 1215
2026/02/23 16:15:32.577, 3, 55.47, 0, 210, 1215
2026/02/23 16:15:32.627, 0, 224.82, 100, 1410, 1215
2026/02/23 16:15:32.627, 1, 55.03, 0, 210, 1215
2026/02/23 16:15:32.627, 2, 57.06, 0, 210, 1215
2026/02/23 16:15:32.628, 3, 55.47, 0, 210, 1215
2026/02/23 16:15:32.678, 0, 224.82, 100, 1410, 1215
2026/02/23 16:15:32.678, 1, 54.75, 0, 210, 1215
2026/02/23 16:15:32.678, 2, 57.06, 0, 210, 1215
2026/02/23 16:15:32.678, 3, 55.47, 0, 210, 1215
2026/02/23 16:15:32.728, 0, 224.82, 100, 1410, 1215
2026/02/23 16:15:32.728, 1, 54.75, 0, 210, 1215
2026/02/23 16:15:32.728, 2, 57.06, 0, 210, 1215
2026/02/23 16:15:32.728, 3, 55.47, 0, 210, 1215
2026/02/23 16:15:32.779, 0, 224.82, 100, 1410, 1215
2026/02/23 16:15:32.779, 1, 54.75, 0, 210, 1215
2026/02/23 16:15:32.779, 2, 57.06, 0, 210, 1215
2026/02/23 16:15:32.779, 3, 55.41, 0, 210, 1215
2026/02/23 16:15:32.829, 0, 224.82, 100, 1410, 1215
2026/02/23 16:15:32.829, 1, 54.75, 0, 210, 1215
2026/02/23 16:15:32.829, 2, 57.06, 0, 210, 1215
2026/02/23 16:15:32.829, 3, 55.41, 0, 210, 1215
2026/02/23 16:15:32.879, 0, 224.82, 100, 1410, 1215
2026/02/23 16:15:32.880, 1, 54.75, 0, 210, 1215
2026/02/23 16:15:32.880, 2, 57.06, 0, 210, 1215
2026/02/23 16:15:32.880, 3, 55.41, 0, 210, 1215
2026/02/23 16:15:32.930, 0, 224.55, 100, 1410, 1215
2026/02/23 16:15:32.930, 1, 54.75, 0, 210, 1215
2026/02/23 16:15:32.930, 2, 57.06, 0, 210, 1215
2026/02/23 16:15:32.930, 3, 55.41, 0, 210, 1215
2026/02/23 16:15:32.980, 0, 224.55, 100, 1410, 1215
2026/02/23 16:15:32.980, 1, 54.75, 0, 210, 1215
2026/02/23 16:15:32.981, 2, 57.06, 0, 210, 1215
2026/02/23 16:15:32.981, 3, 55.41, 0, 210, 1215
2026/02/23 16:15:33.031, 0, 224.82, 100, 1410, 1215
2026/02/23 16:15:33.031, 1, 54.75, 0, 210, 1215
2026/02/23 16:15:33.031, 2, 57.06, 0, 210, 1215
2026/02/23 16:15:33.031, 3, 55.41, 0, 210, 1215
2026/02/23 16:15:33.081, 0, 224.82, 100, 1410, 1215
2026/02/23 16:15:33.081, 1, 54.75, 0, 210, 1215
2026/02/23 16:15:33.081, 2, 57.06, 0, 210, 1215
2026/02/23 16:15:33.082, 3, 55.41, 0, 210, 1215
2026/02/23 16:15:33.132, 0, 224.32, 100, 1410, 1215
2026/02/23 16:15:33.132, 1, 54.75, 0, 210, 1215
2026/02/23 16:15:33.132, 2, 57.06, 0, 210, 1215
2026/02/23 16:15:33.132, 3, 55.41, 0, 210, 1215
2026/02/23 16:15:33.182, 0, 224.32, 100, 1410, 1215
2026/02/23 16:15:33.182, 1, 54.75, 0, 210, 1215
2026/02/23 16:15:33.182, 2, 57.06, 0, 210, 1215
2026/02/23 16:15:33.182, 3, 55.41, 0, 210, 1215
2026/02/23 16:15:33.233, 0, 224.55, 100, 1410, 1215
2026/02/23 16:15:33.233, 1, 54.75, 0, 210, 1215
2026/02/23 16:15:33.233, 2, 57.06, 0, 210, 1215
2026/02/23 16:15:33.233, 3, 55.41, 0, 210, 1215
2026/02/23 16:15:33.283, 0, 224.55, 100, 1410, 1215
2026/02/23 16:15:33.283, 1, 54.75, 0, 210, 1215
2026/02/23 16:15:33.283, 2, 57.06, 0, 210, 1215
2026/02/23 16:15:33.283, 3, 55.41, 0, 210, 1215
2026/02/23 16:15:33.333, 0, 224.59, 100, 1410, 1215
2026/02/23 16:15:33.334, 1, 54.75, 0, 210, 1215
2026/02/23 16:15:33.334, 2, 57.06, 0, 210, 1215
2026/02/23 16:15:33.334, 3, 55.41, 0, 210, 1215
2026/02/23 16:15:33.384, 0, 224.59, 100, 1410, 1215
2026/02/23 16:15:33.384, 1, 54.75, 0, 210, 1215
2026/02/23 16:15:33.384, 2, 57.06, 0, 210, 1215
2026/02/23 16:15:33.384, 3, 55.41, 0, 210, 1215
2026/02/23 16:15:33.434, 0, 224.32, 100, 1410, 1215
2026/02/23 16:15:33.434, 1, 54.75, 0, 210, 1215
2026/02/23 16:15:33.435, 2, 57.06, 0, 210, 1215
2026/02/23 16:15:33.435, 3, 55.41, 0, 210, 1215
2026/02/23 16:15:33.485, 0, 224.32, 100, 1410, 1215
2026/02/23 16:15:33.485, 1, 55.03, 0, 210, 1215
2026/02/23 16:15:33.485, 2, 57.06, 0, 210, 1215
2026/02/23 16:15:33.485, 3, 55.41, 0, 210, 1215
2026/02/23 16:15:33.535, 0, 224.32, 100, 1410, 1215
2026/02/23 16:15:33.535, 1, 55.03, 0, 210, 1215
2026/02/23 16:15:33.535, 2, 57.06, 0, 210, 1215
2026/02/23 16:15:33.536, 3, 55.41, 0, 210, 1215
2026/02/23 16:15:33.586, 0, 224.32, 100, 1410, 1215
2026/02/23 16:15:33.586, 1, 54.75, 0, 210, 1215
2026/02/23 16:15:33.586, 2, 57.06, 0, 210, 1215
2026/02/23 16:15:33.586, 3, 55.41, 0, 210, 1215
2026/02/23 16:15:33.636, 0, 224.32, 100, 1410, 1215
2026/02/23 16:15:33.636, 1, 54.75, 0, 210, 1215
2026/02/23 16:15:33.636, 2, 57.06, 0, 210, 1215
2026/02/23 16:15:33.636, 3, 55.41, 0, 210, 1215
2026/02/23 16:15:33.687, 0, 224.32, 100, 1410, 1215
2026/02/23 16:15:33.687, 1, 54.75, 0, 210, 1215
2026/02/23 16:15:33.687, 2, 57.06, 0, 210, 1215
2026/02/23 16:15:33.687, 3, 55.47, 0, 210, 1215
2026/02/23 16:15:33.737, 0, 224.55, 100, 1410, 1215
2026/02/23 16:15:33.737, 1, 54.75, 0, 210, 1215
2026/02/23 16:15:33.737, 2, 57.06, 0, 210, 1215
2026/02/23 16:15:33.737, 3, 55.47, 0, 210, 1215
2026/02/23 16:15:33.787, 0, 224.55, 100, 1410, 1215
2026/02/23 16:15:33.788, 1, 54.75, 0, 210, 1215
2026/02/23 16:15:33.788, 2, 57.06, 0, 210, 1215
2026/02/23 16:15:33.788, 3, 55.41, 0, 210, 1215
2026/02/23 16:15:33.838, 0, 224.55, 100, 1410, 1215
2026/02/23 16:15:33.838, 1, 54.75, 0, 210, 1215
2026/02/23 16:15:33.838, 2, 57.06, 0, 210, 1215
2026/02/23 16:15:33.838, 3, 55.41, 0, 210, 1215
2026/02/23 16:15:33.888, 0, 224.55, 100, 1410, 1215
2026/02/23 16:15:33.888, 1, 55.03, 0, 210, 1215
2026/02/23 16:15:33.889, 2, 57.06, 0, 210, 1215
2026/02/23 16:15:33.889, 3, 55.47, 0, 210, 1215
2026/02/23 16:15:33.939, 0, 224.21, 100, 1410, 1215
2026/02/23 16:15:33.939, 1, 55.03, 0, 210, 1215
2026/02/23 16:15:33.939, 2, 57.06, 0, 210, 1215
2026/02/23 16:15:33.939, 3, 55.47, 0, 210, 1215
2026/02/23 16:15:33.989, 0, 224.21, 100, 1410, 1215
2026/02/23 16:15:33.989, 1, 54.81, 0, 210, 1215
2026/02/23 16:15:33.989, 2, 57.06, 0, 210, 1215
2026/02/23 16:15:33.990, 3, 55.47, 0, 210, 1215
2026/02/23 16:15:34.040, 0, 224.21, 100, 1410, 1215
2026/02/23 16:15:34.040, 1, 54.81, 0, 210, 1215
2026/02/23 16:15:34.040, 2, 57.06, 0, 210, 1215
2026/02/23 16:15:34.040, 3, 55.47, 0, 210, 1215
2026/02/23 16:15:34.090, 0, 224.21, 100, 1410, 1215
2026/02/23 16:15:34.090, 1, 54.81, 0, 210, 1215
2026/02/23 16:15:34.090, 2, 57.06, 0, 210, 1215
2026/02/23 16:15:34.090, 3, 55.47, 0, 210, 1215
2026/02/23 16:15:34.141, 0, 223.94, 100, 1410, 1215
2026/02/23 16:15:34.141, 1, 54.75, 0, 210, 1215
2026/02/23 16:15:34.141, 2, 57.06, 0, 210, 1215
2026/02/23 16:15:34.141, 3, 55.47, 0, 210, 1215
2026/02/23 16:15:34.191, 0, 223.94, 100, 1410, 1215
2026/02/23 16:15:34.191, 1, 54.75, 0, 210, 1215
2026/02/23 16:15:34.191, 2, 57.06, 0, 210, 1215
2026/02/23 16:15:34.191, 3, 55.41, 0, 210, 1215
2026/02/23 16:15:34.241, 0, 224.21, 100, 1410, 1215
2026/02/23 16:15:34.241, 1, 54.75, 0, 210, 1215
2026/02/23 16:15:34.242, 2, 57.06, 0, 210, 1215
2026/02/23 16:15:34.242, 3, 55.41, 0, 210, 1215
2026/02/23 16:15:34.292, 0, 224.21, 100, 1410, 1215
2026/02/23 16:15:34.292, 1, 54.75, 0, 210, 1215
2026/02/23 16:15:34.292, 2, 57.06, 0, 210, 1215
2026/02/23 16:15:34.292, 3, 55.47, 0, 210, 1215
2026/02/23 16:15:34.342, 0, 223.94, 100, 1410, 1215
2026/02/23 16:15:34.342, 1, 54.75, 0, 210, 1215
2026/02/23 16:15:34.342, 2, 57.06, 0, 210, 1215
2026/02/23 16:15:34.342, 3, 55.47, 0, 210, 1215
2026/02/23 16:15:34.393, 0, 223.94, 100, 1410, 1215
2026/02/23 16:15:34.393, 1, 54.75, 0, 210, 1215
2026/02/23 16:15:34.393, 2, 57.06, 0, 210, 1215
2026/02/23 16:15:34.393, 3, 55.47, 0, 210, 1215
2026/02/23 16:15:34.443, 0, 224.21, 100, 1410, 1215
2026/02/23 16:15:34.443, 1, 54.75, 0, 210, 1215
2026/02/23 16:15:34.443, 2, 57.06, 0, 210, 1215
2026/02/23 16:15:34.443, 3, 55.47, 0, 210, 1215
2026/02/23 16:15:34.494, 0, 224.21, 100, 1410, 1215
2026/02/23 16:15:34.494, 1, 54.75, 0, 210, 1215
2026/02/23 16:15:34.494, 2, 57.06, 0, 210, 1215
2026/02/23 16:15:34.494, 3, 55.41, 0, 210, 1215
2026/02/23 16:15:34.544, 0, 223.94, 100, 1410, 1215
2026/02/23 16:15:34.544, 1, 54.75, 0, 210, 1215
2026/02/23 16:15:34.544, 2, 57.06, 0, 210, 1215
2026/02/23 16:15:34.544, 3, 55.41, 0, 210, 1215
2026/02/23 16:15:34.594, 0, 223.94, 100, 1410, 1215
2026/02/23 16:15:34.595, 1, 54.75, 0, 210, 1215
2026/02/23 16:15:34.595, 2, 57.06, 0, 210, 1215
2026/02/23 16:15:34.595, 3, 55.47, 0, 210, 1215
2026/02/23 16:15:34.645, 0, 223.94, 100, 1410, 1215
2026/02/23 16:15:34.645, 1, 54.75, 0, 210, 1215
2026/02/23 16:15:34.645, 2, 57.06, 0, 210, 1215
2026/02/23 16:15:34.645, 3, 55.47, 0, 210, 1215
2026/02/23 16:15:34.695, 0, 223.94, 100, 1410, 1215
2026/02/23 16:15:34.695, 1, 54.75, 0, 210, 1215
2026/02/23 16:15:34.696, 2, 57.06, 0, 210, 1215
2026/02/23 16:15:34.696, 3, 55.47, 0, 210, 1215
2026/02/23 16:15:34.746, 0, 224.21, 100, 1410, 1215
2026/02/23 16:15:34.746, 1, 54.75, 0, 210, 1215
2026/02/23 16:15:34.746, 2, 57.06, 0, 210, 1215
2026/02/23 16:15:34.746, 3, 55.47, 0, 210, 1215
2026/02/23 16:15:34.796, 0, 224.21, 100, 1410, 1215
2026/02/23 16:15:34.796, 1, 54.75, 0, 210, 1215
2026/02/23 16:15:34.796, 2, 57.06, 0, 210, 1215
2026/02/23 16:15:34.797, 3, 55.47, 0, 210, 1215
2026/02/23 16:15:34.847, 0, 224.21, 100, 1410, 1215
2026/02/23 16:15:34.847, 1, 54.75, 0, 210, 1215
2026/02/23 16:15:34.847, 2, 57.06, 0, 210, 1215
2026/02/23 16:15:34.847, 3, 55.47, 0, 210, 1215
2026/02/23 16:15:34.897, 0, 224.21, 100, 1410, 1215
2026/02/23 16:15:34.897, 1, 54.75, 0, 210, 1215
2026/02/23 16:15:34.897, 2, 57.06, 0, 210, 1215
2026/02/23 16:15:34.897, 3, 55.41, 0, 210, 1215
2026/02/23 16:15:34.948, 0, 223.94, 100, 1410, 1215
2026/02/23 16:15:34.948, 1, 54.75, 0, 210, 1215
2026/02/23 16:15:34.948, 2, 57.06, 0, 210, 1215
2026/02/23 16:15:34.948, 3, 55.41, 0, 210, 1215
2026/02/23 16:15:34.998, 0, 223.94, 100, 1410, 1215
2026/02/23 16:15:34.998, 1, 54.75, 0, 210, 1215
2026/02/23 16:15:34.998, 2, 57.06, 0, 210, 1215
2026/02/23 16:15:34.998, 3, 55.41, 0, 210, 1215
2026/02/23 16:15:35.048, 0, 223.71, 100, 1410, 1215
2026/02/23 16:15:35.049, 1, 54.75, 0, 210, 1215
2026/02/23 16:15:35.049, 2, 57.06, 0, 210, 1215
2026/02/23 16:15:35.049, 3, 55.41, 0, 210, 1215
2026/02/23 16:15:35.099, 0, 223.71, 100, 1410, 1215
2026/02/23 16:15:35.099, 1, 54.75, 0, 210, 1215
2026/02/23 16:15:35.099, 2, 57.06, 0, 210, 1215
2026/02/23 16:15:35.099, 3, 55.41, 0, 210, 1215
2026/02/23 16:15:35.149, 0, 223.94, 100, 1410, 1215
2026/02/23 16:15:35.149, 1, 54.75, 0, 210, 1215
2026/02/23 16:15:35.150, 2, 57.06, 0, 210, 1215
2026/02/23 16:15:35.150, 3, 55.41, 0, 210, 1215
2026/02/23 16:15:35.200, 0, 223.94, 100, 1410, 1215
2026/02/23 16:15:35.200, 1, 54.75, 0, 210, 1215
2026/02/23 16:15:35.200, 2, 57.06, 0, 210, 1215
2026/02/23 16:15:35.200, 3, 55.47, 0, 210, 1215
2026/02/23 16:15:35.250, 0, 223.94, 100, 1410, 1215
2026/02/23 16:15:35.250, 1, 54.75, 0, 210, 1215
2026/02/23 16:15:35.250, 2, 57.06, 0, 210, 1215
2026/02/23 16:15:35.251, 3, 55.47, 0, 210, 1215
2026/02/23 16:15:35.301, 0, 223.94, 100, 1410, 1215
2026/02/23 16:15:35.301, 1, 54.75, 0, 210, 1215
2026/02/23 16:15:35.301, 2, 57.06, 0, 210, 1215
2026/02/23 16:15:35.301, 3, 55.41, 0, 210, 1215
2026/02/23 16:15:35.351, 0, 224.32, 100, 1410, 1215
2026/02/23 16:15:35.351, 1, 54.75, 0, 210, 1215
2026/02/23 16:15:35.351, 2, 57.06, 0, 210, 1215
2026/02/23 16:15:35.351, 3, 55.41, 0, 210, 1215
2026/02/23 16:15:35.402, 0, 224.32, 100, 1410, 1215
2026/02/23 16:15:35.402, 1, 54.75, 0, 210, 1215
2026/02/23 16:15:35.402, 2, 57.06, 0, 210, 1215
2026/02/23 16:15:35.402, 3, 55.41, 0, 210, 1215
2026/02/23 16:15:35.452, 0, 224.21, 100, 1410, 1215
2026/02/23 16:15:35.452, 1, 54.75, 0, 210, 1215
2026/02/23 16:15:35.452, 2, 57.34, 0, 210, 1215
2026/02/23 16:15:35.452, 3, 55.41, 0, 210, 1215
2026/02/23 16:15:35.503, 0, 224.21, 100, 1410, 1215
2026/02/23 16:15:35.503, 1, 54.75, 0, 210, 1215
2026/02/23 16:15:35.503, 2, 57.34, 0, 210, 1215
2026/02/23 16:15:35.503, 3, 55.41, 0, 210, 1215
2026/02/23 16:15:35.553, 0, 223.99, 100, 1410, 1215
2026/02/23 16:15:35.553, 1, 54.75, 0, 210, 1215
2026/02/23 16:15:35.553, 2, 57.28, 0, 210, 1215
2026/02/23 16:15:35.553, 3, 55.41, 0, 210, 1215
2026/02/23 16:15:35.603, 0, 223.99, 100, 1410, 1215
2026/02/23 16:15:35.604, 1, 54.75, 0, 210, 1215
2026/02/23 16:15:35.604, 2, 57.28, 0, 210, 1215
2026/02/23 16:15:35.604, 3, 55.41, 0, 210, 1215
2026/02/23 16:15:35.654, 0, 224.82, 100, 1410, 1215
2026/02/23 16:15:35.654, 1, 54.75, 0, 210, 1215
2026/02/23 16:15:35.654, 2, 57.06, 0, 210, 1215
2026/02/23 16:15:35.654, 3, 55.41, 0, 210, 1215
2026/02/23 16:15:35.704, 0, 224.82, 100, 1410, 1215
2026/02/23 16:15:35.704, 1, 54.75, 0, 210, 1215
2026/02/23 16:15:35.705, 2, 57.06, 0, 210, 1215
2026/02/23 16:15:35.705, 3, 55.47, 0, 210, 1215
2026/02/23 16:15:35.755, 0, 224.82, 100, 1410, 1215
2026/02/23 16:15:35.755, 1, 54.75, 0, 210, 1215
2026/02/23 16:15:35.755, 2, 57.06, 0, 210, 1215
2026/02/23 16:15:35.755, 3, 55.47, 0, 210, 1215
2026/02/23 16:15:35.805, 0, 224.82, 100, 1410, 1215
2026/02/23 16:15:35.805, 1, 54.75, 0, 210, 1215
2026/02/23 16:15:35.805, 2, 57.06, 0, 210, 1215
2026/02/23 16:15:35.806, 3, 55.41, 0, 210, 1215
2026/02/23 16:15:35.856, 0, 224.82, 100, 1410, 1215
2026/02/23 16:15:35.856, 1, 54.75, 0, 210, 1215
2026/02/23 16:15:35.856, 2, 57.06, 0, 210, 1215
2026/02/23 16:15:35.856, 3, 55.41, 0, 210, 1215
2026/02/23 16:15:35.906, 0, 224.82, 100, 1410, 1215
2026/02/23 16:15:35.906, 1, 54.75, 0, 210, 1215
2026/02/23 16:15:35.906, 2, 57.06, 0, 210, 1215
2026/02/23 16:15:35.906, 3, 55.47, 0, 210, 1215
2026/02/23 16:15:35.957, 0, 224.82, 100, 1410, 1215
2026/02/23 16:15:35.957, 1, 54.75, 0, 210, 1215
2026/02/23 16:15:35.957, 2, 57.34, 0, 210, 1215
2026/02/23 16:15:35.957, 3, 55.47, 0, 210, 1215
2026/02/23 16:15:36.007, 0, 224.82, 100, 1410, 1215
2026/02/23 16:15:36.007, 1, 54.75, 0, 210, 1215
2026/02/23 16:15:36.007, 2, 57.34, 0, 210, 1215
2026/02/23 16:15:36.007, 3, 55.41, 0, 210, 1215
2026/02/23 16:15:36.057, 0, 224.82, 100, 1410, 1215
2026/02/23 16:15:36.058, 1, 55.03, 0, 210, 1215
2026/02/23 16:15:36.058, 2, 57.06, 0, 210, 1215
2026/02/23 16:15:36.058, 3, 55.41, 0, 210, 1215
2026/02/23 16:15:36.108, 0, 224.82, 100, 1410, 1215
2026/02/23 16:15:36.108, 1, 55.03, 0, 210, 1215
2026/02/23 16:15:36.108, 2, 57.06, 0, 210, 1215
2026/02/23 16:15:36.108, 3, 55.41, 0, 210, 1215
2026/02/23 16:15:36.158, 0, 224.59, 100, 1410, 1215
2026/02/23 16:15:36.158, 1, 54.75, 0, 210, 1215
2026/02/23 16:15:36.159, 2, 57.34, 0, 210, 1215
2026/02/23 16:15:36.159, 3, 55.41, 0, 210, 1215
2026/02/23 16:15:36.209, 0, 224.59, 100, 1410, 1215
2026/02/23 16:15:36.209, 1, 54.75, 0, 210, 1215
2026/02/23 16:15:36.209, 2, 57.34, 0, 210, 1215
2026/02/23 16:15:36.209, 3, 55.41, 0, 210, 1215
2026/02/23 16:15:36.259, 0, 224.59, 100, 1410, 1215
2026/02/23 16:15:36.259, 1, 55.03, 0, 210, 1215
2026/02/23 16:15:36.259, 2, 57.06, 0, 210, 1215
2026/02/23 16:15:36.260, 3, 55.41, 0, 210, 1215
2026/02/23 16:15:36.310, 0, 224.59, 100, 1410, 1215
2026/02/23 16:15:36.310, 1, 55.03, 0, 210, 1215
2026/02/23 16:15:36.310, 2, 57.06, 0, 210, 1215
2026/02/23 16:15:36.310, 3, 55.41, 0, 210, 1215
2026/02/23 16:15:36.360, 0, 224.55, 100, 1410, 1215
2026/02/23 16:15:36.360, 1, 54.75, 0, 210, 1215
2026/02/23 16:15:36.360, 2, 57.06, 0, 210, 1215
2026/02/23 16:15:36.360, 3, 55.41, 0, 210, 1215
2026/02/23 16:15:36.411, 0, 224.55, 100, 1410, 1215
2026/02/23 16:15:36.411, 1, 54.75, 0, 210, 1215
2026/02/23 16:15:36.411, 2, 57.06, 0, 210, 1215
2026/02/23 16:15:36.411, 3, 55.41, 0, 210, 1215
2026/02/23 16:15:36.461, 0, 224.82, 100, 1410, 1215
2026/02/23 16:15:36.461, 1, 54.75, 0, 210, 1215
2026/02/23 16:15:36.461, 2, 57.06, 0, 210, 1215
2026/02/23 16:15:36.461, 3, 55.41, 0, 210, 1215
2026/02/23 16:15:36.511, 0, 224.82, 100, 1410, 1215
2026/02/23 16:15:36.512, 1, 54.75, 0, 210, 1215
2026/02/23 16:15:36.512, 2, 57.06, 0, 210, 1215
2026/02/23 16:15:36.512, 3, 55.41, 0, 210, 1215
2026/02/23 16:15:36.562, 0, 224.32, 100, 1410, 1215
2026/02/23 16:15:36.562, 1, 54.75, 0, 210, 1215
2026/02/23 16:15:36.562, 2, 57.06, 0, 210, 1215
2026/02/23 16:15:36.562, 3, 55.41, 0, 210, 1215
2026/02/23 16:15:36.612, 0, 224.32, 100, 1410, 1215
2026/02/23 16:15:36.612, 1, 54.75, 0, 210, 1215
2026/02/23 16:15:36.613, 2, 57.06, 0, 210, 1215
2026/02/23 16:15:36.613, 3, 55.41, 0, 210, 1215
2026/02/23 16:15:36.663, 0, 224.32, 100, 1410, 1215
2026/02/23 16:15:36.663, 1, 54.75, 0, 210, 1215
2026/02/23 16:15:36.663, 2, 57.01, 0, 210, 1215
2026/02/23 16:15:36.663, 3, 55.41, 0, 210, 1215
2026/02/23 16:15:36.713, 0, 224.32, 100, 1410, 1215
2026/02/23 16:15:36.713, 1, 54.75, 0, 210, 1215
2026/02/23 16:15:36.713, 2, 57.01, 0, 210, 1215
2026/02/23 16:15:36.714, 3, 55.47, 0, 210, 1215
2026/02/23 16:15:36.764, 0, 224.21, 100, 1410, 1215
2026/02/23 16:15:36.764, 1, 54.75, 0, 210, 1215
2026/02/23 16:15:36.764, 2, 57.06, 0, 210, 1215
2026/02/23 16:15:36.764, 3, 55.47, 0, 210, 1215
2026/02/23 16:15:36.814, 0, 224.21, 100, 1410, 1215
2026/02/23 16:15:36.814, 1, 54.75, 0, 210, 1215
2026/02/23 16:15:36.814, 2, 57.06, 0, 210, 1215
2026/02/23 16:15:36.814, 3, 55.41, 0, 210, 1215
2026/02/23 16:15:36.865, 0, 224.55, 100, 1410, 1215
2026/02/23 16:15:36.865, 1, 54.75, 0, 210, 1215
2026/02/23 16:15:36.865, 2, 57.06, 0, 210, 1215
2026/02/23 16:15:36.865, 3, 55.47, 0, 210, 1215
2026/02/23 16:15:36.915, 0, 224.55, 100, 1410, 1215
2026/02/23 16:15:36.915, 1, 54.75, 0, 210, 1215
2026/02/23 16:15:36.915, 2, 57.06, 0, 210, 1215
2026/02/23 16:15:36.915, 3, 55.47, 0, 210, 1215
2026/02/23 16:15:36.966, 0, 224.55, 100, 1410, 1215
2026/02/23 16:15:36.966, 1, 54.75, 0, 210, 1215
2026/02/23 16:15:36.966, 2, 57.06, 0, 210, 1215
2026/02/23 16:15:36.966, 3, 55.41, 0, 210, 1215
2026/02/23 16:15:37.016, 0, 224.55, 100, 1410, 1215
2026/02/23 16:15:37.016, 1, 54.75, 0, 210, 1215
2026/02/23 16:15:37.016, 2, 57.06, 0, 210, 1215
2026/02/23 16:15:37.016, 3, 55.41, 0, 210, 1215
2026/02/23 16:15:37.066, 0, 224.21, 100, 1410, 1215
2026/02/23 16:15:37.067, 1, 54.75, 0, 210, 1215
2026/02/23 16:15:37.067, 2, 57.06, 0, 210, 1215
2026/02/23 16:15:37.067, 3, 55.41, 0, 210, 1215
2026/02/23 16:15:37.117, 0, 224.21, 100, 1410, 1215
2026/02/23 16:15:37.117, 1, 54.75, 0, 210, 1215
2026/02/23 16:15:37.117, 2, 57.06, 0, 210, 1215
2026/02/23 16:15:37.117, 3, 55.41, 0, 210, 1215
2026/02/23 16:15:37.167, 0, 224.21, 100, 1410, 1215
2026/02/23 16:15:37.167, 1, 54.75, 0, 210, 1215
2026/02/23 16:15:37.168, 2, 57.06, 0, 210, 1215
2026/02/23 16:15:37.168, 3, 55.41, 0, 210, 1215
2026/02/23 16:15:37.218, 0, 224.21, 100, 1410, 1215
2026/02/23 16:15:37.218, 1, 54.75, 0, 210, 1215
2026/02/23 16:15:37.218, 2, 57.06, 0, 210, 1215
2026/02/23 16:15:37.218, 3, 55.41, 0, 210, 1215
2026/02/23 16:15:37.268, 0, 224.21, 100, 1410, 1215
2026/02/23 16:15:37.268, 1, 55.03, 0, 210, 1215
2026/02/23 16:15:37.268, 2, 57.06, 0, 210, 1215
2026/02/23 16:15:37.268, 3, 55.47, 0, 210, 1215
2026/02/23 16:15:37.319, 0, 224.21, 100, 1410, 1215
2026/02/23 16:15:37.319, 1, 55.03, 0, 210, 1215
2026/02/23 16:15:37.319, 2, 57.06, 0, 210, 1215
2026/02/23 16:15:37.319, 3, 55.47, 0, 210, 1215
2026/02/23 16:15:37.369, 0, 224.21, 100, 1410, 1215
2026/02/23 16:15:37.369, 1, 55.03, 0, 210, 1215
2026/02/23 16:15:37.369, 2, 57.06, 0, 210, 1215
2026/02/23 16:15:37.369, 3, 55.47, 0, 210, 1215
2026/02/23 16:15:37.420, 0, 223.94, 100, 1410, 1215
2026/02/23 16:15:37.420, 1, 55.03, 0, 210, 1215
2026/02/23 16:15:37.420, 2, 57.06, 0, 210, 1215
2026/02/23 16:15:37.420, 3, 55.47, 0, 210, 1215
2026/02/23 16:15:37.470, 0, 223.94, 100, 1410, 1215
2026/02/23 16:15:37.470, 1, 54.81, 0, 210, 1215
2026/02/23 16:15:37.470, 2, 57.06, 0, 210, 1215
2026/02/23 16:15:37.470, 3, 55.47, 0, 210, 1215
2026/02/23 16:15:37.520, 0, 224.21, 100, 1410, 1215
2026/02/23 16:15:37.521, 1, 54.81, 0, 210, 1215
2026/02/23 16:15:37.521, 2, 57.06, 0, 210, 1215
2026/02/23 16:15:37.521, 3, 55.47, 0, 210, 1215
2026/02/23 16:15:37.571, 0, 224.21, 100, 1410, 1215
2026/02/23 16:15:37.571, 1, 55.03, 0, 210, 1215
2026/02/23 16:15:37.571, 2, 57.06, 0, 210, 1215
2026/02/23 16:15:37.571, 3, 55.41, 0, 210, 1215
2026/02/23 16:15:37.621, 0, 224.55, 100, 1410, 1215
2026/02/23 16:15:37.621, 1, 55.03, 0, 210, 1215
2026/02/23 16:15:37.622, 2, 57.06, 0, 210, 1215
2026/02/23 16:15:37.622, 3, 55.41, 0, 210, 1215
2026/02/23 16:15:37.672, 0, 224.55, 100, 1410, 1215
2026/02/23 16:15:37.672, 1, 55.03, 0, 210, 1215
2026/02/23 16:15:37.672, 2, 57.06, 0, 210, 1215
2026/02/23 16:15:37.672, 3, 55.41, 0, 210, 1215
2026/02/23 16:15:37.722, 0, 224.21, 100, 1410, 1215
2026/02/23 16:15:37.722, 1, 55.03, 0, 210, 1215
2026/02/23 16:15:37.722, 2, 57.06, 0, 210, 1215
2026/02/23 16:15:37.723, 3, 55.41, 0, 210, 1215
2026/02/23 16:15:37.773, 0, 224.21, 100, 1410, 1215
2026/02/23 16:15:37.773, 1, 55.03, 0, 210, 1215
2026/02/23 16:15:37.773, 2, 57.06, 0, 210, 1215
2026/02/23 16:15:37.773, 3, 55.41, 0, 210, 1215
2026/02/23 16:15:37.823, 0, 223.99, 100, 1410, 1215
2026/02/23 16:15:37.823, 1, 55.03, 0, 210, 1215
2026/02/23 16:15:37.823, 2, 57.06, 0, 210, 1215
2026/02/23 16:15:37.823, 3, 55.41, 0, 210, 1215
2026/02/23 16:15:37.874, 0, 223.99, 100, 1410, 1215
2026/02/23 16:15:37.874, 1, 55.03, 0, 210, 1215
2026/02/23 16:15:37.874, 2, 57.06, 0, 210, 1215
2026/02/23 16:15:37.874, 3, 55.41, 0, 210, 1215
2026/02/23 16:15:37.924, 0, 224.82, 100, 1410, 1215
2026/02/23 16:15:37.924, 1, 55.03, 0, 210, 1215
2026/02/23 16:15:37.924, 2, 57.06, 0, 210, 1215
2026/02/23 16:15:37.924, 3, 55.41, 0, 210, 1215
2026/02/23 16:15:37.975, 0, 224.82, 100, 1410, 1215
2026/02/23 16:15:37.975, 1, 55.03, 0, 210, 1215
2026/02/23 16:15:37.975, 2, 57.06, 0, 210, 1215
2026/02/23 16:15:37.975, 3, 55.47, 0, 210, 1215
2026/02/23 16:15:38.025, 0, 224.55, 100, 1410, 1215
2026/02/23 16:15:38.025, 1, 55.03, 0, 210, 1215
2026/02/23 16:15:38.025, 2, 57.06, 0, 210, 1215
2026/02/23 16:15:38.025, 3, 55.47, 0, 210, 1215
2026/02/23 16:15:38.075, 0, 224.55, 100, 1410, 1215
2026/02/23 16:15:38.076, 1, 54.75, 0, 210, 1215
2026/02/23 16:15:38.076, 2, 57.06, 0, 210, 1215
2026/02/23 16:15:38.076, 3, 55.47, 0, 210, 1215
2026/02/23 16:15:38.126, 0, 224.55, 100, 1410, 1215
2026/02/23 16:15:38.126, 1, 54.75, 0, 210, 1215
2026/02/23 16:15:38.126, 2, 57.06, 0, 210, 1215
2026/02/23 16:15:38.126, 3, 55.47, 0, 210, 1215
2026/02/23 16:15:38.176, 0, 224.55, 100, 1410, 1215
2026/02/23 16:15:38.176, 1, 55.03, 0, 210, 1215
2026/02/23 16:15:38.176, 2, 57.06, 0, 210, 1215
2026/02/23 16:15:38.177, 3, 55.47, 0, 210, 1215
2026/02/23 16:15:38.227, 0, 224.82, 100, 1410, 1215
2026/02/23 16:15:38.227, 1, 55.03, 0, 210, 1215
2026/02/23 16:15:38.227, 2, 57.06, 0, 210, 1215
2026/02/23 16:15:38.227, 3, 55.47, 0, 210, 1215
2026/02/23 16:15:38.277, 0, 224.82, 100, 1410, 1215
2026/02/23 16:15:38.277, 1, 54.75, 0, 210, 1215
2026/02/23 16:15:38.277, 2, 57.06, 0, 210, 1215
2026/02/23 16:15:38.277, 3, 55.47, 0, 210, 1215
2026/02/23 16:15:38.327, 0, 224.59, 100, 1410, 1215
2026/02/23 16:15:38.328, 1, 54.75, 0, 210, 1215
2026/02/23 16:15:38.328, 2, 57.06, 0, 210, 1215
2026/02/23 16:15:38.328, 3, 55.47, 0, 210, 1215
2026/02/23 16:15:38.378, 0, 224.59, 100, 1410, 1215
2026/02/23 16:15:38.378, 1, 55.03, 0, 210, 1215
2026/02/23 16:15:38.378, 2, 57.06, 0, 210, 1215
2026/02/23 16:15:38.378, 3, 55.41, 0, 210, 1215
2026/02/23 16:15:38.428, 0, 224.82, 100, 1410, 1215
2026/02/23 16:15:38.428, 1, 55.03, 0, 210, 1215
2026/02/23 16:15:38.428, 2, 57.06, 0, 210, 1215
2026/02/23 16:15:38.429, 3, 55.41, 0, 210, 1215
2026/02/23 16:15:38.479, 0, 224.82, 100, 1410, 1215
2026/02/23 16:15:38.479, 1, 55.03, 0, 210, 1215
2026/02/23 16:15:38.479, 2, 57.06, 0, 210, 1215
2026/02/23 16:15:38.479, 3, 55.47, 0, 210, 1215
2026/02/23 16:15:38.529, 0, 224.82, 100, 1410, 1215
2026/02/23 16:15:38.529, 1, 55.03, 0, 210, 1215
2026/02/23 16:15:38.529, 2, 57.06, 0, 210, 1215
2026/02/23 16:15:38.529, 3, 55.47, 0, 210, 1215
2026/02/23 16:15:38.580, 0, 224.82, 100, 1410, 1215
2026/02/23 16:15:38.580, 1, 54.75, 0, 210, 1215
2026/02/23 16:15:38.580, 2, 57.06, 0, 210, 1215
2026/02/23 16:15:38.580, 3, 55.41, 0, 210, 1215
2026/02/23 16:15:38.630, 0, 224.82, 100, 1410, 1215
2026/02/23 16:15:38.630, 1, 54.75, 0, 210, 1215
2026/02/23 16:15:38.630, 2, 57.06, 0, 210, 1215
2026/02/23 16:15:38.630, 3, 55.41, 0, 210, 1215
2026/02/23 16:15:38.681, 0, 224.82, 100, 1410, 1215
2026/02/23 16:15:38.681, 1, 54.75, 0, 210, 1215
2026/02/23 16:15:38.681, 2, 57.06, 0, 210, 1215
2026/02/23 16:15:38.681, 3, 55.47, 0, 210, 1215
2026/02/23 16:15:38.731, 0, 224.82, 100, 1410, 1215
2026/02/23 16:15:38.731, 1, 54.75, 0, 210, 1215
2026/02/23 16:15:38.731, 2, 57.06, 0, 210, 1215
2026/02/23 16:15:38.731, 3, 55.47, 0, 210, 1215
2026/02/23 16:15:38.781, 0, 224.82, 100, 1410, 1215
2026/02/23 16:15:38.782, 1, 54.75, 0, 210, 1215
2026/02/23 16:15:38.782, 2, 57.06, 0, 210, 1215
2026/02/23 16:15:38.782, 3, 55.41, 0, 210, 1215
2026/02/23 16:15:38.832, 0, 224.59, 100, 1410, 1215
2026/02/23 16:15:38.832, 1, 54.75, 0, 210, 1215
2026/02/23 16:15:38.832, 2, 57.06, 0, 210, 1215
2026/02/23 16:15:38.832, 3, 55.41, 0, 210, 1215
2026/02/23 16:15:38.882, 0, 224.59, 100, 1410, 1215
2026/02/23 16:15:38.882, 1, 54.75, 0, 210, 1215
2026/02/23 16:15:38.883, 2, 57.01, 0, 210, 1215
2026/02/23 16:15:38.883, 3, 55.41, 0, 210, 1215
2026/02/23 16:15:38.933, 0, 224.59, 100, 1410, 1215
2026/02/23 16:15:38.933, 1, 54.75, 0, 210, 1215
2026/02/23 16:15:38.933, 2, 57.01, 0, 210, 1215
2026/02/23 16:15:38.933, 3, 55.41, 0, 210, 1215
2026/02/23 16:15:38.983, 0, 224.59, 100, 1410, 1215
2026/02/23 16:15:38.983, 1, 54.75, 0, 210, 1215
2026/02/23 16:15:38.983, 2, 57.06, 0, 210, 1215
2026/02/23 16:15:38.984, 3, 55.41, 0, 210, 1215
2026/02/23 16:15:39.034, 0, 224.59, 100, 1410, 1215
2026/02/23 16:15:39.034, 1, 54.75, 0, 210, 1215
2026/02/23 16:15:39.034, 2, 57.06, 0, 210, 1215
2026/02/23 16:15:39.034, 3, 55.41, 0, 210, 1215
2026/02/23 16:15:39.084, 0, 224.59, 100, 1410, 1215
2026/02/23 16:15:39.084, 1, 54.75, 0, 210, 1215
2026/02/23 16:15:39.084, 2, 57.01, 0, 210, 1215
2026/02/23 16:15:39.084, 3, 55.41, 0, 210, 1215
2026/02/23 16:15:39.135, 0, 224.59, 100, 1410, 1215
2026/02/23 16:15:39.135, 1, 54.75, 0, 210, 1215
2026/02/23 16:15:39.135, 2, 57.01, 0, 210, 1215
2026/02/23 16:15:39.135, 3, 55.41, 0, 210, 1215
2026/02/23 16:15:39.185, 0, 224.59, 100, 1410, 1215
2026/02/23 16:15:39.185, 1, 54.75, 0, 210, 1215
2026/02/23 16:15:39.185, 2, 57.06, 0, 210, 1215
2026/02/23 16:15:39.185, 3, 55.41, 0, 210, 1215
2026/02/23 16:15:39.236, 0, 224.82, 100, 1410, 1215
2026/02/23 16:15:39.236, 1, 54.75, 0, 210, 1215
2026/02/23 16:15:39.236, 2, 57.06, 0, 210, 1215
2026/02/23 16:15:39.236, 3, 55.41, 0, 210, 1215
2026/02/23 16:15:39.286, 0, 224.82, 100, 1410, 1215
2026/02/23 16:15:39.286, 1, 54.75, 0, 210, 1215
2026/02/23 16:15:39.286, 2, 57.06, 0, 210, 1215
2026/02/23 16:15:39.286, 3, 55.47, 0, 210, 1215
2026/02/23 16:15:39.336, 0, 224.59, 100, 1410, 1215
2026/02/23 16:15:39.337, 1, 54.75, 0, 210, 1215
2026/02/23 16:15:39.337, 2, 57.06, 0, 210, 1215
2026/02/23 16:15:39.337, 3, 55.47, 0, 210, 1215
2026/02/23 16:15:39.387, 0, 224.59, 100, 1410, 1215
2026/02/23 16:15:39.387, 1, 54.75, 0, 210, 1215
2026/02/23 16:15:39.387, 2, 57.06, 0, 210, 1215
2026/02/23 16:15:39.387, 3, 55.41, 0, 210, 1215
2026/02/23 16:15:39.437, 0, 224.55, 100, 1410, 1215
2026/02/23 16:15:39.437, 1, 54.75, 0, 210, 1215
2026/02/23 16:15:39.437, 2, 57.06, 0, 210, 1215
2026/02/23 16:15:39.438, 3, 55.41, 0, 210, 1215
2026/02/23 16:15:39.488, 0, 224.55, 100, 1410, 1215
2026/02/23 16:15:39.488, 1, 54.75, 0, 210, 1215
2026/02/23 16:15:39.488, 2, 57.06, 0, 210, 1215
2026/02/23 16:15:39.488, 3, 55.47, 0, 210, 1215
2026/02/23 16:15:39.538, 0, 224.82, 100, 1410, 1215
2026/02/23 16:15:39.538, 1, 54.75, 0, 210, 1215
2026/02/23 16:15:39.538, 2, 57.06, 0, 210, 1215
2026/02/23 16:15:39.538, 3, 55.47, 0, 210, 1215
2026/02/23 16:15:39.589, 0, 224.82, 100, 1410, 1215
2026/02/23 16:15:39.589, 1, 54.75, 0, 210, 1215
2026/02/23 16:15:39.589, 2, 57.06, 0, 210, 1215
2026/02/23 16:15:39.589, 3, 55.41, 0, 210, 1215
2026/02/23 16:15:39.639, 0, 224.55, 100, 1410, 1215
2026/02/23 16:15:39.639, 1, 54.75, 0, 210, 1215
2026/02/23 16:15:39.639, 2, 57.06, 0, 210, 1215
2026/02/23 16:15:39.639, 3, 55.41, 0, 210, 1215
2026/02/23 16:15:39.690, 0, 224.55, 100, 1410, 1215
2026/02/23 16:15:39.690, 1, 54.75, 0, 210, 1215
2026/02/23 16:15:39.690, 2, 57.06, 0, 210, 1215
2026/02/23 16:15:39.690, 3, 55.47, 0, 210, 1215
2026/02/23 16:15:39.740, 0, 224.55, 100, 1410, 1215
2026/02/23 16:15:39.740, 1, 54.75, 0, 210, 1215
2026/02/23 16:15:39.740, 2, 57.06, 0, 210, 1215
2026/02/23 16:15:39.740, 3, 55.47, 0, 210, 1215
2026/02/23 16:15:39.790, 0, 224.55, 100, 1410, 1215
2026/02/23 16:15:39.791, 1, 54.75, 0, 210, 1215
2026/02/23 16:15:39.791, 2, 57.06, 0, 210, 1215
2026/02/23 16:15:39.791, 3, 55.47, 0, 210, 1215
2026/02/23 16:15:39.841, 0, 224.55, 100, 1410, 1215
2026/02/23 16:15:39.841, 1, 54.75, 0, 210, 1215
2026/02/23 16:15:39.841, 2, 57.06, 0, 210, 1215
2026/02/23 16:15:39.841, 3, 55.47, 0, 210, 1215
2026/02/23 16:15:39.891, 0, 224.55, 100, 1410, 1215
2026/02/23 16:15:39.891, 1, 54.75, 0, 210, 1215
2026/02/23 16:15:39.892, 2, 57.06, 0, 210, 1215
2026/02/23 16:15:39.892, 3, 55.47, 0, 210, 1215
2026/02/23 16:15:39.942, 0, 224.55, 100, 1410, 1215
2026/02/23 16:15:39.942, 1, 54.75, 0, 210, 1215
2026/02/23 16:15:39.942, 2, 57.06, 0, 210, 1215
2026/02/23 16:15:39.942, 3, 55.47, 0, 210, 1215
2026/02/23 16:15:39.992, 0, 224.55, 100, 1410, 1215
2026/02/23 16:15:39.992, 1, 54.75, 0, 210, 1215
2026/02/23 16:15:39.992, 2, 57.06, 0, 210, 1215
2026/02/23 16:15:39.992, 3, 55.41, 0, 210, 1215
2026/02/23 16:15:40.043, 0, 224.55, 100, 1410, 1215
2026/02/23 16:15:40.043, 1, 55.03, 0, 210, 1215
2026/02/23 16:15:40.043, 2, 57.06, 0, 210, 1215
2026/02/23 16:15:40.043, 3, 55.41, 0, 210, 1215
2026/02/23 16:15:40.093, 0, 224.55, 100, 1410, 1215
2026/02/23 16:15:40.093, 1, 55.03, 0, 210, 1215
2026/02/23 16:15:40.093, 2, 57.06, 0, 210, 1215
2026/02/23 16:15:40.093, 3, 55.41, 0, 210, 1215
2026/02/23 16:15:40.144, 0, 224.32, 100, 1410, 1215
2026/02/23 16:15:40.144, 1, 54.75, 0, 210, 1215
2026/02/23 16:15:40.144, 2, 57.06, 0, 210, 1215
2026/02/23 16:15:40.144, 3, 55.41, 0, 210, 1215
2026/02/23 16:15:40.194, 0, 224.32, 100, 1410, 1215
2026/02/23 16:15:40.194, 1, 54.75, 0, 210, 1215
2026/02/23 16:15:40.194, 2, 57.06, 0, 210, 1215
2026/02/23 16:15:40.194, 3, 55.41, 0, 210, 1215
2026/02/23 16:15:40.244, 0, 224.55, 100, 1410, 1215
2026/02/23 16:15:40.245, 1, 54.75, 0, 210, 1215
2026/02/23 16:15:40.245, 2, 57.06, 0, 210, 1215
2026/02/23 16:15:40.245, 3, 55.41, 0, 210, 1215
2026/02/23 16:15:40.295, 0, 224.55, 100, 1410, 1215
2026/02/23 16:15:40.295, 1, 54.75, 0, 210, 1215
2026/02/23 16:15:40.295, 2, 57.06, 0, 210, 1215
2026/02/23 16:15:40.295, 3, 55.41, 0, 210, 1215
2026/02/23 16:15:40.345, 0, 224.55, 100, 1410, 1215
2026/02/23 16:15:40.345, 1, 54.75, 0, 210, 1215
2026/02/23 16:15:40.346, 2, 57.06, 0, 210, 1215
2026/02/23 16:15:40.346, 3, 55.41, 0, 210, 1215
2026/02/23 16:15:40.396, 0, 224.55, 100, 1410, 1215
2026/02/23 16:15:40.396, 1, 54.75, 0, 210, 1215
2026/02/23 16:15:40.396, 2, 57.06, 0, 210, 1215
2026/02/23 16:15:40.396, 3, 55.41, 0, 210, 1215
2026/02/23 16:15:40.446, 0, 224.21, 100, 1410, 1215
2026/02/23 16:15:40.446, 1, 55.03, 0, 210, 1215
2026/02/23 16:15:40.446, 2, 57.06, 0, 210, 1215
2026/02/23 16:15:40.447, 3, 55.41, 0, 210, 1215
2026/02/23 16:15:40.497, 0, 224.21, 100, 1410, 1215
2026/02/23 16:15:40.497, 1, 55.03, 0, 210, 1215
2026/02/23 16:15:40.497, 2, 57.06, 0, 210, 1215
2026/02/23 16:15:40.497, 3, 55.41, 0, 210, 1215
2026/02/23 16:15:40.547, 0, 224.32, 100, 1410, 1215
2026/02/23 16:15:40.547, 1, 54.75, 0, 210, 1215
2026/02/23 16:15:40.547, 2, 57.06, 0, 210, 1215
2026/02/23 16:15:40.547, 3, 55.41, 0, 210, 1215
2026/02/23 16:15:40.598, 0, 224.32, 100, 1410, 1215
2026/02/23 16:15:40.598, 1, 54.75, 0, 210, 1215
2026/02/23 16:15:40.598, 2, 57.06, 0, 210, 1215
2026/02/23 16:15:40.598, 3, 55.41, 0, 210, 1215
2026/02/23 16:15:40.648, 0, 224.55, 100, 1410, 1215
2026/02/23 16:15:40.648, 1, 54.75, 0, 210, 1215
2026/02/23 16:15:40.648, 2, 57.06, 0, 210, 1215
2026/02/23 16:15:40.648, 3, 55.41, 0, 210, 1215
2026/02/23 16:15:40.698, 0, 224.55, 100, 1410, 1215
2026/02/23 16:15:40.699, 1, 54.75, 0, 210, 1215
2026/02/23 16:15:40.699, 2, 57.06, 0, 210, 1215
2026/02/23 16:15:40.699, 3, 55.41, 0, 210, 1215
2026/02/23 16:15:40.749, 0, 224.32, 100, 1410, 1215
2026/02/23 16:15:40.749, 1, 54.75, 0, 210, 1215
2026/02/23 16:15:40.749, 2, 57.06, 0, 210, 1215
2026/02/23 16:15:40.749, 3, 55.41, 0, 210, 1215
2026/02/23 16:15:40.799, 0, 224.32, 100, 1410, 1215
2026/02/23 16:15:40.799, 1, 54.75, 0, 210, 1215
2026/02/23 16:15:40.800, 2, 57.06, 0, 210, 1215
2026/02/23 16:15:40.800, 3, 55.41, 0, 210, 1215
2026/02/23 16:15:40.850, 0, 223.99, 100, 1410, 1215
2026/02/23 16:15:40.850, 1, 55.03, 0, 210, 1215
2026/02/23 16:15:40.850, 2, 57.06, 0, 210, 1215
2026/02/23 16:15:40.850, 3, 55.41, 0, 210, 1215
2026/02/23 16:15:40.900, 0, 223.99, 100, 1410, 1215
2026/02/23 16:15:40.900, 1, 55.03, 0, 210, 1215
2026/02/23 16:15:40.900, 2, 57.06, 0, 210, 1215
2026/02/23 16:15:40.901, 3, 55.41, 0, 210, 1215
2026/02/23 16:15:40.951, 0, 224.21, 100, 1410, 1215
2026/02/23 16:15:40.951, 1, 54.75, 0, 210, 1215
2026/02/23 16:15:40.951, 2, 57.06, 0, 210, 1215
2026/02/23 16:15:40.951, 3, 55.41, 0, 210, 1215
2026/02/23 16:15:41.001, 0, 224.21, 100, 1410, 1215
2026/02/23 16:15:41.001, 1, 54.75, 0, 210, 1215
2026/02/23 16:15:41.001, 2, 57.06, 0, 210, 1215
2026/02/23 16:15:41.001, 3, 55.47, 0, 210, 1215
2026/02/23 16:15:41.052, 0, 224.21, 100, 1410, 1215
2026/02/23 16:15:41.052, 1, 54.75, 0, 210, 1215
2026/02/23 16:15:41.052, 2, 57.06, 0, 210, 1215
2026/02/23 16:15:41.052, 3, 55.47, 0, 210, 1215
2026/02/23 16:15:41.102, 0, 224.21, 100, 1410, 1215
2026/02/23 16:15:41.102, 1, 54.75, 0, 210, 1215
2026/02/23 16:15:41.102, 2, 57.06, 0, 210, 1215
2026/02/23 16:15:41.102, 3, 55.41, 0, 210, 1215
2026/02/23 16:15:41.153, 0, 224.21, 100, 1410, 1215
2026/02/23 16:15:41.153, 1, 54.75, 0, 210, 1215
2026/02/23 16:15:41.153, 2, 57.06, 0, 210, 1215
2026/02/23 16:15:41.153, 3, 55.41, 0, 210, 1215
2026/02/23 16:15:41.203, 0, 224.21, 100, 1410, 1215
2026/02/23 16:15:41.203, 1, 54.75, 0, 210, 1215
2026/02/23 16:15:41.203, 2, 57.06, 0, 210, 1215
2026/02/23 16:15:41.203, 3, 55.47, 0, 210, 1215
2026/02/23 16:15:41.253, 0, 224.55, 100, 1410, 1215
2026/02/23 16:15:41.254, 1, 54.75, 0, 210, 1215
2026/02/23 16:15:41.254, 2, 57.06, 0, 210, 1215
2026/02/23 16:15:41.254, 3, 55.47, 0, 210, 1215
2026/02/23 16:15:41.304, 0, 224.55, 100, 1410, 1215
2026/02/23 16:15:41.304, 1, 54.75, 0, 210, 1215
2026/02/23 16:15:41.304, 2, 57.06, 0, 210, 1215
2026/02/23 16:15:41.304, 3, 55.41, 0, 210, 1215
2026/02/23 16:15:41.354, 0, 224.21, 100, 1410, 1215
2026/02/23 16:15:41.354, 1, 54.75, 0, 210, 1215
2026/02/23 16:15:41.354, 2, 57.06, 0, 210, 1215
2026/02/23 16:15:41.355, 3, 55.41, 0, 210, 1215
2026/02/23 16:15:41.405, 0, 224.21, 100, 1410, 1215
2026/02/23 16:15:41.405, 1, 54.75, 0, 210, 1215
2026/02/23 16:15:41.405, 2, 57.06, 0, 210, 1215
2026/02/23 16:15:41.405, 3, 55.41, 0, 210, 1215
2026/02/23 16:15:41.455, 0, 224.82, 100, 1410, 1215
2026/02/23 16:15:41.455, 1, 54.75, 0, 210, 1215
2026/02/23 16:15:41.455, 2, 57.06, 0, 210, 1215
2026/02/23 16:15:41.455, 3, 55.41, 0, 210, 1215
2026/02/23 16:15:41.506, 0, 224.82, 100, 1410, 1215
2026/02/23 16:15:41.506, 1, 54.75, 0, 210, 1215
2026/02/23 16:15:41.506, 2, 57.06, 0, 210, 1215
2026/02/23 16:15:41.506, 3, 55.47, 0, 210, 1215
2026/02/23 16:15:41.556, 0, 224.82, 100, 1410, 1215
2026/02/23 16:15:41.556, 1, 54.75, 0, 210, 1215
2026/02/23 16:15:41.556, 2, 57.06, 0, 210, 1215
2026/02/23 16:15:41.556, 3, 55.47, 0, 210, 1215
2026/02/23 16:15:41.607, 0, 224.82, 100, 1410, 1215
2026/02/23 16:15:41.607, 1, 54.75, 0, 210, 1215
2026/02/23 16:15:41.607, 2, 57.06, 0, 210, 1215
2026/02/23 16:15:41.607, 3, 55.41, 0, 210, 1215
2026/02/23 16:15:41.657, 0, 224.82, 100, 1410, 1215
2026/02/23 16:15:41.658, 1, 55.03, 0, 210, 1215
2026/02/23 16:15:41.658, 2, 57.06, 0, 210, 1215
2026/02/23 16:15:41.658, 3, 55.41, 0, 210, 1215
2026/02/23 16:15:41.708, 0, 224.82, 100, 1410, 1215
2026/02/23 16:15:41.709, 1, 55.03, 0, 210, 1215
2026/02/23 16:15:41.709, 2, 57.06, 0, 210, 1215
2026/02/23 16:15:41.709, 3, 55.47, 0, 210, 1215
2026/02/23 16:15:41.759, 0, 224.82, 100, 1410, 1215
2026/02/23 16:15:41.759, 1, 54.75, 0, 210, 1215
2026/02/23 16:15:41.759, 2, 57.06, 0, 210, 1215
2026/02/23 16:15:41.759, 3, 55.47, 0, 210, 1215
2026/02/23 16:15:41.809, 0, 224.82, 100, 1410, 1215
2026/02/23 16:15:41.809, 1, 54.75, 0, 210, 1215
2026/02/23 16:15:41.809, 2, 57.06, 0, 210, 1215
2026/02/23 16:15:41.810, 3, 55.41, 0, 210, 1215
2026/02/23 16:15:41.860, 0, 224.59, 100, 1410, 1215
2026/02/23 16:15:41.860, 1, 54.75, 0, 210, 1215
2026/02/23 16:15:41.860, 2, 57.06, 0, 210, 1215
2026/02/23 16:15:41.860, 3, 55.41, 0, 210, 1215
2026/02/23 16:15:41.910, 0, 224.59, 100, 1410, 1215
2026/02/23 16:15:41.910, 1, 54.75, 0, 210, 1215
2026/02/23 16:15:41.910, 2, 57.06, 0, 210, 1215
2026/02/23 16:15:41.910, 3, 55.41, 0, 210, 1215
2026/02/23 16:15:41.961, 0, 224.82, 100, 1410, 1215
2026/02/23 16:15:41.961, 1, 54.75, 0, 210, 1215
2026/02/23 16:15:41.961, 2, 57.06, 0, 210, 1215
2026/02/23 16:15:41.961, 3, 55.41, 0, 210, 1215
2026/02/23 16:15:42.011, 0, 224.82, 100, 1410, 1215
2026/02/23 16:15:42.011, 1, 54.75, 0, 210, 1215
2026/02/23 16:15:42.011, 2, 57.06, 0, 210, 1215
2026/02/23 16:15:42.011, 3, 55.41, 0, 210, 1215
2026/02/23 16:15:42.062, 0, 224.59, 100, 1410, 1215
2026/02/23 16:15:42.062, 1, 55.03, 0, 210, 1215
2026/02/23 16:15:42.062, 2, 57.06, 0, 210, 1215
2026/02/23 16:15:42.062, 3, 55.41, 0, 210, 1215
2026/02/23 16:15:42.112, 0, 224.59, 100, 1410, 1215
2026/02/23 16:15:42.112, 1, 55.03, 0, 210, 1215
2026/02/23 16:15:42.112, 2, 57.06, 0, 210, 1215
2026/02/23 16:15:42.112, 3, 55.41, 0, 210, 1215
2026/02/23 16:15:42.162, 0, 224.59, 100, 1410, 1215
2026/02/23 16:15:42.163, 1, 54.75, 0, 210, 1215
2026/02/23 16:15:42.163, 2, 57.06, 0, 210, 1215
2026/02/23 16:15:42.163, 3, 55.41, 0, 210, 1215
2026/02/23 16:15:42.213, 0, 224.59, 100, 1410, 1215
2026/02/23 16:15:42.213, 1, 54.75, 0, 210, 1215
2026/02/23 16:15:42.213, 2, 57.06, 0, 210, 1215
2026/02/23 16:15:42.213, 3, 55.41, 0, 210, 1215
2026/02/23 16:15:42.263, 0, 224.59, 100, 1410, 1215
2026/02/23 16:15:42.263, 1, 54.75, 0, 210, 1215
2026/02/23 16:15:42.263, 2, 57.06, 0, 210, 1215
2026/02/23 16:15:42.264, 3, 55.41, 0, 210, 1215
2026/02/23 16:15:42.314, 0, 224.59, 100, 1410, 1215
2026/02/23 16:15:42.314, 1, 54.75, 0, 210, 1215
2026/02/23 16:15:42.314, 2, 57.06, 0, 210, 1215
2026/02/23 16:15:42.314, 3, 55.41, 0, 210, 1215
2026/02/23 16:15:42.364, 0, 224.82, 100, 1410, 1215
2026/02/23 16:15:42.364, 1, 54.75, 0, 210, 1215
2026/02/23 16:15:42.364, 2, 57.06, 0, 210, 1215
2026/02/23 16:15:42.364, 3, 55.41, 0, 210, 1215
2026/02/23 16:15:42.415, 0, 224.82, 100, 1410, 1215
2026/02/23 16:15:42.415, 1, 54.75, 0, 210, 1215
2026/02/23 16:15:42.415, 2, 57.06, 0, 210, 1215
2026/02/23 16:15:42.415, 3, 55.41, 0, 210, 1215
2026/02/23 16:15:42.465, 0, 224.82, 100, 1410, 1215
2026/02/23 16:15:42.465, 1, 54.75, 0, 210, 1215
2026/02/23 16:15:42.465, 2, 57.06, 0, 210, 1215
2026/02/23 16:15:42.465, 3, 55.41, 0, 210, 1215
2026/02/23 16:15:42.516, 0, 224.82, 100, 1410, 1215
2026/02/23 16:15:42.516, 1, 54.75, 0, 210, 1215
2026/02/23 16:15:42.516, 2, 57.06, 0, 210, 1215
2026/02/23 16:15:42.516, 3, 55.41, 0, 210, 1215
2026/02/23 16:15:42.566, 0, 224.82, 100, 1410, 1215
2026/02/23 16:15:42.566, 1, 54.75, 0, 210, 1215
2026/02/23 16:15:42.566, 2, 57.06, 0, 210, 1215
2026/02/23 16:15:42.566, 3, 55.47, 0, 210, 1215
2026/02/23 16:15:42.616, 0, 224.82, 100, 1410, 1215
2026/02/23 16:15:42.617, 1, 54.75, 0, 210, 1215
2026/02/23 16:15:42.617, 2, 57.06, 0, 210, 1215
2026/02/23 16:15:42.617, 3, 55.47, 0, 210, 1215
2026/02/23 16:15:42.667, 0, 224.82, 100, 1410, 1215
2026/02/23 16:15:42.667, 1, 54.75, 0, 210, 1215
2026/02/23 16:15:42.667, 2, 57.06, 0, 210, 1215
2026/02/23 16:15:42.667, 3, 55.47, 0, 210, 1215
2026/02/23 16:15:42.717, 0, 224.82, 100, 1410, 1215
2026/02/23 16:15:42.717, 1, 54.75, 0, 210, 1215
2026/02/23 16:15:42.718, 2, 57.06, 0, 210, 1215
2026/02/23 16:15:42.718, 3, 55.47, 0, 210, 1215
2026/02/23 16:15:42.768, 0, 224.82, 100, 1410, 1215
2026/02/23 16:15:42.768, 1, 55.03, 0, 210, 1215
2026/02/23 16:15:42.768, 2, 57.06, 0, 210, 1215
2026/02/23 16:15:42.768, 3, 55.47, 0, 210, 1215
2026/02/23 16:15:42.818, 0, 224.82, 100, 1410, 1215
2026/02/23 16:15:42.818, 1, 55.03, 0, 210, 1215
2026/02/23 16:15:42.818, 2, 57.06, 0, 210, 1215
2026/02/23 16:15:42.818, 3, 55.47, 0, 210, 1215
2026/02/23 16:15:42.869, 0, 224.82, 100, 1410, 1215
2026/02/23 16:15:42.869, 1, 54.75, 0, 210, 1215
2026/02/23 16:15:42.869, 2, 57.06, 0, 210, 1215
2026/02/23 16:15:42.869, 3, 55.41, 0, 210, 1215
2026/02/23 16:15:42.919, 0, 224.55, 100, 1410, 1215
2026/02/23 16:15:42.919, 1, 54.75, 0, 210, 1215
2026/02/23 16:15:42.919, 2, 57.06, 0, 210, 1215
2026/02/23 16:15:42.919, 3, 55.41, 0, 210, 1215
2026/02/23 16:15:42.970, 0, 224.55, 100, 1410, 1215
2026/02/23 16:15:42.970, 1, 54.75, 0, 210, 1215
2026/02/23 16:15:42.970, 2, 57.06, 0, 210, 1215
2026/02/23 16:15:42.970, 3, 55.47, 0, 210, 1215
2026/02/23 16:15:43.020, 0, 224.55, 100, 1410, 1215
2026/02/23 16:15:43.020, 1, 54.75, 0, 210, 1215
2026/02/23 16:15:43.020, 2, 57.06, 0, 210, 1215
2026/02/23 16:15:43.020, 3, 55.47, 0, 210, 1215
2026/02/23 16:15:43.070, 0, 224.55, 100, 1410, 1215
2026/02/23 16:15:43.071, 1, 54.75, 0, 210, 1215
2026/02/23 16:15:43.071, 2, 57.06, 0, 210, 1215
2026/02/23 16:15:43.071, 3, 55.47, 0, 210, 1215
2026/02/23 16:15:43.121, 0, 224.55, 100, 1410, 1215
2026/02/23 16:15:43.121, 1, 54.75, 0, 210, 1215
2026/02/23 16:15:43.121, 2, 57.06, 0, 210, 1215
2026/02/23 16:15:43.121, 3, 55.47, 0, 210, 1215
2026/02/23 16:15:43.171, 0, 224.55, 100, 1410, 1215
2026/02/23 16:15:43.171, 1, 54.75, 0, 210, 1215
2026/02/23 16:15:43.172, 2, 57.06, 0, 210, 1215
2026/02/23 16:15:43.172, 3, 55.41, 0, 210, 1215
2026/02/23 16:15:43.222, 0, 224.55, 100, 1410, 1215
2026/02/23 16:15:43.222, 1, 54.75, 0, 210, 1215
2026/02/23 16:15:43.222, 2, 57.06, 0, 210, 1215
2026/02/23 16:15:43.222, 3, 55.41, 0, 210, 1215
2026/02/23 16:15:43.272, 0, 224.55, 100, 1410, 1215
2026/02/23 16:15:43.272, 1, 54.75, 0, 210, 1215
2026/02/23 16:15:43.272, 2, 57.06, 0, 210, 1215
2026/02/23 16:15:43.273, 3, 55.41, 0, 210, 1215
2026/02/23 16:15:43.323, 0, 224.55, 100, 1410, 1215
2026/02/23 16:15:43.323, 1, 54.75, 0, 210, 1215
2026/02/23 16:15:43.323, 2, 57.06, 0, 210, 1215
2026/02/23 16:15:43.323, 3, 55.41, 0, 210, 1215
2026/02/23 16:15:43.373, 0, 224.55, 100, 1410, 1215
2026/02/23 16:15:43.373, 1, 54.75, 0, 210, 1215
2026/02/23 16:15:43.373, 2, 57.34, 0, 210, 1215
2026/02/23 16:15:43.373, 3, 55.41, 0, 210, 1215
2026/02/23 16:15:43.424, 0, 224.32, 100, 1410, 1215
2026/02/23 16:15:43.424, 1, 54.75, 0, 210, 1215
2026/02/23 16:15:43.424, 2, 57.34, 0, 210, 1215
2026/02/23 16:15:43.424, 3, 55.41, 0, 210, 1215
2026/02/23 16:15:43.474, 0, 224.32, 100, 1410, 1215
2026/02/23 16:15:43.474, 1, 55.03, 0, 210, 1215
2026/02/23 16:15:43.474, 2, 57.34, 0, 210, 1215
2026/02/23 16:15:43.474, 3, 55.41, 0, 210, 1215
2026/02/23 16:15:43.524, 0, 224.32, 100, 1410, 1215
2026/02/23 16:15:43.525, 1, 55.03, 0, 210, 1215
2026/02/23 16:15:43.525, 2, 57.34, 0, 210, 1215
2026/02/23 16:15:43.525, 3, 55.41, 0, 210, 1215
2026/02/23 16:15:43.575, 0, 224.32, 100, 1410, 1215
2026/02/23 16:15:43.575, 1, 54.75, 0, 210, 1215
2026/02/23 16:15:43.575, 2, 57.06, 0, 210, 1215
2026/02/23 16:15:43.575, 3, 55.41, 0, 210, 1215
2026/02/23 16:15:43.625, 0, 224.55, 100, 1410, 1215
2026/02/23 16:15:43.625, 1, 54.75, 0, 210, 1215
2026/02/23 16:15:43.626, 2, 57.06, 0, 210, 1215
2026/02/23 16:15:43.626, 3, 55.41, 0, 210, 1215
2026/02/23 16:15:43.676, 0, 224.55, 100, 1410, 1215
2026/02/23 16:15:43.676, 1, 54.75, 0, 210, 1215
2026/02/23 16:15:43.676, 2, 57.34, 0, 210, 1215
2026/02/23 16:15:43.676, 3, 55.47, 0, 210, 1215
2026/02/23 16:15:43.726, 0, 224.55, 100, 1410, 1215
2026/02/23 16:15:43.726, 1, 54.75, 0, 210, 1215
2026/02/23 16:15:43.726, 2, 57.34, 0, 210, 1215
2026/02/23 16:15:43.727, 3, 55.47, 0, 210, 1215
2026/02/23 16:15:43.777, 0, 224.55, 100, 1410, 1215
2026/02/23 16:15:43.777, 1, 55.03, 0, 210, 1215
2026/02/23 16:15:43.777, 2, 57.34, 0, 210, 1215
2026/02/23 16:15:43.777, 3, 55.41, 0, 210, 1215
2026/02/23 16:15:43.827, 0, 224.55, 100, 1410, 1215
2026/02/23 16:15:43.827, 1, 55.03, 0, 210, 1215
2026/02/23 16:15:43.827, 2, 57.34, 0, 210, 1215
2026/02/23 16:15:43.827, 3, 55.41, 0, 210, 1215
2026/02/23 16:15:43.878, 0, 224.55, 100, 1410, 1215
2026/02/23 16:15:43.878, 1, 54.75, 0, 210, 1215
2026/02/23 16:15:43.878, 2, 57.06, 0, 210, 1215
2026/02/23 16:15:43.878, 3, 55.47, 0, 210, 1215
2026/02/23 16:15:43.928, 0, 224.55, 100, 1410, 1215
2026/02/23 16:15:43.928, 1, 54.75, 0, 210, 1215
2026/02/23 16:15:43.928, 2, 57.06, 0, 210, 1215
2026/02/23 16:15:43.928, 3, 55.47, 0, 210, 1215
2026/02/23 16:15:43.979, 0, 224.55, 100, 1410, 1215
2026/02/23 16:15:43.979, 1, 55.03, 0, 210, 1215
2026/02/23 16:15:43.979, 2, 57.34, 0, 210, 1215
2026/02/23 16:15:43.979, 3, 55.47, 0, 210, 1215
2026/02/23 16:15:44.029, 0, 224.21, 100, 1410, 1215
2026/02/23 16:15:44.029, 1, 55.03, 0, 210, 1215
2026/02/23 16:15:44.029, 2, 57.34, 0, 210, 1215
2026/02/23 16:15:44.029, 3, 55.47, 0, 210, 1215
2026/02/23 16:15:44.079, 0, 224.21, 100, 1410, 1215
2026/02/23 16:15:44.080, 1, 54.75, 0, 210, 1215
2026/02/23 16:15:44.080, 2, 57.34, 0, 210, 1215
2026/02/23 16:15:44.080, 3, 55.41, 0, 210, 1215
2026/02/23 16:15:44.130, 0, 224.21, 100, 1410, 1215
2026/02/23 16:15:44.130, 1, 54.75, 0, 210, 1215
2026/02/23 16:15:44.130, 2, 57.34, 0, 210, 1215
2026/02/23 16:15:44.130, 3, 55.41, 0, 210, 1215
2026/02/23 16:15:44.180, 0, 224.21, 100, 1410, 1215
2026/02/23 16:15:44.180, 1, 54.75, 0, 210, 1215
2026/02/23 16:15:44.181, 2, 57.34, 0, 210, 1215
2026/02/23 16:15:44.181, 3, 55.41, 0, 210, 1215
2026/02/23 16:15:44.231, 0, 224.55, 100, 1410, 1215
2026/02/23 16:15:44.231, 1, 54.75, 0, 210, 1215
2026/02/23 16:15:44.231, 2, 57.34, 0, 210, 1215
2026/02/23 16:15:44.231, 3, 55.41, 0, 210, 1215
2026/02/23 16:15:44.281, 0, 224.55, 100, 1410, 1215
2026/02/23 16:15:44.281, 1, 54.75, 0, 210, 1215
2026/02/23 16:15:44.281, 2, 57.06, 0, 210, 1215
2026/02/23 16:15:44.281, 3, 55.41, 0, 210, 1215
2026/02/23 16:15:44.332, 0, 224.55, 100, 1410, 1215
2026/02/23 16:15:44.332, 1, 54.75, 0, 210, 1215
2026/02/23 16:15:44.332, 2, 57.06, 0, 210, 1215
2026/02/23 16:15:44.332, 3, 55.41, 0, 210, 1215
2026/02/23 16:15:44.382, 0, 224.55, 100, 1410, 1215
2026/02/23 16:15:44.382, 1, 54.75, 0, 210, 1215
2026/02/23 16:15:44.382, 2, 57.34, 0, 210, 1215
2026/02/23 16:15:44.382, 3, 55.41, 0, 210, 1215
2026/02/23 16:15:44.433, 0, 224.21, 100, 1410, 1215
2026/02/23 16:15:44.433, 1, 54.75, 0, 210, 1215
2026/02/23 16:15:44.433, 2, 57.34, 0, 210, 1215
2026/02/23 16:15:44.433, 3, 55.41, 0, 210, 1215
2026/02/23 16:15:44.483, 0, 224.21, 100, 1410, 1215
2026/02/23 16:15:44.483, 1, 54.75, 0, 210, 1215
2026/02/23 16:15:44.483, 2, 57.34, 0, 210, 1215
2026/02/23 16:15:44.483, 3, 55.41, 0, 210, 1215
2026/02/23 16:15:44.533, 0, 224.55, 100, 1410, 1215
2026/02/23 16:15:44.534, 1, 54.75, 0, 210, 1215
2026/02/23 16:15:44.534, 2, 57.34, 0, 210, 1215
2026/02/23 16:15:44.534, 3, 55.41, 0, 210, 1215
2026/02/23 16:15:44.584, 0, 224.55, 100, 1410, 1215
2026/02/23 16:15:44.584, 1, 54.75, 0, 210, 1215
2026/02/23 16:15:44.584, 2, 57.06, 0, 210, 1215
2026/02/23 16:15:44.584, 3, 55.41, 0, 210, 1215
2026/02/23 16:15:44.634, 0, 224.55, 100, 1410, 1215
2026/02/23 16:15:44.634, 1, 54.75, 0, 210, 1215
2026/02/23 16:15:44.635, 2, 57.06, 0, 210, 1215
2026/02/23 16:15:44.635, 3, 55.41, 0, 210, 1215
2026/02/23 16:15:44.685, 0, 224.55, 100, 1410, 1215
2026/02/23 16:15:44.685, 1, 54.75, 0, 210, 1215
2026/02/23 16:15:44.685, 2, 57.06, 0, 210, 1215
2026/02/23 16:15:44.685, 3, 55.41, 0, 210, 1215
2026/02/23 16:15:44.735, 0, 224.21, 100, 1410, 1215
2026/02/23 16:15:44.735, 1, 54.75, 0, 210, 1215
2026/02/23 16:15:44.735, 2, 57.06, 0, 210, 1215
2026/02/23 16:15:44.736, 3, 55.41, 0, 210, 1215
2026/02/23 16:15:44.786, 0, 224.21, 100, 1410, 1215
2026/02/23 16:15:44.786, 1, 55.03, 0, 210, 1215
2026/02/23 16:15:44.786, 2, 57.06, 0, 210, 1215
2026/02/23 16:15:44.786, 3, 55.41, 0, 210, 1215
2026/02/23 16:15:44.836, 0, 224.21, 100, 1410, 1215
2026/02/23 16:15:44.836, 1, 55.03, 0, 210, 1215
2026/02/23 16:15:44.836, 2, 57.06, 0, 210, 1215
2026/02/23 16:15:44.836, 3, 55.41, 0, 210, 1215
2026/02/23 16:15:44.887, 0, 224.21, 100, 1410, 1215
2026/02/23 16:15:44.887, 1, 54.75, 0, 210, 1215
2026/02/23 16:15:44.887, 2, 57.06, 0, 210, 1215
2026/02/23 16:15:44.887, 3, 55.41, 0, 210, 1215
2026/02/23 16:15:44.937, 0, 224.21, 100, 1410, 1215
2026/02/23 16:15:44.937, 1, 54.75, 0, 210, 1215
2026/02/23 16:15:44.937, 2, 57.06, 0, 210, 1215
2026/02/23 16:15:44.937, 3, 55.41, 0, 210, 1215
2026/02/23 16:15:44.988, 0, 224.21, 100, 1410, 1215
2026/02/23 16:15:44.988, 1, 54.75, 0, 210, 1215
2026/02/23 16:15:44.988, 2, 57.06, 0, 210, 1215
2026/02/23 16:15:44.988, 3, 55.41, 0, 210, 1215
2026/02/23 16:15:45.038, 0, 224.21, 100, 1410, 1215
2026/02/23 16:15:45.038, 1, 54.75, 0, 210, 1215
2026/02/23 16:15:45.038, 2, 57.06, 0, 210, 1215
2026/02/23 16:15:45.038, 3, 55.41, 0, 210, 1215
2026/02/23 16:15:45.088, 0, 224.21, 100, 1410, 1215
2026/02/23 16:15:45.089, 1, 55.03, 0, 210, 1215
2026/02/23 16:15:45.089, 2, 57.06, 0, 210, 1215
2026/02/23 16:15:45.089, 3, 55.47, 0, 210, 1215
2026/02/23 16:15:45.139, 0, 224.21, 100, 1410, 1215
2026/02/23 16:15:45.139, 1, 55.03, 0, 210, 1215
2026/02/23 16:15:45.139, 2, 57.06, 0, 210, 1215
2026/02/23 16:15:45.139, 3, 55.47, 0, 210, 1215
2026/02/23 16:15:45.189, 0, 224.21, 100, 1410, 1215
2026/02/23 16:15:45.189, 1, 55.03, 0, 210, 1215
2026/02/23 16:15:45.190, 2, 57.34, 0, 210, 1215
2026/02/23 16:15:45.190, 3, 55.47, 0, 210, 1215
2026/02/23 16:15:45.240, 0, 224.21, 100, 1410, 1215
2026/02/23 16:15:45.240, 1, 55.03, 0, 210, 1215
2026/02/23 16:15:45.240, 2, 57.34, 0, 210, 1215
2026/02/23 16:15:45.240, 3, 55.47, 0, 210, 1215
2026/02/23 16:15:45.290, 0, 224.21, 100, 1410, 1215
2026/02/23 16:15:45.290, 1, 54.75, 0, 210, 1215
2026/02/23 16:15:45.290, 2, 57.06, 0, 210, 1215
2026/02/23 16:15:45.290, 3, 55.41, 0, 210, 1215
2026/02/23 16:15:45.341, 0, 224.55, 100, 1410, 1215
2026/02/23 16:15:45.341, 1, 54.75, 0, 210, 1215
2026/02/23 16:15:45.341, 2, 57.06, 0, 210, 1215
2026/02/23 16:15:45.341, 3, 55.41, 0, 210, 1215
2026/02/23 16:15:45.391, 0, 224.55, 100, 1410, 1215
2026/02/23 16:15:45.391, 1, 54.75, 0, 210, 1215
2026/02/23 16:15:45.391, 2, 57.34, 0, 210, 1215
2026/02/23 16:15:45.391, 3, 55.41, 0, 210, 1215
2026/02/23 16:15:45.442, 0, 224.21, 100, 1410, 1215
2026/02/23 16:15:45.442, 1, 54.75, 0, 210, 1215
2026/02/23 16:15:45.442, 2, 57.34, 0, 210, 1215
2026/02/23 16:15:45.442, 3, 55.41, 0, 210, 1215
2026/02/23 16:15:45.492, 0, 224.21, 100, 1410, 1215
2026/02/23 16:15:45.492, 1, 54.75, 0, 210, 1215
2026/02/23 16:15:45.492, 2, 57.06, 0, 210, 1215
2026/02/23 16:15:45.492, 3, 55.47, 0, 210, 1215
2026/02/23 16:15:45.542, 0, 224.21, 100, 1410, 1215
2026/02/23 16:15:45.543, 1, 54.75, 0, 210, 1215
2026/02/23 16:15:45.543, 2, 57.06, 0, 210, 1215
2026/02/23 16:15:45.543, 3, 55.47, 0, 210, 1215
2026/02/23 16:15:45.593, 0, 224.21, 100, 1410, 1215
2026/02/23 16:15:45.593, 1, 54.75, 0, 210, 1215
2026/02/23 16:15:45.593, 2, 57.06, 0, 210, 1215
2026/02/23 16:15:45.593, 3, 55.41, 0, 210, 1215
2026/02/23 16:15:45.643, 0, 223.99, 100, 1410, 1215
2026/02/23 16:15:45.643, 1, 55.03, 0, 210, 1215
2026/02/23 16:15:45.644, 2, 57.06, 0, 210, 1215
2026/02/23 16:15:45.644, 3, 55.41, 0, 210, 1215
2026/02/23 16:15:45.694, 0, 223.99, 100, 1410, 1215
2026/02/23 16:15:45.694, 1, 55.03, 0, 210, 1215
2026/02/23 16:15:45.694, 2, 57.06, 0, 210, 1215
2026/02/23 16:15:45.694, 3, 55.41, 0, 210, 1215
2026/02/23 16:15:45.744, 0, 224.32, 100, 1410, 1215
2026/02/23 16:15:45.744, 1, 55.03, 0, 210, 1215
2026/02/23 16:15:45.744, 2, 57.06, 0, 210, 1215
2026/02/23 16:15:45.745, 3, 55.41, 0, 210, 1215
2026/02/23 16:15:45.795, 0, 224.32, 100, 1410, 1215
2026/02/23 16:15:45.795, 1, 55.03, 0, 210, 1215
2026/02/23 16:15:45.795, 2, 57.06, 0, 210, 1215
2026/02/23 16:15:45.795, 3, 55.41, 0, 210, 1215
2026/02/23 16:15:45.845, 0, 224.32, 100, 1410, 1215
2026/02/23 16:15:45.845, 1, 55.03, 0, 210, 1215
2026/02/23 16:15:45.845, 2, 57.06, 0, 210, 1215
2026/02/23 16:15:45.845, 3, 55.41, 0, 210, 1215
2026/02/23 16:15:45.896, 0, 224.32, 100, 1410, 1215
2026/02/23 16:15:45.896, 1, 55.03, 0, 210, 1215
2026/02/23 16:15:45.896, 2, 57.06, 0, 210, 1215
2026/02/23 16:15:45.896, 3, 55.47, 0, 210, 1215
2026/02/23 16:15:45.946, 0, 224.21, 100, 1410, 1215
2026/02/23 16:15:45.946, 1, 55.03, 0, 210, 1215
2026/02/23 16:15:45.946, 2, 57.06, 0, 210, 1215
2026/02/23 16:15:45.946, 3, 55.47, 0, 210, 1215
2026/02/23 16:15:45.996, 0, 224.21, 100, 1410, 1215
2026/02/23 16:15:45.997, 1, 55.03, 0, 210, 1215
2026/02/23 16:15:45.997, 2, 57.06, 0, 210, 1215
2026/02/23 16:15:45.997, 3, 55.47, 0, 210, 1215
2026/02/23 16:15:46.047, 0, 224.55, 100, 1410, 1215
2026/02/23 16:15:46.047, 1, 55.03, 0, 210, 1215
2026/02/23 16:15:46.047, 2, 57.06, 0, 210, 1215
2026/02/23 16:15:46.047, 3, 55.47, 0, 210, 1215
2026/02/23 16:15:46.097, 0, 224.55, 100, 1410, 1215
2026/02/23 16:15:46.097, 1, 55.03, 0, 210, 1215
2026/02/23 16:15:46.098, 2, 57.06, 0, 210, 1215
2026/02/23 16:15:46.098, 3, 55.47, 0, 210, 1215
2026/02/23 16:15:46.148, 0, 224.82, 100, 1410, 1215
2026/02/23 16:15:46.148, 1, 54.75, 0, 210, 1215
2026/02/23 16:15:46.148, 2, 57.06, 0, 210, 1215
2026/02/23 16:15:46.148, 3, 55.47, 0, 210, 1215
2026/02/23 16:15:46.198, 0, 224.82, 100, 1410, 1215
2026/02/23 16:15:46.198, 1, 54.75, 0, 210, 1215
2026/02/23 16:15:46.198, 2, 57.34, 0, 210, 1215
2026/02/23 16:15:46.199, 3, 55.41, 0, 210, 1215
2026/02/23 16:15:46.249, 0, 224.92, 100, 1410, 1215
2026/02/23 16:15:46.249, 1, 54.75, 0, 210, 1215
2026/02/23 16:15:46.249, 2, 57.34, 0, 210, 1215
2026/02/23 16:15:46.249, 3, 55.41, 0, 210, 1215
2026/02/23 16:15:46.299, 0, 224.92, 100, 1410, 1215
2026/02/23 16:15:46.299, 1, 54.75, 0, 210, 1215
2026/02/23 16:15:46.299, 2, 57.34, 0, 210, 1215
2026/02/23 16:15:46.299, 3, 55.41, 0, 210, 1215
2026/02/23 16:15:46.350, 0, 224.82, 100, 1410, 1215
2026/02/23 16:15:46.350, 1, 54.75, 0, 210, 1215
2026/02/23 16:15:46.350, 2, 57.34, 0, 210, 1215
2026/02/23 16:15:46.350, 3, 55.41, 0, 210, 1215
2026/02/23 16:15:46.400, 0, 224.82, 100, 1410, 1215
2026/02/23 16:15:46.400, 1, 54.75, 0, 210, 1215
2026/02/23 16:15:46.400, 2, 57.06, 0, 210, 1215
2026/02/23 16:15:46.400, 3, 55.41, 0, 210, 1215
2026/02/23 16:15:46.450, 0, 224.82, 100, 1410, 1215
2026/02/23 16:15:46.450, 1, 55.03, 0, 210, 1215
2026/02/23 16:15:46.450, 2, 57.06, 0, 210, 1215
2026/02/23 16:15:46.451, 3, 55.41, 0, 210, 1215
2026/02/23 16:15:46.501, 0, 224.82, 100, 1410, 1215
2026/02/23 16:15:46.501, 1, 55.03, 0, 210, 1215
2026/02/23 16:15:46.501, 2, 57.06, 0, 210, 1215
2026/02/23 16:15:46.501, 3, 55.41, 0, 210, 1215
2026/02/23 16:15:46.551, 0, 224.82, 100, 1410, 1215
2026/02/23 16:15:46.551, 1, 55.03, 0, 210, 1215
2026/02/23 16:15:46.551, 2, 57.06, 0, 210, 1215
2026/02/23 16:15:46.551, 3, 55.41, 0, 210, 1215
2026/02/23 16:15:46.602, 0, 224.82, 100, 1410, 1215
2026/02/23 16:15:46.602, 1, 55.03, 0, 210, 1215
2026/02/23 16:15:46.602, 2, 57.06, 0, 210, 1215
2026/02/23 16:15:46.602, 3, 55.41, 0, 210, 1215
2026/02/23 16:15:46.652, 0, 224.82, 100, 1410, 1215
2026/02/23 16:15:46.652, 1, 55.03, 0, 210, 1215
2026/02/23 16:15:46.652, 2, 57.06, 0, 210, 1215
2026/02/23 16:15:46.652, 3, 55.41, 0, 210, 1215
2026/02/23 16:15:46.703, 0, 224.82, 100, 1410, 1215
2026/02/23 16:15:46.703, 1, 55.03, 0, 210, 1215
2026/02/23 16:15:46.703, 2, 57.06, 0, 210, 1215
2026/02/23 16:15:46.703, 3, 55.41, 0, 210, 1215
2026/02/23 16:15:46.753, 0, 224.82, 100, 1410, 1215
2026/02/23 16:15:46.753, 1, 55.03, 0, 210, 1215
2026/02/23 16:15:46.753, 2, 57.06, 0, 210, 1215
2026/02/23 16:15:46.753, 3, 55.41, 0, 210, 1215
2026/02/23 16:15:46.803, 0, 224.82, 100, 1410, 1215
2026/02/23 16:15:46.804, 1, 55.03, 0, 210, 1215
2026/02/23 16:15:46.804, 2, 57.06, 0, 210, 1215
2026/02/23 16:15:46.804, 3, 55.41, 0, 210, 1215
2026/02/23 16:15:46.854, 0, 224.92, 100, 1410, 1215
2026/02/23 16:15:46.854, 1, 55.03, 0, 210, 1215
2026/02/23 16:15:46.854, 2, 57.06, 0, 210, 1215
2026/02/23 16:15:46.854, 3, 55.41, 0, 210, 1215
2026/02/23 16:15:46.904, 0, 224.92, 100, 1410, 1215
2026/02/23 16:15:46.904, 1, 55.03, 0, 210, 1215
2026/02/23 16:15:46.904, 2, 57.06, 0, 210, 1215
2026/02/23 16:15:46.905, 3, 55.41, 0, 210, 1215
2026/02/23 16:15:46.955, 0, 224.82, 100, 1410, 1215
2026/02/23 16:15:46.955, 1, 54.75, 0, 210, 1215
2026/02/23 16:15:46.955, 2, 57.06, 0, 210, 1215
2026/02/23 16:15:46.955, 3, 55.41, 0, 210, 1215
2026/02/23 16:15:47.005, 0, 224.82, 100, 1410, 1215
2026/02/23 16:15:47.005, 1, 54.75, 0, 210, 1215
2026/02/23 16:15:47.005, 2, 57.06, 0, 210, 1215
2026/02/23 16:15:47.005, 3, 55.41, 0, 210, 1215
2026/02/23 16:15:47.056, 0, 224.59, 100, 1410, 1215
2026/02/23 16:15:47.056, 1, 55.03, 0, 210, 1215
2026/02/23 16:15:47.056, 2, 57.06, 0, 210, 1215
2026/02/23 16:15:47.057, 3, 55.41, 0, 210, 1215
2026/02/23 16:15:47.107, 0, 224.59, 100, 1410, 1215
2026/02/23 16:15:47.107, 1, 55.03, 0, 210, 1215
2026/02/23 16:15:47.107, 2, 57.06, 0, 210, 1215
2026/02/23 16:15:47.107, 3, 55.41, 0, 210, 1215
2026/02/23 16:15:47.158, 0, 224.82, 100, 1410, 1215
2026/02/23 16:15:47.158, 1, 55.03, 0, 210, 1215
2026/02/23 16:15:47.158, 2, 57.06, 0, 210, 1215
2026/02/23 16:15:47.158, 3, 55.41, 0, 210, 1215
2026/02/23 16:15:47.208, 0, 224.82, 100, 1410, 1215
2026/02/23 16:15:47.208, 1, 55.03, 0, 210, 1215
2026/02/23 16:15:47.208, 2, 57.06, 0, 210, 1215
2026/02/23 16:15:47.208, 3, 55.41, 0, 210, 1215
2026/02/23 16:15:47.259, 0, 224.59, 100, 1410, 1215
2026/02/23 16:15:47.259, 1, 54.75, 0, 210, 1215
2026/02/23 16:15:47.259, 2, 57.06, 0, 210, 1215
2026/02/23 16:15:47.259, 3, 55.41, 0, 210, 1215
2026/02/23 16:15:47.309, 0, 224.59, 100, 1410, 1215
2026/02/23 16:15:47.309, 1, 54.75, 0, 210, 1215
2026/02/23 16:15:47.309, 2, 57.06, 0, 210, 1215
2026/02/23 16:15:47.309, 3, 55.41, 0, 210, 1215
2026/02/23 16:15:47.359, 0, 224.32, 100, 1410, 1215
2026/02/23 16:15:47.360, 1, 55.03, 0, 210, 1215
2026/02/23 16:15:47.360, 2, 57.06, 0, 210, 1215
2026/02/23 16:15:47.360, 3, 55.41, 0, 210, 1215
2026/02/23 16:15:47.410, 0, 224.32, 100, 1410, 1215
2026/02/23 16:15:47.410, 1, 55.03, 0, 210, 1215
2026/02/23 16:15:47.410, 2, 57.06, 0, 210, 1215
2026/02/23 16:15:47.410, 3, 55.41, 0, 210, 1215
2026/02/23 16:15:47.460, 0, 224.55, 100, 1410, 1215
2026/02/23 16:15:47.460, 1, 54.75, 0, 210, 1215
2026/02/23 16:15:47.461, 2, 57.06, 0, 210, 1215
2026/02/23 16:15:47.461, 3, 55.41, 0, 210, 1215
2026/02/23 16:15:47.511, 0, 224.55, 100, 1410, 1215
2026/02/23 16:15:47.511, 1, 54.75, 0, 210, 1215
2026/02/23 16:15:47.511, 2, 57.06, 0, 210, 1215
2026/02/23 16:15:47.511, 3, 55.47, 0, 210, 1215
2026/02/23 16:15:47.561, 0, 224.55, 100, 1410, 1215
2026/02/23 16:15:47.561, 1, 55.03, 0, 210, 1215
2026/02/23 16:15:47.561, 2, 57.06, 0, 210, 1215
2026/02/23 16:15:47.561, 3, 55.47, 0, 210, 1215
2026/02/23 16:15:47.612, 0, 224.55, 100, 1410, 1215
2026/02/23 16:15:47.612, 1, 55.03, 0, 210, 1215
2026/02/23 16:15:47.612, 2, 57.06, 0, 210, 1215
2026/02/23 16:15:47.612, 3, 55.41, 0, 210, 1215
2026/02/23 16:15:47.662, 0, 224.21, 100, 1410, 1215
2026/02/23 16:15:47.662, 1, 54.75, 0, 210, 1215
2026/02/23 16:15:47.662, 2, 57.06, 0, 210, 1215
2026/02/23 16:15:47.662, 3, 55.41, 0, 210, 1215
2026/02/23 16:15:47.713, 0, 224.21, 100, 1410, 1215
2026/02/23 16:15:47.713, 1, 54.75, 0, 210, 1215
2026/02/23 16:15:47.713, 2, 57.06, 0, 210, 1215
2026/02/23 16:15:47.713, 3, 55.41, 0, 210, 1215
2026/02/23 16:15:47.763, 0, 224.21, 100, 1410, 1215
2026/02/23 16:15:47.763, 1, 55.03, 0, 210, 1215
2026/02/23 16:15:47.763, 2, 57.06, 0, 210, 1215
2026/02/23 16:15:47.763, 3, 55.41, 0, 210, 1215
2026/02/23 16:15:47.813, 0, 224.21, 100, 1410, 1215
2026/02/23 16:15:47.814, 1, 55.03, 0, 210, 1215
2026/02/23 16:15:47.814, 2, 57.06, 0, 210, 1215
2026/02/23 16:15:47.814, 3, 55.41, 0, 210, 1215
2026/02/23 16:15:47.864, 0, 224.55, 100, 1410, 1215
2026/02/23 16:15:47.864, 1, 54.75, 0, 210, 1215
2026/02/23 16:15:47.864, 2, 57.06, 0, 210, 1215
2026/02/23 16:15:47.864, 3, 55.41, 0, 210, 1215
2026/02/23 16:15:47.914, 0, 224.55, 100, 1410, 1215
2026/02/23 16:15:47.914, 1, 54.75, 0, 210, 1215
2026/02/23 16:15:47.915, 2, 57.06, 0, 210, 1215
2026/02/23 16:15:47.915, 3, 55.47, 0, 210, 1215
2026/02/23 16:15:47.965, 0, 224.21, 100, 1410, 1215
2026/02/23 16:15:47.965, 1, 54.81, 0, 210, 1215
2026/02/23 16:15:47.965, 2, 57.06, 0, 210, 1215
2026/02/23 16:15:47.965, 3, 55.47, 0, 210, 1215
2026/02/23 16:15:48.015, 0, 224.21, 100, 1410, 1215
2026/02/23 16:15:48.015, 1, 54.81, 0, 210, 1215
2026/02/23 16:15:48.015, 2, 57.06, 0, 210, 1215
2026/02/23 16:15:48.016, 3, 55.47, 0, 210, 1215
2026/02/23 16:15:48.066, 0, 224.21, 100, 1410, 1215
2026/02/23 16:15:48.066, 1, 54.75, 0, 210, 1215
2026/02/23 16:15:48.066, 2, 57.34, 0, 210, 1215
2026/02/23 16:15:48.066, 3, 55.41, 0, 210, 1215
2026/02/23 16:15:48.116, 0, 224.21, 100, 1410, 1215
2026/02/23 16:15:48.116, 1, 54.75, 0, 210, 1215
2026/02/23 16:15:48.116, 2, 57.34, 0, 210, 1215
2026/02/23 16:15:48.116, 3, 55.41, 0, 210, 1215
2026/02/23 16:15:48.167, 0, 224.21, 100, 1410, 1215
2026/02/23 16:15:48.167, 1, 55.08, 0, 210, 1215
2026/02/23 16:15:48.167, 2, 57.06, 0, 210, 1215
2026/02/23 16:15:48.167, 3, 55.47, 0, 210, 1215
2026/02/23 16:15:48.217, 0, 224.21, 100, 1410, 1215
2026/02/23 16:15:48.217, 1, 55.08, 0, 210, 1215
2026/02/23 16:15:48.217, 2, 57.06, 0, 210, 1215
2026/02/23 16:15:48.217, 3, 55.47, 0, 210, 1215
2026/02/23 16:15:48.268, 0, 224.21, 100, 1410, 1215
2026/02/23 16:15:48.268, 1, 54.75, 0, 210, 1215
2026/02/23 16:15:48.268, 2, 57.06, 0, 210, 1215
2026/02/23 16:15:48.268, 3, 55.41, 0, 210, 1215
2026/02/23 16:15:48.318, 0, 223.99, 100, 1410, 1215
2026/02/23 16:15:48.318, 1, 54.75, 0, 210, 1215
2026/02/23 16:15:48.318, 2, 57.06, 0, 210, 1215
2026/02/23 16:15:48.318, 3, 55.41, 0, 210, 1215
2026/02/23 16:15:48.368, 0, 223.99, 100, 1410, 1215
2026/02/23 16:15:48.368, 1, 55.03, 0, 210, 1215
2026/02/23 16:15:48.369, 2, 57.06, 0, 210, 1215
2026/02/23 16:15:48.369, 3, 55.47, 0, 210, 1215
2026/02/23 16:15:48.419, 0, 223.94, 100, 1410, 1215
2026/02/23 16:15:48.419, 1, 55.03, 0, 210, 1215
2026/02/23 16:15:48.419, 2, 57.06, 0, 210, 1215
2026/02/23 16:15:48.419, 3, 55.47, 0, 210, 1215
2026/02/23 16:15:48.469, 0, 223.94, 100, 1410, 1215
2026/02/23 16:15:48.469, 1, 54.75, 0, 210, 1215
2026/02/23 16:15:48.469, 2, 57.06, 0, 210, 1215
2026/02/23 16:15:48.470, 3, 55.47, 0, 210, 1215
2026/02/23 16:15:48.520, 0, 223.94, 100, 1410, 1215
2026/02/23 16:15:48.520, 1, 54.75, 0, 210, 1215
2026/02/23 16:15:48.520, 2, 57.06, 0, 210, 1215
2026/02/23 16:15:48.520, 3, 55.47, 0, 210, 1215
2026/02/23 16:15:48.570, 0, 223.94, 100, 1410, 1215
2026/02/23 16:15:48.570, 1, 54.75, 0, 210, 1215
2026/02/23 16:15:48.570, 2, 57.34, 0, 210, 1215
2026/02/23 16:15:48.570, 3, 55.41, 0, 210, 1215
2026/02/23 16:15:48.621, 0, 223.94, 100, 1410, 1215
2026/02/23 16:15:48.621, 1, 54.75, 0, 210, 1215
2026/02/23 16:15:48.621, 2, 57.34, 0, 210, 1215
2026/02/23 16:15:48.621, 3, 55.41, 0, 210, 1215
2026/02/23 16:15:48.671, 0, 223.94, 100, 1410, 1215
2026/02/23 16:15:48.671, 1, 54.75, 0, 210, 1215
2026/02/23 16:15:48.671, 2, 57.34, 0, 210, 1215
2026/02/23 16:15:48.671, 3, 55.41, 0, 210, 1215
2026/02/23 16:15:48.722, 0, 224.21, 100, 1410, 1215
2026/02/23 16:15:48.722, 1, 54.75, 0, 210, 1215
2026/02/23 16:15:48.722, 2, 57.34, 0, 210, 1215
2026/02/23 16:15:48.722, 3, 55.41, 0, 210, 1215
2026/02/23 16:15:48.772, 0, 224.21, 100, 1410, 1215
2026/02/23 16:15:48.772, 1, 55.03, 0, 210, 1215
2026/02/23 16:15:48.772, 2, 57.06, 0, 210, 1215
2026/02/23 16:15:48.772, 3, 55.41, 0, 210, 1215
2026/02/23 16:15:48.822, 0, 223.94, 100, 1410, 1215
2026/02/23 16:15:48.823, 1, 55.03, 0, 210, 1215
2026/02/23 16:15:48.823, 2, 57.06, 0, 210, 1215
2026/02/23 16:15:48.823, 3, 55.41, 0, 210, 1215
2026/02/23 16:15:48.873, 0, 223.94, 100, 1410, 1215
2026/02/23 16:15:48.873, 1, 55.03, 0, 210, 1215
2026/02/23 16:15:48.873, 2, 57.06, 0, 210, 1215
2026/02/23 16:15:48.873, 3, 55.41, 0, 210, 1215
2026/02/23 16:15:48.923, 0, 223.99, 100, 1410, 1215
2026/02/23 16:15:48.923, 1, 55.03, 0, 210, 1215
2026/02/23 16:15:48.924, 2, 57.06, 0, 210, 1215
2026/02/23 16:15:48.924, 3, 55.41, 0, 210, 1215
2026/02/23 16:15:48.974, 0, 223.99, 100, 1410, 1215
2026/02/23 16:15:48.974, 1, 54.75, 0, 210, 1215
2026/02/23 16:15:48.974, 2, 57.06, 0, 210, 1215
2026/02/23 16:15:48.974, 3, 55.41, 0, 210, 1215
2026/02/23 16:15:49.024, 0, 224.21, 100, 1410, 1215
2026/02/23 16:15:49.024, 1, 54.75, 0, 210, 1215
2026/02/23 16:15:49.024, 2, 57.06, 0, 210, 1215
2026/02/23 16:15:49.025, 3, 55.41, 0, 210, 1215
2026/02/23 16:15:49.075, 0, 224.21, 100, 1410, 1215
2026/02/23 16:15:49.075, 1, 54.75, 0, 210, 1215
2026/02/23 16:15:49.075, 2, 57.06, 0, 210, 1215
2026/02/23 16:15:49.075, 3, 55.41, 0, 210, 1215
2026/02/23 16:15:49.125, 0, 224.82, 100, 1410, 1215
2026/02/23 16:15:49.125, 1, 54.75, 0, 210, 1215
2026/02/23 16:15:49.125, 2, 57.06, 0, 210, 1215
2026/02/23 16:15:49.125, 3, 55.41, 0, 210, 1215
2026/02/23 16:15:49.176, 0, 224.82, 100, 1410, 1215
2026/02/23 16:15:49.176, 1, 55.03, 0, 210, 1215
2026/02/23 16:15:49.176, 2, 57.06, 0, 210, 1215
2026/02/23 16:15:49.176, 3, 55.41, 0, 210, 1215
2026/02/23 16:15:49.226, 0, 224.82, 100, 1410, 1215
2026/02/23 16:15:49.226, 1, 55.03, 0, 210, 1215
2026/02/23 16:15:49.226, 2, 57.06, 0, 210, 1215
2026/02/23 16:15:49.226, 3, 55.41, 0, 210, 1215
2026/02/23 16:15:49.277, 0, 224.82, 100, 1410, 1215
2026/02/23 16:15:49.277, 1, 54.75, 0, 210, 1215
2026/02/23 16:15:49.277, 2, 57.06, 0, 210, 1215
2026/02/23 16:15:49.277, 3, 55.47, 0, 210, 1215
2026/02/23 16:15:49.327, 0, 224.82, 100, 1410, 1215
2026/02/23 16:15:49.327, 1, 54.75, 0, 210, 1215
2026/02/23 16:15:49.327, 2, 57.06, 0, 210, 1215
2026/02/23 16:15:49.327, 3, 55.47, 0, 210, 1215
2026/02/23 16:15:49.377, 0, 224.82, 100, 1410, 1215
2026/02/23 16:15:49.378, 1, 55.03, 0, 210, 1215
2026/02/23 16:15:49.378, 2, 57.06, 0, 210, 1215
2026/02/23 16:15:49.378, 3, 55.47, 0, 210, 1215
2026/02/23 16:15:49.428, 0, 224.82, 100, 1410, 1215
2026/02/23 16:15:49.428, 1, 55.03, 0, 210, 1215
2026/02/23 16:15:49.428, 2, 57.06, 0, 210, 1215
2026/02/23 16:15:49.428, 3, 55.47, 0, 210, 1215
2026/02/23 16:15:49.478, 0, 224.82, 100, 1410, 1215
2026/02/23 16:15:49.478, 1, 54.75, 0, 210, 1215
2026/02/23 16:15:49.479, 2, 57.06, 0, 210, 1215
2026/02/23 16:15:49.479, 3, 55.47, 0, 210, 1215
2026/02/23 16:15:49.529, 0, 224.82, 100, 1410, 1215
2026/02/23 16:15:49.529, 1, 54.75, 0, 210, 1215
2026/02/23 16:15:49.529, 2, 57.06, 0, 210, 1215
2026/02/23 16:15:49.529, 3, 55.47, 0, 210, 1215
2026/02/23 16:15:49.579, 0, 224.82, 100, 1410, 1215
2026/02/23 16:15:49.579, 1, 55.03, 0, 210, 1215
2026/02/23 16:15:49.579, 2, 57.06, 0, 210, 1215
2026/02/23 16:15:49.579, 3, 55.41, 0, 210, 1215
2026/02/23 16:15:49.630, 0, 224.82, 100, 1410, 1215
2026/02/23 16:15:49.630, 1, 55.03, 0, 210, 1215
2026/02/23 16:15:49.630, 2, 57.06, 0, 210, 1215
2026/02/23 16:15:49.630, 3, 55.41, 0, 210, 1215
2026/02/23 16:15:49.680, 0, 224.82, 100, 1410, 1215
2026/02/23 16:15:49.680, 1, 54.75, 0, 210, 1215
2026/02/23 16:15:49.680, 2, 57.34, 0, 210, 1215
2026/02/23 16:15:49.680, 3, 55.47, 0, 210, 1215
2026/02/23 16:15:49.731, 0, 224.82, 100, 1410, 1215
2026/02/23 16:15:49.731, 1, 54.75, 0, 210, 1215
2026/02/23 16:15:49.731, 2, 57.34, 0, 210, 1215
2026/02/23 16:15:49.731, 3, 55.47, 0, 210, 1215
2026/02/23 16:15:49.781, 0, 224.82, 100, 1410, 1215
2026/02/23 16:15:49.781, 1, 54.75, 0, 210, 1215
2026/02/23 16:15:49.781, 2, 57.06, 0, 210, 1215
2026/02/23 16:15:49.781, 3, 55.41, 0, 210, 1215
2026/02/23 16:15:49.831, 0, 224.82, 100, 1410, 1215
2026/02/23 16:15:49.832, 1, 54.75, 0, 210, 1215
2026/02/23 16:15:49.832, 2, 57.06, 0, 210, 1215
2026/02/23 16:15:49.832, 3, 55.41, 0, 210, 1215
2026/02/23 16:15:49.882, 0, 224.82, 100, 1410, 1215
2026/02/23 16:15:49.882, 1, 54.75, 0, 210, 1215
2026/02/23 16:15:49.882, 2, 57.06, 0, 210, 1215
2026/02/23 16:15:49.882, 3, 55.41, 0, 210, 1215
2026/02/23 16:15:49.932, 0, 224.82, 100, 1410, 1215
2026/02/23 16:15:49.933, 1, 54.75, 0, 210, 1215
2026/02/23 16:15:49.933, 2, 57.06, 0, 210, 1215
2026/02/23 16:15:49.933, 3, 55.41, 0, 210, 1215
2026/02/23 16:15:49.983, 0, 224.82, 100, 1410, 1215
2026/02/23 16:15:49.983, 1, 54.75, 0, 210, 1215
2026/02/23 16:15:49.983, 2, 57.06, 0, 210, 1215
2026/02/23 16:15:49.983, 3, 55.41, 0, 210, 1215
2026/02/23 16:15:50.033, 0, 224.55, 100, 1410, 1215
2026/02/23 16:15:50.033, 1, 54.75, 0, 210, 1215
2026/02/23 16:15:50.033, 2, 57.06, 0, 210, 1215
2026/02/23 16:15:50.034, 3, 55.41, 0, 210, 1215
2026/02/23 16:15:50.084, 0, 224.55, 100, 1410, 1215
2026/02/23 16:15:50.084, 1, 54.75, 0, 210, 1215
2026/02/23 16:15:50.084, 2, 57.34, 0, 210, 1215
2026/02/23 16:15:50.084, 3, 55.41, 0, 210, 1215
2026/02/23 16:15:50.134, 0, 224.59, 100, 1410, 1215
2026/02/23 16:15:50.134, 1, 54.75, 0, 210, 1215
2026/02/23 16:15:50.134, 2, 57.34, 0, 210, 1215
2026/02/23 16:15:50.134, 3, 55.41, 0, 210, 1215
2026/02/23 16:15:50.185, 0, 224.59, 100, 1410, 1215
2026/02/23 16:15:50.185, 1, 55.03, 0, 210, 1215
2026/02/23 16:15:50.185, 2, 57.34, 0, 210, 1215
2026/02/23 16:15:50.185, 3, 55.41, 0, 210, 1215
2026/02/23 16:15:50.235, 0, 224.32, 100, 1410, 1215
2026/02/23 16:15:50.235, 1, 55.03, 0, 210, 1215
2026/02/23 16:15:50.235, 2, 57.34, 0, 210, 1215
2026/02/23 16:15:50.235, 3, 55.41, 0, 210, 1215
2026/02/23 16:15:50.286, 0, 224.32, 100, 1410, 1215
2026/02/23 16:15:50.286, 1, 54.75, 0, 210, 1215
2026/02/23 16:15:50.286, 2, 57.34, 0, 210, 1215
2026/02/23 16:15:50.286, 3, 55.41, 0, 210, 1215
2026/02/23 16:15:50.336, 0, 224.32, 100, 1410, 1215
2026/02/23 16:15:50.336, 1, 54.75, 0, 210, 1215
2026/02/23 16:15:50.336, 2, 57.34, 0, 210, 1215
2026/02/23 16:15:50.336, 3, 55.41, 0, 210, 1215
2026/02/23 16:15:50.386, 0, 224.32, 100, 1410, 1215
2026/02/23 16:15:50.387, 1, 55.03, 0, 210, 1215
2026/02/23 16:15:50.387, 2, 57.01, 0, 210, 1215
2026/02/23 16:15:50.387, 3, 55.41, 0, 210, 1215
2026/02/23 16:15:50.437, 0, 224.32, 100, 1410, 1215
2026/02/23 16:15:50.437, 1, 55.03, 0, 210, 1215
2026/02/23 16:15:50.437, 2, 57.01, 0, 210, 1215
2026/02/23 16:15:50.437, 3, 55.41, 0, 210, 1215
2026/02/23 16:15:50.487, 0, 224.32, 100, 1410, 1215
2026/02/23 16:15:50.487, 1, 55.03, 0, 210, 1215
2026/02/23 16:15:50.487, 2, 57.06, 0, 210, 1215
2026/02/23 16:15:50.488, 3, 55.47, 0, 210, 1215
2026/02/23 16:15:50.538, 0, 224.55, 100, 1410, 1215
2026/02/23 16:15:50.538, 1, 55.03, 0, 210, 1215
2026/02/23 16:15:50.538, 2, 57.06, 0, 210, 1215
2026/02/23 16:15:50.538, 3, 55.47, 0, 210, 1215
2026/02/23 16:15:50.588, 0, 224.55, 100, 1410, 1215
2026/02/23 16:15:50.588, 1, 55.03, 0, 210, 1215
2026/02/23 16:15:50.588, 2, 57.06, 0, 210, 1215
2026/02/23 16:15:50.588, 3, 55.41, 0, 210, 1215
2026/02/23 16:15:50.639, 0, 224.55, 100, 1410, 1215
2026/02/23 16:15:50.639, 1, 55.03, 0, 210, 1215
2026/02/23 16:15:50.639, 2, 57.06, 0, 210, 1215
2026/02/23 16:15:50.639, 3, 55.41, 0, 210, 1215
2026/02/23 16:15:50.689, 0, 224.55, 100, 1410, 1215
2026/02/23 16:15:50.689, 1, 55.03, 0, 210, 1215
2026/02/23 16:15:50.689, 2, 57.06, 0, 210, 1215
2026/02/23 16:15:50.689, 3, 55.41, 0, 210, 1215
2026/02/23 16:15:50.740, 0, 224.21, 100, 1410, 1215
2026/02/23 16:15:50.740, 1, 55.03, 0, 210, 1215
2026/02/23 16:15:50.740, 2, 57.06, 0, 210, 1215
2026/02/23 16:15:50.740, 3, 55.41, 0, 210, 1215
2026/02/23 16:15:50.790, 0, 224.21, 100, 1410, 1215
2026/02/23 16:15:50.790, 1, 55.03, 0, 210, 1215
2026/02/23 16:15:50.790, 2, 57.06, 0, 210, 1215
2026/02/23 16:15:50.790, 3, 55.47, 0, 210, 1215
2026/02/23 16:15:50.840, 0, 224.21, 100, 1410, 1215
2026/02/23 16:15:50.841, 1, 55.03, 0, 210, 1215
2026/02/23 16:15:50.841, 2, 57.06, 0, 210, 1215
2026/02/23 16:15:50.841, 3, 55.47, 0, 210, 1215
2026/02/23 16:15:50.891, 0, 224.21, 100, 1410, 1215
2026/02/23 16:15:50.891, 1, 54.75, 0, 210, 1215
2026/02/23 16:15:50.891, 2, 57.06, 0, 210, 1215
2026/02/23 16:15:50.891, 3, 55.47, 0, 210, 1215
2026/02/23 16:15:50.941, 0, 224.21, 100, 1410, 1215
2026/02/23 16:15:50.941, 1, 54.75, 0, 210, 1215
2026/02/23 16:15:50.942, 2, 57.06, 0, 210, 1215
2026/02/23 16:15:50.942, 3, 55.47, 0, 210, 1215
2026/02/23 16:15:50.992, 0, 224.21, 100, 1410, 1215
2026/02/23 16:15:50.992, 1, 54.75, 0, 210, 1215
2026/02/23 16:15:50.992, 2, 57.34, 0, 210, 1215
2026/02/23 16:15:50.992, 3, 55.47, 0, 210, 1215
2026/02/23 16:15:51.042, 0, 224.21, 100, 1410, 1215
2026/02/23 16:15:51.042, 1, 54.75, 0, 210, 1215
2026/02/23 16:15:51.042, 2, 57.34, 0, 210, 1215
2026/02/23 16:15:51.043, 3, 55.47, 0, 210, 1215
2026/02/23 16:15:51.093, 0, 224.21, 100, 1410, 1215
2026/02/23 16:15:51.093, 1, 55.03, 0, 210, 1215
2026/02/23 16:15:51.093, 2, 57.06, 0, 210, 1215
2026/02/23 16:15:51.093, 3, 55.41, 0, 210, 1215
2026/02/23 16:15:51.143, 0, 224.21, 100, 1410, 1215
2026/02/23 16:15:51.143, 1, 54.75, 0, 210, 1215
2026/02/23 16:15:51.143, 2, 57.06, 0, 210, 1215
2026/02/23 16:15:51.143, 3, 55.41, 0, 210, 1215
2026/02/23 16:15:51.194, 0, 224.21, 100, 1410, 1215
2026/02/23 16:15:51.194, 1, 54.75, 0, 210, 1215
2026/02/23 16:15:51.194, 2, 57.06, 0, 210, 1215
2026/02/23 16:15:51.194, 3, 55.47, 0, 210, 1215
2026/02/23 16:15:51.244, 0, 224.21, 100, 1410, 1215
2026/02/23 16:15:51.244, 1, 55.03, 0, 210, 1215
2026/02/23 16:15:51.244, 2, 57.06, 0, 210, 1215
2026/02/23 16:15:51.244, 3, 55.47, 0, 210, 1215
2026/02/23 16:15:51.294, 0, 224.21, 100, 1410, 1215
2026/02/23 16:15:51.295, 1, 55.03, 0, 210, 1215
2026/02/23 16:15:51.295, 2, 57.06, 0, 210, 1215
2026/02/23 16:15:51.295, 3, 55.47, 0, 210, 1215
2026/02/23 16:15:51.345, 0, 224.21, 100, 1410, 1215
2026/02/23 16:15:51.345, 1, 54.75, 0, 210, 1215
2026/02/23 16:15:51.345, 2, 57.06, 0, 210, 1215
2026/02/23 16:15:51.345, 3, 55.47, 0, 210, 1215
2026/02/23 16:15:51.395, 0, 224.21, 100, 1410, 1215
2026/02/23 16:15:51.395, 1, 54.75, 0, 210, 1215
2026/02/23 16:15:51.396, 2, 57.06, 0, 210, 1215
2026/02/23 16:15:51.396, 3, 55.47, 0, 210, 1215
2026/02/23 16:15:51.446, 0, 223.94, 100, 1410, 1215
2026/02/23 16:15:51.446, 1, 55.03, 0, 210, 1215
2026/02/23 16:15:51.446, 2, 57.06, 0, 210, 1215
2026/02/23 16:15:51.446, 3, 55.47, 0, 210, 1215
2026/02/23 16:15:51.496, 0, 223.94, 100, 1410, 1215
2026/02/23 16:15:51.496, 1, 55.03, 0, 210, 1215
2026/02/23 16:15:51.496, 2, 57.06, 0, 210, 1215
2026/02/23 16:15:51.497, 3, 55.41, 0, 210, 1215
2026/02/23 16:15:51.547, 0, 224.21, 100, 1410, 1215
2026/02/23 16:15:51.547, 1, 54.75, 0, 210, 1215
2026/02/23 16:15:51.547, 2, 57.06, 0, 210, 1215
2026/02/23 16:15:51.547, 3, 55.41, 0, 210, 1215
2026/02/23 16:15:51.597, 0, 224.21, 100, 1410, 1215
2026/02/23 16:15:51.597, 1, 54.75, 0, 210, 1215
2026/02/23 16:15:51.597, 2, 57.34, 0, 210, 1215
2026/02/23 16:15:51.597, 3, 55.41, 0, 210, 1215
2026/02/23 16:15:51.648, 0, 224.21, 100, 1410, 1215
2026/02/23 16:15:51.648, 1, 54.75, 0, 210, 1215
2026/02/23 16:15:51.648, 2, 57.34, 0, 210, 1215
2026/02/23 16:15:51.648, 3, 55.41, 0, 210, 1215
2026/02/23 16:15:51.698, 0, 224.21, 100, 1410, 1215
2026/02/23 16:15:51.699, 1, 54.75, 0, 210, 1215
2026/02/23 16:15:51.699, 2, 57.34, 0, 210, 1215
2026/02/23 16:15:51.699, 3, 55.41, 0, 210, 1215
2026/02/23 16:15:51.749, 0, 224.21, 100, 1410, 1215
2026/02/23 16:15:51.750, 1, 54.75, 0, 210, 1215
2026/02/23 16:15:51.750, 2, 57.34, 0, 210, 1215
2026/02/23 16:15:51.750, 3, 55.41, 0, 210, 1215
2026/02/23 16:15:51.800, 0, 224.21, 100, 1410, 1215
2026/02/23 16:15:51.800, 1, 54.75, 0, 210, 1215
2026/02/23 16:15:51.800, 2, 57.34, 0, 210, 1215
2026/02/23 16:15:51.800, 3, 55.41, 0, 210, 1215
2026/02/23 16:15:51.850, 0, 224.21, 100, 1410, 1215
2026/02/23 16:15:51.850, 1, 54.75, 0, 210, 1215
2026/02/23 16:15:51.850, 2, 57.34, 0, 210, 1215
2026/02/23 16:15:51.851, 3, 55.41, 0, 210, 1215
2026/02/23 16:15:51.901, 0, 224.21, 100, 1410, 1215
2026/02/23 16:15:51.901, 1, 54.75, 0, 210, 1215
2026/02/23 16:15:51.901, 2, 57.34, 0, 210, 1215
2026/02/23 16:15:51.901, 3, 55.41, 0, 210, 1215
2026/02/23 16:15:51.951, 0, 223.99, 100, 1410, 1215
2026/02/23 16:15:51.951, 1, 54.75, 0, 210, 1215
2026/02/23 16:15:51.951, 2, 57.34, 0, 210, 1215
2026/02/23 16:15:51.951, 3, 55.41, 0, 210, 1215
2026/02/23 16:15:52.002, 0, 223.99, 100, 1410, 1215
2026/02/23 16:15:52.002, 1, 54.75, 0, 210, 1215
2026/02/23 16:15:52.002, 2, 57.34, 0, 210, 1215
2026/02/23 16:15:52.002, 3, 55.41, 0, 210, 1215
2026/02/23 16:15:52.052, 0, 223.94, 100, 1410, 1215
2026/02/23 16:15:52.052, 1, 54.75, 0, 210, 1215
2026/02/23 16:15:52.052, 2, 57.34, 0, 210, 1215
2026/02/23 16:15:52.052, 3, 55.41, 0, 210, 1215
2026/02/23 16:15:52.103, 0, 223.94, 100, 1410, 1215
2026/02/23 16:15:52.103, 1, 54.75, 0, 210, 1215
2026/02/23 16:15:52.103, 2, 57.34, 0, 210, 1215
2026/02/23 16:15:52.103, 3, 55.41, 0, 210, 1215
2026/02/23 16:15:52.153, 0, 224.21, 100, 1410, 1215
2026/02/23 16:15:52.153, 1, 54.75, 0, 210, 1215
2026/02/23 16:15:52.153, 2, 57.34, 0, 210, 1215
2026/02/23 16:15:52.153, 3, 55.41, 0, 210, 1215
2026/02/23 16:15:52.203, 0, 224.21, 100, 1410, 1215
2026/02/23 16:15:52.204, 1, 54.75, 0, 210, 1215
2026/02/23 16:15:52.204, 2, 57.34, 0, 210, 1215
2026/02/23 16:15:52.204, 3, 55.41, 0, 210, 1215
2026/02/23 16:15:52.254, 0, 223.94, 100, 1410, 1215
2026/02/23 16:15:52.254, 1, 54.75, 0, 210, 1215
2026/02/23 16:15:52.254, 2, 57.34, 0, 210, 1215
2026/02/23 16:15:52.254, 3, 55.41, 0, 210, 1215
2026/02/23 16:15:52.304, 0, 223.94, 100, 1410, 1215
2026/02/23 16:15:52.304, 1, 54.75, 0, 210, 1215
2026/02/23 16:15:52.305, 2, 57.34, 0, 210, 1215
2026/02/23 16:15:52.305, 3, 55.47, 0, 210, 1215
2026/02/23 16:15:52.355, 0, 223.94, 100, 1410, 1215
2026/02/23 16:15:52.355, 1, 54.75, 0, 210, 1215
2026/02/23 16:15:52.355, 2, 57.34, 0, 210, 1215
2026/02/23 16:15:52.355, 3, 55.47, 0, 210, 1215
2026/02/23 16:15:52.405, 0, 223.94, 100, 1410, 1215
2026/02/23 16:15:52.405, 1, 54.75, 0, 210, 1215
2026/02/23 16:15:52.405, 2, 57.34, 0, 210, 1215
2026/02/23 16:15:52.405, 3, 55.47, 0, 210, 1215
2026/02/23 16:15:52.456, 0, 224.21, 100, 1410, 1215
2026/02/23 16:15:52.456, 1, 54.75, 0, 210, 1215
2026/02/23 16:15:52.456, 2, 57.34, 0, 210, 1215
2026/02/23 16:15:52.456, 3, 55.47, 0, 210, 1215
2026/02/23 16:15:52.506, 0, 224.21, 100, 1410, 1215
2026/02/23 16:15:52.506, 1, 54.75, 0, 210, 1215
2026/02/23 16:15:52.506, 2, 57.34, 0, 210, 1215
2026/02/23 16:15:52.506, 3, 55.47, 0, 210, 1215
2026/02/23 16:15:52.557, 0, 224.21, 100, 1410, 1215
2026/02/23 16:15:52.557, 1, 54.75, 0, 210, 1215
2026/02/23 16:15:52.557, 2, 57.06, 0, 210, 1215
2026/02/23 16:15:52.557, 3, 55.47, 0, 210, 1215
2026/02/23 16:15:52.607, 0, 224.21, 100, 1410, 1215
2026/02/23 16:15:52.607, 1, 54.75, 0, 210, 1215
2026/02/23 16:15:52.607, 2, 57.06, 0, 210, 1215
2026/02/23 16:15:52.607, 3, 55.41, 0, 210, 1215
2026/02/23 16:15:52.657, 0, 224.21, 100, 1410, 1215
2026/02/23 16:15:52.658, 1, 54.75, 0, 210, 1215
2026/02/23 16:15:52.658, 2, 57.34, 0, 210, 1215
2026/02/23 16:15:52.658, 3, 55.41, 0, 210, 1215
2026/02/23 16:15:52.708, 0, 224.21, 100, 1410, 1215
2026/02/23 16:15:52.708, 1, 54.75, 0, 210, 1215
2026/02/23 16:15:52.708, 2, 57.34, 0, 210, 1215
2026/02/23 16:15:52.708, 3, 55.41, 0, 210, 1215
2026/02/23 16:15:52.758, 0, 224.21, 100, 1410, 1215
2026/02/23 16:15:52.758, 1, 54.75, 0, 210, 1215
2026/02/23 16:15:52.759, 2, 57.06, 0, 210, 1215
2026/02/23 16:15:52.759, 3, 55.41, 0, 210, 1215
2026/02/23 16:15:52.809, 0, 224.21, 100, 1410, 1215
2026/02/23 16:15:52.809, 1, 54.75, 0, 210, 1215
2026/02/23 16:15:52.809, 2, 57.06, 0, 210, 1215
2026/02/23 16:15:52.809, 3, 55.41, 0, 210, 1215
2026/02/23 16:15:52.859, 0, 224.21, 100, 1410, 1215
2026/02/23 16:15:52.859, 1, 54.75, 0, 210, 1215
2026/02/23 16:15:52.859, 2, 57.34, 0, 210, 1215
2026/02/23 16:15:52.860, 3, 55.41, 0, 210, 1215
2026/02/23 16:15:52.910, 0, 224.21, 100, 1410, 1215
2026/02/23 16:15:52.910, 1, 54.75, 0, 210, 1215
2026/02/23 16:15:52.910, 2, 57.34, 0, 210, 1215
2026/02/23 16:15:52.910, 3, 55.47, 0, 210, 1215
2026/02/23 16:15:52.960, 0, 225.15, 100, 1410, 1215
2026/02/23 16:15:52.960, 1, 54.75, 0, 210, 1215
2026/02/23 16:15:52.960, 2, 57.34, 0, 210, 1215
2026/02/23 16:15:52.960, 3, 55.47, 0, 210, 1215
2026/02/23 16:15:53.011, 0, 225.15, 100, 1410, 1215
2026/02/23 16:15:53.011, 1, 54.75, 0, 210, 1215
2026/02/23 16:15:53.011, 2, 57.34, 0, 210, 1215
2026/02/23 16:15:53.011, 3, 55.41, 0, 210, 1215
2026/02/23 16:15:53.061, 0, 224.21, 100, 1410, 1215
2026/02/23 16:15:53.061, 1, 55.03, 0, 210, 1215
2026/02/23 16:15:53.061, 2, 57.34, 0, 210, 1215
2026/02/23 16:15:53.061, 3, 55.41, 0, 210, 1215
2026/02/23 16:15:53.111, 0, 224.21, 100, 1410, 1215
2026/02/23 16:15:53.112, 1, 55.03, 0, 210, 1215
2026/02/23 16:15:53.112, 2, 57.34, 0, 210, 1215
2026/02/23 16:15:53.112, 3, 55.41, 0, 210, 1215
2026/02/23 16:15:53.162, 0, 224.92, 100, 1410, 1215
2026/02/23 16:15:53.162, 1, 54.75, 0, 210, 1215
2026/02/23 16:15:53.162, 2, 57.28, 0, 210, 1215
2026/02/23 16:15:53.162, 3, 55.41, 0, 210, 1215
2026/02/23 16:15:53.212, 0, 224.92, 100, 1410, 1215
2026/02/23 16:15:53.212, 1, 54.75, 0, 210, 1215
2026/02/23 16:15:53.213, 2, 57.28, 0, 210, 1215
2026/02/23 16:15:53.213, 3, 55.41, 0, 210, 1215
2026/02/23 16:15:53.263, 0, 224.82, 100, 1410, 1215
2026/02/23 16:15:53.263, 1, 55.03, 0, 210, 1215
2026/02/23 16:15:53.263, 2, 57.34, 0, 210, 1215
2026/02/23 16:15:53.263, 3, 55.41, 0, 210, 1215
2026/02/23 16:15:53.313, 0, 224.82, 100, 1410, 1215
2026/02/23 16:15:53.313, 1, 55.03, 0, 210, 1215
2026/02/23 16:15:53.313, 2, 57.34, 0, 210, 1215
2026/02/23 16:15:53.314, 3, 55.41, 0, 210, 1215
2026/02/23 16:15:53.364, 0, 224.59, 100, 1410, 1215
2026/02/23 16:15:53.364, 1, 54.75, 0, 210, 1215
2026/02/23 16:15:53.364, 2, 57.34, 0, 210, 1215
2026/02/23 16:15:53.364, 3, 55.41, 0, 210, 1215
2026/02/23 16:15:53.414, 0, 224.59, 100, 1410, 1215
2026/02/23 16:15:53.414, 1, 54.75, 0, 210, 1215
2026/02/23 16:15:53.414, 2, 57.34, 0, 210, 1215
2026/02/23 16:15:53.414, 3, 55.41, 0, 210, 1215
2026/02/23 16:15:53.465, 0, 224.92, 100, 1410, 1215
2026/02/23 16:15:53.465, 1, 55.03, 0, 210, 1215
2026/02/23 16:15:53.465, 2, 57.06, 0, 210, 1215
2026/02/23 16:15:53.465, 3, 55.41, 0, 210, 1215
2026/02/23 16:15:53.515, 0, 224.92, 100, 1410, 1215
2026/02/23 16:15:53.515, 1, 55.03, 0, 210, 1215
2026/02/23 16:15:53.515, 2, 57.06, 0, 210, 1215
2026/02/23 16:15:53.515, 3, 55.41, 0, 210, 1215
2026/02/23 16:15:53.566, 0, 224.82, 100, 1410, 1215
2026/02/23 16:15:53.566, 1, 54.75, 0, 210, 1215
2026/02/23 16:15:53.566, 2, 57.34, 0, 210, 1215
2026/02/23 16:15:53.566, 3, 55.41, 0, 210, 1215
2026/02/23 16:15:53.616, 0, 224.82, 100, 1410, 1215
2026/02/23 16:15:53.616, 1, 54.75, 0, 210, 1215
2026/02/23 16:15:53.616, 2, 57.34, 0, 210, 1215
2026/02/23 16:15:53.616, 3, 55.41, 0, 210, 1215
2026/02/23 16:15:53.666, 0, 225.15, 100, 1410, 1215
2026/02/23 16:15:53.666, 1, 54.75, 0, 210, 1215
2026/02/23 16:15:53.667, 2, 57.06, 0, 210, 1215
2026/02/23 16:15:53.667, 3, 55.41, 0, 210, 1215
2026/02/23 16:15:53.717, 0, 225.15, 100, 1410, 1215
2026/02/23 16:15:53.717, 1, 54.75, 0, 210, 1215
2026/02/23 16:15:53.717, 2, 57.06, 0, 210, 1215
2026/02/23 16:15:53.717, 3, 55.41, 0, 210, 1215
2026/02/23 16:15:53.767, 0, 224.82, 100, 1410, 1215
2026/02/23 16:15:53.767, 1, 55.03, 0, 210, 1215
2026/02/23 16:15:53.767, 2, 57.06, 0, 210, 1215
2026/02/23 16:15:53.768, 3, 55.47, 0, 210, 1215
2026/02/23 16:15:53.818, 0, 224.82, 100, 1410, 1215
2026/02/23 16:15:53.818, 1, 55.03, 0, 210, 1215
2026/02/23 16:15:53.818, 2, 57.06, 0, 210, 1215
2026/02/23 16:15:53.818, 3, 55.47, 0, 210, 1215
2026/02/23 16:15:53.868, 0, 224.82, 100, 1410, 1215
2026/02/23 16:15:53.868, 1, 55.03, 0, 210, 1215
2026/02/23 16:15:53.868, 2, 57.06, 0, 210, 1215
2026/02/23 16:15:53.868, 3, 55.41, 0, 210, 1215
2026/02/23 16:15:53.919, 0, 224.55, 100, 1410, 1215
2026/02/23 16:15:53.919, 1, 55.03, 0, 210, 1215
2026/02/23 16:15:53.919, 2, 57.06, 0, 210, 1215
2026/02/23 16:15:53.919, 3, 55.41, 0, 210, 1215
2026/02/23 16:15:53.969, 0, 224.55, 100, 1410, 1215
2026/02/23 16:15:53.969, 1, 55.03, 0, 210, 1215
2026/02/23 16:15:53.969, 2, 57.06, 0, 210, 1215
2026/02/23 16:15:53.969, 3, 55.47, 0, 210, 1215
2026/02/23 16:15:54.020, 0, 224.55, 100, 1410, 1215
2026/02/23 16:15:54.020, 1, 55.03, 0, 210, 1215
2026/02/23 16:15:54.020, 2, 57.06, 0, 210, 1215
2026/02/23 16:15:54.020, 3, 55.47, 0, 210, 1215
2026/02/23 16:15:54.070, 0, 224.55, 100, 1410, 1215
2026/02/23 16:15:54.070, 1, 55.03, 0, 210, 1215
2026/02/23 16:15:54.070, 2, 57.06, 0, 210, 1215
2026/02/23 16:15:54.070, 3, 55.41, 0, 210, 1215
2026/02/23 16:15:54.120, 0, 224.82, 100, 1410, 1215
2026/02/23 16:15:54.121, 1, 55.03, 0, 210, 1215
2026/02/23 16:15:54.121, 2, 57.06, 0, 210, 1215
2026/02/23 16:15:54.121, 3, 55.41, 0, 210, 1215
2026/02/23 16:15:54.171, 0, 224.82, 100, 1410, 1215
2026/02/23 16:15:54.171, 1, 55.03, 0, 210, 1215
2026/02/23 16:15:54.171, 2, 57.06, 0, 210, 1215
2026/02/23 16:15:54.171, 3, 55.47, 0, 210, 1215
2026/02/23 16:15:54.221, 0, 224.55, 100, 1410, 1215
2026/02/23 16:15:54.221, 1, 55.03, 0, 210, 1215
2026/02/23 16:15:54.221, 2, 57.06, 0, 210, 1215
2026/02/23 16:15:54.222, 3, 55.47, 0, 210, 1215
2026/02/23 16:15:54.272, 0, 224.55, 100, 1410, 1215
2026/02/23 16:15:54.272, 1, 55.03, 0, 210, 1215
2026/02/23 16:15:54.272, 2, 57.06, 0, 210, 1215
2026/02/23 16:15:54.272, 3, 55.41, 0, 210, 1215
2026/02/23 16:15:54.322, 0, 224.55, 100, 1410, 1215
2026/02/23 16:15:54.322, 1, 55.03, 0, 210, 1215
2026/02/23 16:15:54.322, 2, 57.06, 0, 210, 1215
2026/02/23 16:15:54.322, 3, 55.41, 0, 210, 1215
2026/02/23 16:15:54.373, 0, 224.55, 100, 1410, 1215
2026/02/23 16:15:54.373, 1, 55.03, 0, 210, 1215
2026/02/23 16:15:54.373, 2, 57.06, 0, 210, 1215
2026/02/23 16:15:54.373, 3, 55.41, 0, 210, 1215
2026/02/23 16:15:54.423, 0, 224.55, 100, 1410, 1215
2026/02/23 16:15:54.423, 1, 55.03, 0, 210, 1215
2026/02/23 16:15:54.423, 2, 57.06, 0, 210, 1215
2026/02/23 16:15:54.423, 3, 55.41, 0, 210, 1215
2026/02/23 16:15:54.474, 0, 224.55, 100, 1410, 1215
2026/02/23 16:15:54.474, 1, 54.75, 0, 210, 1215
2026/02/23 16:15:54.474, 2, 57.06, 0, 210, 1215
2026/02/23 16:15:54.474, 3, 55.41, 0, 210, 1215
2026/02/23 16:15:54.524, 0, 224.32, 100, 1410, 1215
2026/02/23 16:15:54.524, 1, 54.75, 0, 210, 1215
2026/02/23 16:15:54.524, 2, 57.06, 0, 210, 1215
2026/02/23 16:15:54.524, 3, 55.41, 0, 210, 1215
2026/02/23 16:15:54.574, 0, 224.32, 100, 1410, 1215
2026/02/23 16:15:54.574, 1, 55.03, 0, 210, 1215
2026/02/23 16:15:54.574, 2, 57.34, 0, 210, 1215
2026/02/23 16:15:54.575, 3, 55.41, 0, 210, 1215
2026/02/23 16:15:54.625, 0, 224.59, 100, 1410, 1215
2026/02/23 16:15:54.625, 1, 55.03, 0, 210, 1215
2026/02/23 16:15:54.625, 2, 57.34, 0, 210, 1215
2026/02/23 16:15:54.625, 3, 55.41, 0, 210, 1215
2026/02/23 16:15:54.675, 0, 224.59, 100, 1410, 1215
2026/02/23 16:15:54.675, 1, 55.03, 0, 210, 1215
2026/02/23 16:15:54.675, 2, 57.34, 0, 210, 1215
2026/02/23 16:15:54.675, 3, 55.41, 0, 210, 1215
2026/02/23 16:15:54.726, 0, 224.55, 100, 1410, 1215
2026/02/23 16:15:54.726, 1, 55.03, 0, 210, 1215
2026/02/23 16:15:54.726, 2, 57.34, 0, 210, 1215
2026/02/23 16:15:54.726, 3, 55.41, 0, 210, 1215
2026/02/23 16:15:54.776, 0, 224.55, 100, 1410, 1215
2026/02/23 16:15:54.776, 1, 54.75, 0, 210, 1215
2026/02/23 16:15:54.776, 2, 57.06, 0, 210, 1215
2026/02/23 16:15:54.776, 3, 55.41, 0, 210, 1215
2026/02/23 16:15:54.827, 0, 224.21, 100, 1410, 1215
2026/02/23 16:15:54.827, 1, 54.75, 0, 210, 1215
2026/02/23 16:15:54.827, 2, 57.06, 0, 210, 1215
2026/02/23 16:15:54.827, 3, 55.41, 0, 210, 1215
2026/02/23 16:15:54.877, 0, 224.21, 100, 1410, 1215
2026/02/23 16:15:54.877, 1, 54.75, 0, 210, 1215
2026/02/23 16:15:54.877, 2, 57.06, 0, 210, 1215
2026/02/23 16:15:54.877, 3, 55.47, 0, 210, 1215
2026/02/23 16:15:54.927, 0, 224.21, 100, 1410, 1215
2026/02/23 16:15:54.928, 1, 54.75, 0, 210, 1215
2026/02/23 16:15:54.928, 2, 57.06, 0, 210, 1215
2026/02/23 16:15:54.928, 3, 55.47, 0, 210, 1215
2026/02/23 16:15:54.978, 0, 224.21, 100, 1410, 1215
2026/02/23 16:15:54.978, 1, 54.75, 0, 210, 1215
2026/02/23 16:15:54.978, 2, 57.06, 0, 210, 1215
2026/02/23 16:15:54.978, 3, 55.41, 0, 210, 1215
2026/02/23 16:15:55.028, 0, 224.21, 100, 1410, 1215
2026/02/23 16:15:55.028, 1, 54.75, 0, 210, 1215
2026/02/23 16:15:55.029, 2, 57.06, 0, 210, 1215
2026/02/23 16:15:55.029, 3, 55.41, 0, 210, 1215
2026/02/23 16:15:55.079, 0, 224.21, 100, 1410, 1215
2026/02/23 16:15:55.079, 1, 54.81, 0, 210, 1215
2026/02/23 16:15:55.079, 2, 57.06, 0, 210, 1215
2026/02/23 16:15:55.079, 3, 55.41, 0, 210, 1215
2026/02/23 16:15:55.129, 0, 224.55, 100, 1410, 1215
2026/02/23 16:15:55.129, 1, 54.81, 0, 210, 1215
2026/02/23 16:15:55.129, 2, 57.06, 0, 210, 1215
2026/02/23 16:15:55.130, 3, 55.41, 0, 210, 1215
2026/02/23 16:15:55.180, 0, 224.55, 100, 1410, 1215
2026/02/23 16:15:55.180, 1, 54.75, 0, 210, 1215
2026/02/23 16:15:55.180, 2, 57.34, 0, 210, 1215
2026/02/23 16:15:55.180, 3, 55.41, 0, 210, 1215
2026/02/23 16:15:55.230, 0, 224.32, 100, 1410, 1215
2026/02/23 16:15:55.230, 1, 54.75, 0, 210, 1215
2026/02/23 16:15:55.230, 2, 57.34, 0, 210, 1215
2026/02/23 16:15:55.230, 3, 55.41, 0, 210, 1215
2026/02/23 16:15:55.281, 0, 224.32, 100, 1410, 1215
2026/02/23 16:15:55.281, 1, 54.75, 0, 210, 1215
2026/02/23 16:15:55.281, 2, 57.06, 0, 210, 1215
2026/02/23 16:15:55.281, 3, 55.41, 0, 210, 1215
2026/02/23 16:15:55.331, 0, 224.21, 100, 1410, 1215
2026/02/23 16:15:55.331, 1, 54.75, 0, 210, 1215
2026/02/23 16:15:55.331, 2, 57.06, 0, 210, 1215
2026/02/23 16:15:55.331, 3, 55.41, 0, 210, 1215
2026/02/23 16:15:55.381, 0, 224.21, 100, 1410, 1215
2026/02/23 16:15:55.382, 1, 54.75, 0, 210, 1215
2026/02/23 16:15:55.382, 2, 57.06, 0, 210, 1215
2026/02/23 16:15:55.382, 3, 55.41, 0, 210, 1215
2026/02/23 16:15:55.432, 0, 224.21, 100, 1410, 1215
2026/02/23 16:15:55.432, 1, 54.75, 0, 210, 1215
2026/02/23 16:15:55.432, 2, 57.06, 0, 210, 1215
2026/02/23 16:15:55.432, 3, 55.41, 0, 210, 1215
2026/02/23 16:15:55.482, 0, 224.21, 100, 1410, 1215
2026/02/23 16:15:55.482, 1, 55.03, 0, 210, 1215
2026/02/23 16:15:55.483, 2, 57.06, 0, 210, 1215
2026/02/23 16:15:55.483, 3, 55.41, 0, 210, 1215
2026/02/23 16:15:55.533, 0, 224.21, 100, 1410, 1215
2026/02/23 16:15:55.533, 1, 55.03, 0, 210, 1215
2026/02/23 16:15:55.533, 2, 57.06, 0, 210, 1215
2026/02/23 16:15:55.533, 3, 55.41, 0, 210, 1215
2026/02/23 16:15:55.583, 0, 224.21, 100, 1410, 1215
2026/02/23 16:15:55.583, 1, 54.75, 0, 210, 1215
2026/02/23 16:15:55.583, 2, 57.06, 0, 210, 1215
2026/02/23 16:15:55.584, 3, 55.47, 0, 210, 1215
2026/02/23 16:15:55.634, 0, 223.94, 100, 1410, 1215
2026/02/23 16:15:55.634, 1, 54.75, 0, 210, 1215
2026/02/23 16:15:55.634, 2, 57.06, 0, 210, 1215
2026/02/23 16:15:55.634, 3, 55.47, 0, 210, 1215
2026/02/23 16:15:55.684, 0, 223.94, 100, 1410, 1215
2026/02/23 16:15:55.684, 1, 55.03, 0, 210, 1215
2026/02/23 16:15:55.684, 2, 57.06, 0, 210, 1215
2026/02/23 16:15:55.684, 3, 55.41, 0, 210, 1215
2026/02/23 16:15:55.735, 0, 223.94, 100, 1410, 1215
2026/02/23 16:15:55.735, 1, 55.03, 0, 210, 1215
2026/02/23 16:15:55.735, 2, 57.06, 0, 210, 1215
2026/02/23 16:15:55.735, 3, 55.41, 0, 210, 1215
2026/02/23 16:15:55.785, 0, 223.94, 100, 1410, 1215
2026/02/23 16:15:55.785, 1, 54.75, 0, 210, 1215
2026/02/23 16:15:55.785, 2, 57.06, 0, 210, 1215
2026/02/23 16:15:55.785, 3, 55.41, 0, 210, 1215
2026/02/23 16:15:55.835, 0, 223.99, 100, 1410, 1215
2026/02/23 16:15:55.836, 1, 54.75, 0, 210, 1215
2026/02/23 16:15:55.836, 2, 57.06, 0, 210, 1215
2026/02/23 16:15:55.836, 3, 55.41, 0, 210, 1215
2026/02/23 16:15:55.886, 0, 223.99, 100, 1410, 1215
2026/02/23 16:15:55.886, 1, 54.75, 0, 210, 1215
2026/02/23 16:15:55.886, 2, 57.06, 0, 210, 1215
2026/02/23 16:15:55.886, 3, 55.41, 0, 210, 1215
2026/02/23 16:15:55.936, 0, 223.99, 100, 1410, 1215
2026/02/23 16:15:55.936, 1, 54.75, 0, 210, 1215
2026/02/23 16:15:55.937, 2, 57.06, 0, 210, 1215
2026/02/23 16:15:55.937, 3, 55.41, 0, 210, 1215
2026/02/23 16:15:55.987, 0, 223.99, 100, 1410, 1215
2026/02/23 16:15:55.987, 1, 54.75, 0, 210, 1215
2026/02/23 16:15:55.987, 2, 57.06, 0, 210, 1215
2026/02/23 16:15:55.987, 3, 55.41, 0, 210, 1215
2026/02/23 16:15:56.037, 0, 223.99, 100, 1410, 1215
2026/02/23 16:15:56.037, 1, 54.75, 0, 210, 1215
2026/02/23 16:15:56.037, 2, 57.06, 0, 210, 1215
2026/02/23 16:15:56.038, 3, 55.41, 0, 210, 1215
2026/02/23 16:15:56.088, 0, 223.99, 100, 1410, 1215
2026/02/23 16:15:56.088, 1, 55.03, 0, 210, 1215
2026/02/23 16:15:56.088, 2, 57.06, 0, 210, 1215
2026/02/23 16:15:56.088, 3, 55.41, 0, 210, 1215
2026/02/23 16:15:56.138, 0, 223.99, 100, 1410, 1215
2026/02/23 16:15:56.138, 1, 55.03, 0, 210, 1215
2026/02/23 16:15:56.138, 2, 57.06, 0, 210, 1215
2026/02/23 16:15:56.138, 3, 55.41, 0, 210, 1215
2026/02/23 16:15:56.189, 0, 223.99, 100, 1410, 1215
2026/02/23 16:15:56.189, 1, 54.75, 0, 210, 1215
2026/02/23 16:15:56.189, 2, 57.06, 0, 210, 1215
2026/02/23 16:15:56.189, 3, 55.41, 0, 210, 1215
2026/02/23 16:15:56.239, 0, 224.21, 100, 1410, 1215
2026/02/23 16:15:56.239, 1, 54.75, 0, 210, 1215
2026/02/23 16:15:56.239, 2, 57.06, 0, 210, 1215
2026/02/23 16:15:56.239, 3, 55.41, 0, 210, 1215
2026/02/23 16:15:56.290, 0, 224.21, 100, 1410, 1215
2026/02/23 16:15:56.290, 1, 55.03, 0, 210, 1215
2026/02/23 16:15:56.290, 2, 57.06, 0, 210, 1215
2026/02/23 16:15:56.290, 3, 55.41, 0, 210, 1215
2026/02/23 16:15:56.340, 0, 223.99, 100, 1410, 1215
2026/02/23 16:15:56.340, 1, 55.03, 0, 210, 1215
2026/02/23 16:15:56.340, 2, 57.06, 0, 210, 1215
2026/02/23 16:15:56.340, 3, 55.41, 0, 210, 1215
2026/02/23 16:15:56.390, 0, 223.99, 100, 1410, 1215
2026/02/23 16:15:56.391, 1, 54.75, 0, 210, 1215
2026/02/23 16:15:56.391, 2, 57.34, 0, 210, 1215
2026/02/23 16:15:56.391, 3, 55.41, 0, 210, 1215
2026/02/23 16:15:56.441, 0, 224.21, 100, 1410, 1215
2026/02/23 16:15:56.441, 1, 54.75, 0, 210, 1215
2026/02/23 16:15:56.441, 2, 57.34, 0, 210, 1215
2026/02/23 16:15:56.441, 3, 55.41, 0, 210, 1215
2026/02/23 16:15:56.491, 0, 224.21, 100, 1410, 1215
2026/02/23 16:15:56.491, 1, 54.75, 0, 210, 1215
2026/02/23 16:15:56.491, 2, 57.34, 0, 210, 1215
2026/02/23 16:15:56.492, 3, 55.41, 0, 210, 1215
2026/02/23 16:15:56.542, 0, 224.21, 100, 1410, 1215
2026/02/23 16:15:56.542, 1, 54.75, 0, 210, 1215
2026/02/23 16:15:56.542, 2, 57.34, 0, 210, 1215
2026/02/23 16:15:56.542, 3, 55.41, 0, 210, 1215
2026/02/23 16:15:56.592, 0, 224.21, 100, 1410, 1215
2026/02/23 16:15:56.592, 1, 54.75, 0, 210, 1215
2026/02/23 16:15:56.592, 2, 57.06, 0, 210, 1215
2026/02/23 16:15:56.592, 3, 55.41, 0, 210, 1215
2026/02/23 16:15:56.643, 0, 224.55, 100, 1410, 1215
2026/02/23 16:15:56.643, 1, 54.75, 0, 210, 1215
2026/02/23 16:15:56.643, 2, 57.06, 0, 210, 1215
2026/02/23 16:15:56.643, 3, 55.41, 0, 210, 1215
2026/02/23 16:15:56.693, 0, 224.55, 100, 1410, 1215
2026/02/23 16:15:56.693, 1, 55.03, 0, 210, 1215
2026/02/23 16:15:56.693, 2, 57.06, 0, 210, 1215
2026/02/23 16:15:56.693, 3, 55.41, 0, 210, 1215
2026/02/23 16:15:56.744, 0, 224.55, 100, 1410, 1215
2026/02/23 16:15:56.744, 1, 55.03, 0, 210, 1215
2026/02/23 16:15:56.744, 2, 57.06, 0, 210, 1215
2026/02/23 16:15:56.744, 3, 55.41, 0, 210, 1215
2026/02/23 16:15:56.794, 0, 224.55, 100, 1410, 1215
2026/02/23 16:15:56.794, 1, 54.75, 0, 210, 1215
2026/02/23 16:15:56.794, 2, 57.06, 0, 210, 1215
2026/02/23 16:15:56.794, 3, 55.47, 0, 210, 1215
2026/02/23 16:15:56.844, 0, 224.82, 100, 1410, 1215
2026/02/23 16:15:56.845, 1, 55.03, 0, 210, 1215
2026/02/23 16:15:56.845, 2, 57.06, 0, 210, 1215
2026/02/23 16:15:56.845, 3, 55.47, 0, 210, 1215
2026/02/23 16:15:56.895, 0, 224.82, 100, 1410, 1215
2026/02/23 16:15:56.895, 1, 55.03, 0, 210, 1215
2026/02/23 16:15:56.895, 2, 57.06, 0, 210, 1215
2026/02/23 16:15:56.895, 3, 55.41, 0, 210, 1215
2026/02/23 16:15:56.945, 0, 225.15, 100, 1410, 1215
2026/02/23 16:15:56.945, 1, 54.75, 0, 210, 1215
2026/02/23 16:15:56.946, 2, 57.06, 0, 210, 1215
2026/02/23 16:15:56.946, 3, 55.41, 0, 210, 1215
2026/02/23 16:15:56.996, 0, 225.15, 100, 1410, 1215
2026/02/23 16:15:56.996, 1, 54.75, 0, 210, 1215
2026/02/23 16:15:56.996, 2, 57.06, 0, 210, 1215
2026/02/23 16:15:56.996, 3, 55.41, 0, 210, 1215
2026/02/23 16:15:57.046, 0, 225.15, 100, 1410, 1215
2026/02/23 16:15:57.046, 1, 54.75, 0, 210, 1215
2026/02/23 16:15:57.046, 2, 57.06, 0, 210, 1215
2026/02/23 16:15:57.047, 3, 55.41, 0, 210, 1215
2026/02/23 16:15:57.097, 0, 225.15, 100, 1410, 1215
2026/02/23 16:15:57.097, 1, 54.75, 0, 210, 1215
2026/02/23 16:15:57.097, 2, 57.06, 0, 210, 1215
2026/02/23 16:15:57.097, 3, 55.41, 0, 210, 1215
2026/02/23 16:15:57.147, 0, 225.15, 100, 1410, 1215
2026/02/23 16:15:57.147, 1, 54.75, 0, 210, 1215
2026/02/23 16:15:57.147, 2, 57.06, 0, 210, 1215
2026/02/23 16:15:57.147, 3, 55.41, 0, 210, 1215
2026/02/23 16:15:57.198, 0, 225.15, 100, 1410, 1215
2026/02/23 16:15:57.198, 1, 54.75, 0, 210, 1215
2026/02/23 16:15:57.198, 2, 57.06, 0, 210, 1215
2026/02/23 16:15:57.198, 3, 55.41, 0, 210, 1215
2026/02/23 16:15:57.248, 0, 225.15, 100, 1410, 1215
2026/02/23 16:15:57.248, 1, 55.03, 0, 210, 1215
2026/02/23 16:15:57.248, 2, 57.06, 0, 210, 1215
2026/02/23 16:15:57.248, 3, 55.41, 0, 210, 1215
2026/02/23 16:15:57.298, 0, 225.15, 100, 1410, 1215
2026/02/23 16:15:57.299, 1, 55.03, 0, 210, 1215
2026/02/23 16:15:57.299, 2, 57.06, 0, 210, 1215
2026/02/23 16:15:57.299, 3, 55.47, 0, 210, 1215
2026/02/23 16:15:57.349, 0, 225.15, 100, 1410, 1215
2026/02/23 16:15:57.349, 1, 54.75, 0, 210, 1215
2026/02/23 16:15:57.349, 2, 57.06, 0, 210, 1215
2026/02/23 16:15:57.349, 3, 55.47, 0, 210, 1215
2026/02/23 16:15:57.399, 0, 225.15, 100, 1410, 1215
2026/02/23 16:15:57.399, 1, 54.75, 0, 210, 1215
2026/02/23 16:15:57.400, 2, 57.06, 0, 210, 1215
2026/02/23 16:15:57.400, 3, 55.41, 0, 210, 1215
2026/02/23 16:15:57.450, 0, 225.15, 100, 1410, 1215
2026/02/23 16:15:57.450, 1, 54.75, 0, 210, 1215
2026/02/23 16:15:57.450, 2, 57.06, 0, 210, 1215
2026/02/23 16:15:57.450, 3, 55.41, 0, 210, 1215
2026/02/23 16:15:57.500, 0, 225.15, 100, 1410, 1215
2026/02/23 16:15:57.500, 1, 54.75, 0, 210, 1215
2026/02/23 16:15:57.500, 2, 57.06, 0, 210, 1215
2026/02/23 16:15:57.501, 3, 55.41, 0, 210, 1215
2026/02/23 16:15:57.551, 0, 225.15, 100, 1410, 1215
2026/02/23 16:15:57.551, 1, 55.03, 0, 210, 1215
2026/02/23 16:15:57.551, 2, 57.06, 0, 210, 1215
2026/02/23 16:15:57.551, 3, 55.41, 0, 210, 1215
2026/02/23 16:15:57.601, 0, 225.15, 100, 1410, 1215
2026/02/23 16:15:57.601, 1, 55.03, 0, 210, 1215
2026/02/23 16:15:57.601, 2, 57.06, 0, 210, 1215
2026/02/23 16:15:57.601, 3, 55.41, 0, 210, 1215
2026/02/23 16:15:57.652, 0, 224.59, 100, 1410, 1215
2026/02/23 16:15:57.652, 1, 54.75, 0, 210, 1215
2026/02/23 16:15:57.652, 2, 57.06, 0, 210, 1215
2026/02/23 16:15:57.652, 3, 55.41, 0, 210, 1215
2026/02/23 16:15:57.702, 0, 224.59, 100, 1410, 1215
2026/02/23 16:15:57.702, 1, 54.75, 0, 210, 1215
2026/02/23 16:15:57.702, 2, 57.06, 0, 210, 1215
2026/02/23 16:15:57.702, 3, 55.41, 0, 210, 1215
2026/02/23 16:15:57.753, 0, 224.82, 100, 1410, 1215
2026/02/23 16:15:57.753, 1, 54.75, 0, 210, 1215
2026/02/23 16:15:57.753, 2, 57.06, 0, 210, 1215
2026/02/23 16:15:57.753, 3, 55.41, 0, 210, 1215
2026/02/23 16:15:57.803, 0, 224.82, 100, 1410, 1215
2026/02/23 16:15:57.803, 1, 54.75, 0, 210, 1215
2026/02/23 16:15:57.803, 2, 57.34, 0, 210, 1215
2026/02/23 16:15:57.803, 3, 55.41, 0, 210, 1215
2026/02/23 16:15:57.853, 0, 225.15, 100, 1410, 1215
2026/02/23 16:15:57.853, 1, 54.75, 0, 210, 1215
2026/02/23 16:15:57.854, 2, 57.34, 0, 210, 1215
2026/02/23 16:15:57.854, 3, 55.41, 0, 210, 1215
2026/02/23 16:15:57.904, 0, 225.15, 100, 1410, 1215
2026/02/23 16:15:57.904, 1, 54.75, 0, 210, 1215
2026/02/23 16:15:57.904, 2, 57.06, 0, 210, 1215
2026/02/23 16:15:57.904, 3, 55.47, 0, 210, 1215
2026/02/23 16:15:57.954, 0, 224.82, 100, 1410, 1215
2026/02/23 16:15:57.954, 1, 55.03, 0, 210, 1215
2026/02/23 16:15:57.954, 2, 57.06, 0, 210, 1215
2026/02/23 16:15:57.955, 3, 55.47, 0, 210, 1215
2026/02/23 16:15:58.005, 0, 224.82, 100, 1410, 1215
2026/02/23 16:15:58.005, 1, 55.03, 0, 210, 1215
2026/02/23 16:15:58.005, 2, 57.06, 0, 210, 1215
2026/02/23 16:15:58.005, 3, 55.41, 0, 210, 1215
2026/02/23 16:15:58.055, 0, 224.82, 100, 1410, 1215
2026/02/23 16:15:58.055, 1, 54.75, 0, 210, 1215
2026/02/23 16:15:58.055, 2, 57.06, 0, 210, 1215
2026/02/23 16:15:58.055, 3, 55.41, 0, 210, 1215
2026/02/23 16:15:58.106, 0, 224.82, 100, 1410, 1215
2026/02/23 16:15:58.106, 1, 54.75, 0, 210, 1215
2026/02/23 16:15:58.106, 2, 57.06, 0, 210, 1215
2026/02/23 16:15:58.106, 3, 55.47, 0, 210, 1215
2026/02/23 16:15:58.156, 0, 224.55, 100, 1410, 1215
2026/02/23 16:15:58.156, 1, 54.75, 0, 210, 1215
2026/02/23 16:15:58.156, 2, 57.06, 0, 210, 1215
2026/02/23 16:15:58.156, 3, 55.47, 0, 210, 1215
2026/02/23 16:15:58.207, 0, 224.55, 100, 1410, 1215
2026/02/23 16:15:58.207, 1, 54.75, 0, 210, 1215
2026/02/23 16:15:58.207, 2, 57.06, 0, 210, 1215
2026/02/23 16:15:58.207, 3, 55.41, 0, 210, 1215
2026/02/23 16:15:58.257, 0, 224.82, 100, 1410, 1215
2026/02/23 16:15:58.257, 1, 54.75, 0, 210, 1215
2026/02/23 16:15:58.257, 2, 57.06, 0, 210, 1215
2026/02/23 16:15:58.257, 3, 55.41, 0, 210, 1215
2026/02/23 16:15:58.307, 0, 224.82, 100, 1410, 1215
2026/02/23 16:15:58.308, 1, 54.75, 0, 210, 1215
2026/02/23 16:15:58.308, 2, 57.06, 0, 210, 1215
2026/02/23 16:15:58.308, 3, 55.41, 0, 210, 1215
2026/02/23 16:15:58.358, 0, 224.82, 100, 1410, 1215
2026/02/23 16:15:58.358, 1, 54.75, 0, 210, 1215
2026/02/23 16:15:58.358, 2, 57.06, 0, 210, 1215
2026/02/23 16:15:58.358, 3, 55.41, 0, 210, 1215
2026/02/23 16:15:58.408, 0, 224.82, 100, 1410, 1215
2026/02/23 16:15:58.408, 1, 54.75, 0, 210, 1215
2026/02/23 16:15:58.409, 2, 57.06, 0, 210, 1215
2026/02/23 16:15:58.409, 3, 55.41, 0, 210, 1215
2026/02/23 16:15:58.459, 0, 224.55, 100, 1410, 1215
2026/02/23 16:15:58.459, 1, 54.75, 0, 210, 1215
2026/02/23 16:15:58.459, 2, 57.06, 0, 210, 1215
2026/02/23 16:15:58.459, 3, 55.41, 0, 210, 1215
2026/02/23 16:15:58.509, 0, 224.55, 100, 1410, 1215
2026/02/23 16:15:58.509, 1, 54.75, 0, 210, 1215
2026/02/23 16:15:58.509, 2, 57.06, 0, 210, 1215
2026/02/23 16:15:58.509, 3, 55.41, 0, 210, 1215
2026/02/23 16:15:58.560, 0, 224.32, 100, 1410, 1215
2026/02/23 16:15:58.560, 1, 54.75, 0, 210, 1215
2026/02/23 16:15:58.560, 2, 57.34, 0, 210, 1215
2026/02/23 16:15:58.560, 3, 55.41, 0, 210, 1215
2026/02/23 16:15:58.610, 0, 224.32, 100, 1410, 1215
2026/02/23 16:15:58.610, 1, 54.75, 0, 210, 1215
2026/02/23 16:15:58.610, 2, 57.34, 0, 210, 1215
2026/02/23 16:15:58.610, 3, 55.41, 0, 210, 1215
2026/02/23 16:15:58.661, 0, 224.55, 100, 1410, 1215
2026/02/23 16:15:58.661, 1, 54.75, 0, 210, 1215
2026/02/23 16:15:58.661, 2, 57.06, 0, 210, 1215
2026/02/23 16:15:58.661, 3, 55.41, 0, 210, 1215
2026/02/23 16:15:58.711, 0, 224.55, 100, 1410, 1215
2026/02/23 16:15:58.711, 1, 54.75, 0, 210, 1215
2026/02/23 16:15:58.711, 2, 57.06, 0, 210, 1215
2026/02/23 16:15:58.711, 3, 55.41, 0, 210, 1215
2026/02/23 16:15:58.761, 0, 224.55, 100, 1410, 1215
2026/02/23 16:15:58.762, 1, 54.75, 0, 210, 1215
2026/02/23 16:15:58.762, 2, 57.34, 0, 210, 1215
2026/02/23 16:15:58.762, 3, 55.41, 0, 210, 1215
2026/02/23 16:15:58.812, 0, 224.55, 100, 1410, 1215
2026/02/23 16:15:58.812, 1, 54.75, 0, 210, 1215
2026/02/23 16:15:58.812, 2, 57.34, 0, 210, 1215
2026/02/23 16:15:58.812, 3, 55.41, 0, 210, 1215
2026/02/23 16:15:58.862, 0, 224.59, 100, 1410, 1215
2026/02/23 16:15:58.862, 1, 54.75, 0, 210, 1215
2026/02/23 16:15:58.863, 2, 57.06, 0, 210, 1215
2026/02/23 16:15:58.863, 3, 55.41, 0, 210, 1215
2026/02/23 16:15:58.913, 0, 224.59, 100, 1410, 1215
2026/02/23 16:15:58.913, 1, 54.75, 0, 210, 1215
2026/02/23 16:15:58.913, 2, 57.06, 0, 210, 1215
2026/02/23 16:15:58.913, 3, 55.41, 0, 210, 1215
2026/02/23 16:15:58.963, 0, 224.32, 100, 1410, 1215
2026/02/23 16:15:58.963, 1, 54.75, 0, 210, 1215
2026/02/23 16:15:58.963, 2, 57.06, 0, 210, 1215
2026/02/23 16:15:58.964, 3, 55.41, 0, 210, 1215
2026/02/23 16:15:59.014, 0, 224.32, 100, 1410, 1215
2026/02/23 16:15:59.014, 1, 54.75, 0, 210, 1215
2026/02/23 16:15:59.014, 2, 57.06, 0, 210, 1215
2026/02/23 16:15:59.014, 3, 55.41, 0, 210, 1215
2026/02/23 16:15:59.064, 0, 224.32, 100, 1410, 1215
2026/02/23 16:15:59.064, 1, 54.75, 0, 210, 1215
2026/02/23 16:15:59.064, 2, 57.06, 0, 210, 1215
2026/02/23 16:15:59.064, 3, 55.41, 0, 210, 1215
2026/02/23 16:15:59.115, 0, 224.32, 100, 1410, 1215
2026/02/23 16:15:59.115, 1, 54.75, 0, 210, 1215
2026/02/23 16:15:59.115, 2, 57.06, 0, 210, 1215
2026/02/23 16:15:59.115, 3, 55.41, 0, 210, 1215
2026/02/23 16:15:59.165, 0, 224.32, 100, 1410, 1215
2026/02/23 16:15:59.165, 1, 54.75, 0, 210, 1215
2026/02/23 16:15:59.165, 2, 57.34, 0, 210, 1215
2026/02/23 16:15:59.165, 3, 55.41, 0, 210, 1215
2026/02/23 16:15:59.215, 0, 224.32, 100, 1410, 1215
2026/02/23 16:15:59.216, 1, 54.75, 0, 210, 1215
2026/02/23 16:15:59.216, 2, 57.34, 0, 210, 1215
2026/02/23 16:15:59.216, 3, 55.41, 0, 210, 1215
2026/02/23 16:15:59.266, 0, 224.32, 100, 1410, 1215
2026/02/23 16:15:59.266, 1, 54.75, 0, 210, 1215
2026/02/23 16:15:59.266, 2, 57.06, 0, 210, 1215
2026/02/23 16:15:59.266, 3, 55.41, 0, 210, 1215
2026/02/23 16:15:59.316, 0, 224.32, 100, 1410, 1215
2026/02/23 16:15:59.316, 1, 54.75, 0, 210, 1215
2026/02/23 16:15:59.317, 2, 57.06, 0, 210, 1215
2026/02/23 16:15:59.317, 3, 55.41, 0, 210, 1215
2026/02/23 16:15:59.367, 0, 224.55, 100, 1410, 1215
2026/02/23 16:15:59.367, 1, 54.75, 0, 210, 1215
2026/02/23 16:15:59.367, 2, 57.06, 0, 210, 1215
2026/02/23 16:15:59.367, 3, 55.41, 0, 210, 1215
2026/02/23 16:15:59.417, 0, 224.55, 100, 1410, 1215
2026/02/23 16:15:59.417, 1, 54.75, 0, 210, 1215
2026/02/23 16:15:59.417, 2, 57.06, 0, 210, 1215
2026/02/23 16:15:59.418, 3, 55.41, 0, 210, 1215
2026/02/23 16:15:59.468, 0, 224.21, 100, 1410, 1215
2026/02/23 16:15:59.468, 1, 54.75, 0, 210, 1215
2026/02/23 16:15:59.468, 2, 57.06, 0, 210, 1215
2026/02/23 16:15:59.468, 3, 55.41, 0, 210, 1215
2026/02/23 16:15:59.518, 0, 224.55, 100, 1410, 1215
2026/02/23 16:15:59.518, 1, 54.75, 0, 210, 1215
2026/02/23 16:15:59.518, 2, 57.06, 0, 210, 1215
2026/02/23 16:15:59.518, 3, 55.41, 0, 210, 1215
2026/02/23 16:15:59.569, 0, 224.55, 100, 1410, 1215
2026/02/23 16:15:59.569, 1, 54.75, 0, 210, 1215
2026/02/23 16:15:59.569, 2, 57.06, 0, 210, 1215
2026/02/23 16:15:59.569, 3, 55.41, 0, 210, 1215
2026/02/23 16:15:59.619, 0, 224.55, 100, 1410, 1215
2026/02/23 16:15:59.619, 1, 54.75, 0, 210, 1215
2026/02/23 16:15:59.619, 2, 57.06, 0, 210, 1215
2026/02/23 16:15:59.619, 3, 55.41, 0, 210, 1215
2026/02/23 16:15:59.670, 0, 224.55, 100, 1410, 1215
2026/02/23 16:15:59.670, 1, 54.75, 0, 210, 1215
2026/02/23 16:15:59.670, 2, 57.34, 0, 210, 1215
2026/02/23 16:15:59.670, 3, 55.41, 0, 210, 1215
2026/02/23 16:15:59.720, 0, 223.99, 100, 1410, 1215
2026/02/23 16:15:59.720, 1, 54.75, 0, 210, 1215
2026/02/23 16:15:59.720, 2, 57.34, 0, 210, 1215
2026/02/23 16:15:59.720, 3, 55.41, 0, 210, 1215
2026/02/23 16:15:59.770, 0, 223.99, 100, 1410, 1215
2026/02/23 16:15:59.771, 1, 54.75, 0, 210, 1215
2026/02/23 16:15:59.771, 2, 57.06, 0, 210, 1215
2026/02/23 16:15:59.771, 3, 55.47, 0, 210, 1215
2026/02/23 16:15:59.821, 0, 224.21, 100, 1410, 1215
2026/02/23 16:15:59.821, 1, 54.75, 0, 210, 1215
2026/02/23 16:15:59.821, 2, 57.06, 0, 210, 1215
2026/02/23 16:15:59.821, 3, 55.47, 0, 210, 1215
2026/02/23 16:15:59.871, 0, 224.21, 100, 1410, 1215
2026/02/23 16:15:59.871, 1, 54.70, 0, 210, 1215
2026/02/23 16:15:59.872, 2, 57.34, 0, 210, 1215
2026/02/23 16:15:59.872, 3, 55.41, 0, 210, 1215
2026/02/23 16:15:59.922, 0, 224.32, 100, 1410, 1215
2026/02/23 16:15:59.922, 1, 54.70, 0, 210, 1215
2026/02/23 16:15:59.922, 2, 57.34, 0, 210, 1215
2026/02/23 16:15:59.922, 3, 55.41, 0, 210, 1215
2026/02/23 16:15:59.972, 0, 224.32, 100, 1410, 1215
2026/02/23 16:15:59.972, 1, 54.75, 0, 210, 1215
2026/02/23 16:15:59.972, 2, 57.28, 0, 210, 1215
2026/02/23 16:15:59.972, 3, 55.41, 0, 210, 1215
2026/02/23 16:16:00.023, 0, 224.55, 100, 1410, 1215
2026/02/23 16:16:00.023, 1, 54.75, 0, 210, 1215
2026/02/23 16:16:00.023, 2, 57.28, 0, 210, 1215
2026/02/23 16:16:00.023, 3, 55.41, 0, 210, 1215
2026/02/23 16:16:00.073, 0, 224.55, 100, 1410, 1215
2026/02/23 16:16:00.073, 1, 54.75, 0, 210, 1215
2026/02/23 16:16:00.073, 2, 57.34, 0, 210, 1215
2026/02/23 16:16:00.073, 3, 55.41, 0, 210, 1215
2026/02/23 16:16:00.124, 0, 224.21, 100, 1410, 1215
2026/02/23 16:16:00.124, 1, 54.75, 0, 210, 1215
2026/02/23 16:16:00.124, 2, 57.34, 0, 210, 1215
2026/02/23 16:16:00.124, 3, 55.41, 0, 210, 1215
2026/02/23 16:16:00.174, 0, 224.21, 100, 1410, 1215
2026/02/23 16:16:00.174, 1, 54.75, 0, 210, 1215
2026/02/23 16:16:00.174, 2, 57.34, 0, 210, 1215
2026/02/23 16:16:00.174, 3, 55.47, 0, 210, 1215
2026/02/23 16:16:00.224, 0, 224.82, 100, 1410, 1215
2026/02/23 16:16:00.225, 1, 54.75, 0, 210, 1215
2026/02/23 16:16:00.225, 2, 57.34, 0, 210, 1215
2026/02/23 16:16:00.225, 3, 55.47, 0, 210, 1215
2026/02/23 16:16:00.275, 0, 224.82, 100, 1410, 1215
2026/02/23 16:16:00.275, 1, 54.75, 0, 210, 1215
2026/02/23 16:16:00.275, 2, 57.34, 0, 210, 1215
2026/02/23 16:16:00.275, 3, 55.41, 0, 210, 1215
2026/02/23 16:16:00.325, 0, 224.59, 100, 1410, 1215
2026/02/23 16:16:00.325, 1, 54.75, 0, 210, 1215
2026/02/23 16:16:00.326, 2, 57.34, 0, 210, 1215
2026/02/23 16:16:00.326, 3, 55.41, 0, 210, 1215
2026/02/23 16:16:00.376, 0, 224.59, 100, 1410, 1215
2026/02/23 16:16:00.376, 1, 54.75, 0, 210, 1215
2026/02/23 16:16:00.376, 2, 57.06, 0, 210, 1215
2026/02/23 16:16:00.376, 3, 55.41, 0, 210, 1215
2026/02/23 16:16:00.426, 0, 224.55, 100, 1410, 1215
2026/02/23 16:16:00.426, 1, 54.75, 0, 210, 1215
2026/02/23 16:16:00.426, 2, 57.06, 0, 210, 1215
2026/02/23 16:16:00.427, 3, 55.41, 0, 210, 1215
2026/02/23 16:16:00.477, 0, 224.55, 100, 1410, 1215
2026/02/23 16:16:00.477, 1, 54.75, 0, 210, 1215
2026/02/23 16:16:00.477, 2, 57.34, 0, 210, 1215
2026/02/23 16:16:00.477, 3, 55.41, 0, 210, 1215
2026/02/23 16:16:00.527, 0, 224.55, 100, 1410, 1215
2026/02/23 16:16:00.527, 1, 54.75, 0, 210, 1215
2026/02/23 16:16:00.527, 2, 57.34, 0, 210, 1215
2026/02/23 16:16:00.527, 3, 55.41, 0, 210, 1215
2026/02/23 16:16:00.578, 0, 224.55, 100, 1410, 1215
2026/02/23 16:16:00.578, 1, 54.75, 0, 210, 1215
2026/02/23 16:16:00.578, 2, 57.34, 0, 210, 1215
2026/02/23 16:16:00.578, 3, 55.41, 0, 210, 1215
2026/02/23 16:16:00.628, 0, 225.43, 100, 1410, 1215
2026/02/23 16:16:00.628, 1, 54.75, 0, 210, 1215
2026/02/23 16:16:00.628, 2, 57.34, 0, 210, 1215
2026/02/23 16:16:00.628, 3, 55.41, 0, 210, 1215
2026/02/23 16:16:00.678, 0, 225.43, 100, 1410, 1215
2026/02/23 16:16:00.679, 1, 54.75, 0, 210, 1215
2026/02/23 16:16:00.679, 2, 57.34, 0, 210, 1215
2026/02/23 16:16:00.679, 3, 55.41, 0, 210, 1215
2026/02/23 16:16:00.729, 0, 225.15, 100, 1410, 1215
2026/02/23 16:16:00.729, 1, 54.75, 0, 210, 1215
2026/02/23 16:16:00.729, 2, 57.34, 0, 210, 1215
2026/02/23 16:16:00.729, 3, 55.41, 0, 210, 1215
2026/02/23 16:16:00.779, 0, 225.15, 100, 1410, 1215
2026/02/23 16:16:00.779, 1, 54.75, 0, 210, 1215
2026/02/23 16:16:00.780, 2, 57.34, 0, 210, 1215
2026/02/23 16:16:00.780, 3, 55.47, 0, 210, 1215
2026/02/23 16:16:00.830, 0, 225.15, 100, 1410, 1215
2026/02/23 16:16:00.830, 1, 54.75, 0, 210, 1215
2026/02/23 16:16:00.830, 2, 57.34, 0, 210, 1215
2026/02/23 16:16:00.830, 3, 55.47, 0, 210, 1215
2026/02/23 16:16:00.880, 0, 225.15, 100, 1410, 1215
2026/02/23 16:16:00.880, 1, 54.75, 0, 210, 1215
2026/02/23 16:16:00.880, 2, 57.06, 0, 210, 1215
2026/02/23 16:16:00.881, 3, 55.47, 0, 210, 1215
2026/02/23 16:16:00.931, 0, 225.15, 100, 1410, 1215
2026/02/23 16:16:00.931, 1, 54.75, 0, 210, 1215
2026/02/23 16:16:00.931, 2, 57.06, 0, 210, 1215
2026/02/23 16:16:00.931, 3, 55.47, 0, 210, 1215
2026/02/23 16:16:00.981, 0, 225.15, 100, 1410, 1215
2026/02/23 16:16:00.981, 1, 54.75, 0, 210, 1215
2026/02/23 16:16:00.981, 2, 57.06, 0, 210, 1215
2026/02/23 16:16:00.981, 3, 55.41, 0, 210, 1215
2026/02/23 16:16:01.032, 0, 225.15, 100, 1410, 1215
2026/02/23 16:16:01.032, 1, 54.75, 0, 210, 1215
2026/02/23 16:16:01.032, 2, 57.06, 0, 210, 1215
2026/02/23 16:16:01.032, 3, 55.41, 0, 210, 1215
2026/02/23 16:16:01.082, 0, 225.15, 100, 1410, 1215
2026/02/23 16:16:01.082, 1, 54.75, 0, 210, 1215
2026/02/23 16:16:01.082, 2, 57.06, 0, 210, 1215
2026/02/23 16:16:01.082, 3, 55.47, 0, 210, 1215
2026/02/23 16:16:01.133, 0, 224.82, 100, 1410, 1215
2026/02/23 16:16:01.133, 1, 54.75, 0, 210, 1215
2026/02/23 16:16:01.133, 2, 57.06, 0, 210, 1215
2026/02/23 16:16:01.133, 3, 55.47, 0, 210, 1215
2026/02/23 16:16:01.183, 0, 224.82, 100, 1410, 1215
2026/02/23 16:16:01.183, 1, 54.75, 0, 210, 1215
2026/02/23 16:16:01.183, 2, 57.06, 0, 210, 1215
2026/02/23 16:16:01.183, 3, 55.41, 0, 210, 1215
2026/02/23 16:16:01.233, 0, 225.15, 100, 1410, 1215
2026/02/23 16:16:01.234, 1, 54.75, 0, 210, 1215
2026/02/23 16:16:01.234, 2, 57.06, 0, 210, 1215
2026/02/23 16:16:01.234, 3, 55.41, 0, 210, 1215
2026/02/23 16:16:01.284, 0, 225.15, 100, 1410, 1215
2026/02/23 16:16:01.284, 1, 54.75, 0, 210, 1215
2026/02/23 16:16:01.284, 2, 57.34, 0, 210, 1215
2026/02/23 16:16:01.284, 3, 55.41, 0, 210, 1215
2026/02/23 16:16:01.334, 0, 224.92, 100, 1410, 1215
2026/02/23 16:16:01.334, 1, 54.75, 0, 210, 1215
2026/02/23 16:16:01.335, 2, 57.34, 0, 210, 1215
2026/02/23 16:16:01.335, 3, 55.41, 0, 210, 1215
2026/02/23 16:16:01.385, 0, 224.92, 100, 1410, 1215
2026/02/23 16:16:01.385, 1, 54.75, 0, 210, 1215
2026/02/23 16:16:01.385, 2, 57.34, 0, 210, 1215
2026/02/23 16:16:01.385, 3, 55.41, 0, 210, 1215
2026/02/23 16:16:01.435, 0, 224.82, 100, 1410, 1215
2026/02/23 16:16:01.435, 1, 54.75, 0, 210, 1215
2026/02/23 16:16:01.435, 2, 57.34, 0, 210, 1215
2026/02/23 16:16:01.435, 3, 55.41, 0, 210, 1215
2026/02/23 16:16:01.486, 0, 224.82, 100, 1410, 1215
2026/02/23 16:16:01.486, 1, 54.75, 0, 210, 1215
2026/02/23 16:16:01.486, 2, 57.06, 0, 210, 1215
2026/02/23 16:16:01.486, 3, 55.41, 0, 210, 1215
2026/02/23 16:16:01.536, 0, 224.59, 100, 1410, 1215
2026/02/23 16:16:01.536, 1, 54.75, 0, 210, 1215
2026/02/23 16:16:01.536, 2, 57.06, 0, 210, 1215
2026/02/23 16:16:01.536, 3, 55.41, 0, 210, 1215
2026/02/23 16:16:01.587, 0, 224.59, 100, 1410, 1215
2026/02/23 16:16:01.587, 1, 54.75, 0, 210, 1215
2026/02/23 16:16:01.587, 2, 57.34, 0, 210, 1215
2026/02/23 16:16:01.587, 3, 55.41, 0, 210, 1215
2026/02/23 16:16:01.637, 0, 224.82, 100, 1410, 1215
2026/02/23 16:16:01.637, 1, 54.75, 0, 210, 1215
2026/02/23 16:16:01.637, 2, 57.34, 0, 210, 1215
2026/02/23 16:16:01.637, 3, 55.41, 0, 210, 1215
2026/02/23 16:16:01.687, 0, 224.82, 100, 1410, 1215
2026/02/23 16:16:01.688, 1, 54.75, 0, 210, 1215
2026/02/23 16:16:01.688, 2, 57.28, 0, 210, 1215
2026/02/23 16:16:01.688, 3, 55.41, 0, 210, 1215
2026/02/23 16:16:01.738, 0, 224.92, 100, 1410, 1215
2026/02/23 16:16:01.738, 1, 54.75, 0, 210, 1215
2026/02/23 16:16:01.738, 2, 57.28, 0, 210, 1215
2026/02/23 16:16:01.738, 3, 55.41, 0, 210, 1215
2026/02/23 16:16:01.788, 0, 224.92, 100, 1410, 1215
2026/02/23 16:16:01.788, 1, 54.75, 0, 210, 1215
2026/02/23 16:16:01.789, 2, 57.01, 0, 210, 1215
2026/02/23 16:16:01.789, 3, 55.41, 0, 210, 1215
2026/02/23 16:16:01.839, 0, 224.59, 100, 1410, 1215
2026/02/23 16:16:01.840, 1, 54.75, 0, 210, 1215
2026/02/23 16:16:01.840, 2, 57.01, 0, 210, 1215
2026/02/23 16:16:01.840, 3, 55.41, 0, 210, 1215
2026/02/23 16:16:01.890, 0, 224.59, 100, 1410, 1215
2026/02/23 16:16:01.890, 1, 54.75, 0, 210, 1215
2026/02/23 16:16:01.890, 2, 57.06, 0, 210, 1215
2026/02/23 16:16:01.891, 3, 55.41, 0, 210, 1215
2026/02/23 16:16:01.941, 0, 224.59, 100, 1410, 1215
2026/02/23 16:16:01.941, 1, 54.75, 0, 210, 1215
2026/02/23 16:16:01.941, 2, 57.06, 0, 210, 1215
2026/02/23 16:16:01.941, 3, 55.41, 0, 210, 1215
2026/02/23 16:16:01.991, 0, 224.59, 100, 1410, 1215
2026/02/23 16:16:01.991, 1, 55.03, 0, 210, 1215
2026/02/23 16:16:01.991, 2, 57.06, 0, 210, 1215
2026/02/23 16:16:01.991, 3, 55.41, 0, 210, 1215
2026/02/23 16:16:02.042, 0, 224.55, 100, 1410, 1215
2026/02/23 16:16:02.042, 1, 55.03, 0, 210, 1215
2026/02/23 16:16:02.042, 2, 57.06, 0, 210, 1215
2026/02/23 16:16:02.042, 3, 55.41, 0, 210, 1215
2026/02/23 16:16:02.092, 0, 224.55, 100, 1410, 1215
2026/02/23 16:16:02.092, 1, 54.75, 0, 210, 1215
2026/02/23 16:16:02.092, 2, 57.06, 0, 210, 1215
2026/02/23 16:16:02.092, 3, 55.41, 0, 210, 1215
2026/02/23 16:16:02.143, 0, 224.55, 100, 1410, 1215
2026/02/23 16:16:02.143, 1, 54.75, 0, 210, 1215
2026/02/23 16:16:02.143, 2, 57.06, 0, 210, 1215
2026/02/23 16:16:02.143, 3, 55.41, 0, 210, 1215
2026/02/23 16:16:02.193, 0, 224.55, 100, 1410, 1215
2026/02/23 16:16:02.193, 1, 54.75, 0, 210, 1215
2026/02/23 16:16:02.193, 2, 57.34, 0, 210, 1215
2026/02/23 16:16:02.193, 3, 55.41, 0, 210, 1215
2026/02/23 16:16:02.243, 0, 224.82, 100, 1410, 1215
2026/02/23 16:16:02.244, 1, 54.75, 0, 210, 1215
2026/02/23 16:16:02.244, 2, 57.34, 0, 210, 1215
2026/02/23 16:16:02.244, 3, 55.41, 0, 210, 1215
2026/02/23 16:16:02.294, 0, 224.82, 100, 1410, 1215
2026/02/23 16:16:02.294, 1, 54.75, 0, 210, 1215
2026/02/23 16:16:02.294, 2, 57.06, 0, 210, 1215
2026/02/23 16:16:02.294, 3, 55.47, 0, 210, 1215
2026/02/23 16:16:02.344, 0, 224.55, 100, 1410, 1215
2026/02/23 16:16:02.344, 1, 54.75, 0, 210, 1215
2026/02/23 16:16:02.345, 2, 57.06, 0, 210, 1215
2026/02/23 16:16:02.345, 3, 55.47, 0, 210, 1215
2026/02/23 16:16:02.395, 0, 224.55, 100, 1410, 1215
2026/02/23 16:16:02.395, 1, 54.75, 0, 210, 1215
2026/02/23 16:16:02.395, 2, 57.06, 0, 210, 1215
2026/02/23 16:16:02.395, 3, 55.47, 0, 210, 1215
2026/02/23 16:16:02.445, 0, 224.55, 100, 1410, 1215
2026/02/23 16:16:02.445, 1, 54.75, 0, 210, 1215
2026/02/23 16:16:02.445, 2, 57.06, 0, 210, 1215
2026/02/23 16:16:02.445, 3, 55.47, 0, 210, 1215
2026/02/23 16:16:02.496, 0, 224.55, 100, 1410, 1215
2026/02/23 16:16:02.496, 1, 54.75, 0, 210, 1215
2026/02/23 16:16:02.496, 2, 57.34, 0, 210, 1215
2026/02/23 16:16:02.496, 3, 55.41, 0, 210, 1215
2026/02/23 16:16:02.546, 0, 224.21, 100, 1410, 1215
2026/02/23 16:16:02.546, 1, 54.75, 0, 210, 1215
2026/02/23 16:16:02.546, 2, 57.34, 0, 210, 1215
2026/02/23 16:16:02.546, 3, 55.41, 0, 210, 1215
2026/02/23 16:16:02.597, 0, 224.21, 100, 1410, 1215
2026/02/23 16:16:02.597, 1, 54.75, 0, 210, 1215
2026/02/23 16:16:02.597, 2, 57.06, 0, 210, 1215
2026/02/23 16:16:02.597, 3, 55.47, 0, 210, 1215
2026/02/23 16:16:02.647, 0, 224.32, 100, 1410, 1215
2026/02/23 16:16:02.647, 1, 54.75, 0, 210, 1215
2026/02/23 16:16:02.647, 2, 57.06, 0, 210, 1215
2026/02/23 16:16:02.647, 3, 55.47, 0, 210, 1215
2026/02/23 16:16:02.697, 0, 224.32, 100, 1410, 1215
2026/02/23 16:16:02.698, 1, 54.75, 0, 210, 1215
2026/02/23 16:16:02.698, 2, 57.06, 0, 210, 1215
2026/02/23 16:16:02.698, 3, 55.41, 0, 210, 1215
2026/02/23 16:16:02.748, 0, 224.55, 100, 1410, 1215
2026/02/23 16:16:02.748, 1, 54.75, 0, 210, 1215
2026/02/23 16:16:02.748, 2, 57.06, 0, 210, 1215
2026/02/23 16:16:02.748, 3, 55.41, 0, 210, 1215
2026/02/23 16:16:02.798, 0, 224.55, 100, 1410, 1215
2026/02/23 16:16:02.798, 1, 54.75, 0, 210, 1215
2026/02/23 16:16:02.799, 2, 57.06, 0, 210, 1215
2026/02/23 16:16:02.799, 3, 55.41, 0, 210, 1215
2026/02/23 16:16:02.849, 0, 224.55, 100, 1410, 1215
2026/02/23 16:16:02.849, 1, 54.75, 0, 210, 1215
2026/02/23 16:16:02.849, 2, 57.06, 0, 210, 1215
2026/02/23 16:16:02.849, 3, 55.41, 0, 210, 1215
2026/02/23 16:16:02.899, 0, 224.55, 100, 1410, 1215
2026/02/23 16:16:02.899, 1, 54.75, 0, 210, 1215
2026/02/23 16:16:02.899, 2, 57.06, 0, 210, 1215
2026/02/23 16:16:02.900, 3, 55.41, 0, 210, 1215
2026/02/23 16:16:02.950, 0, 224.32, 100, 1410, 1215
2026/02/23 16:16:02.950, 1, 54.75, 0, 210, 1215
2026/02/23 16:16:02.950, 2, 57.06, 0, 210, 1215
2026/02/23 16:16:02.950, 3, 55.41, 0, 210, 1215
2026/02/23 16:16:03.000, 0, 224.32, 100, 1410, 1215
2026/02/23 16:16:03.000, 1, 54.75, 0, 210, 1215
2026/02/23 16:16:03.000, 2, 57.34, 0, 210, 1215
2026/02/23 16:16:03.000, 3, 55.41, 0, 210, 1215
2026/02/23 16:16:03.051, 0, 223.99, 100, 1410, 1215
2026/02/23 16:16:03.051, 1, 54.75, 0, 210, 1215
2026/02/23 16:16:03.051, 2, 57.34, 0, 210, 1215
2026/02/23 16:16:03.051, 3, 55.41, 0, 210, 1215
2026/02/23 16:16:03.101, 0, 223.99, 100, 1410, 1215
2026/02/23 16:16:03.101, 1, 54.75, 0, 210, 1215
2026/02/23 16:16:03.101, 2, 57.06, 0, 210, 1215
2026/02/23 16:16:03.101, 3, 55.41, 0, 210, 1215
2026/02/23 16:16:03.151, 0, 224.32, 100, 1410, 1215
2026/02/23 16:16:03.151, 1, 54.75, 0, 210, 1215
2026/02/23 16:16:03.151, 2, 57.06, 0, 210, 1215
2026/02/23 16:16:03.152, 3, 55.41, 0, 210, 1215
2026/02/23 16:16:03.202, 0, 224.32, 100, 1410, 1215
2026/02/23 16:16:03.202, 1, 54.75, 0, 210, 1215
2026/02/23 16:16:03.202, 2, 57.06, 0, 210, 1215
2026/02/23 16:16:03.202, 3, 55.41, 0, 210, 1215
2026/02/23 16:16:03.252, 0, 224.32, 100, 1410, 1215
2026/02/23 16:16:03.252, 1, 54.75, 0, 210, 1215
2026/02/23 16:16:03.252, 2, 57.06, 0, 210, 1215
2026/02/23 16:16:03.252, 3, 55.41, 0, 210, 1215
2026/02/23 16:16:03.303, 0, 224.32, 100, 1410, 1215
2026/02/23 16:16:03.303, 1, 54.75, 0, 210, 1215
2026/02/23 16:16:03.303, 2, 57.06, 0, 210, 1215
2026/02/23 16:16:03.303, 3, 55.41, 0, 210, 1215
2026/02/23 16:16:03.353, 0, 224.55, 100, 1410, 1215
2026/02/23 16:16:03.353, 1, 54.75, 0, 210, 1215
2026/02/23 16:16:03.353, 2, 57.06, 0, 210, 1215
2026/02/23 16:16:03.353, 3, 55.41, 0, 210, 1215
2026/02/23 16:16:03.404, 0, 224.55, 100, 1410, 1215
2026/02/23 16:16:03.404, 1, 54.75, 0, 210, 1215
2026/02/23 16:16:03.404, 2, 57.06, 0, 210, 1215
2026/02/23 16:16:03.404, 3, 55.41, 0, 210, 1215
2026/02/23 16:16:03.454, 0, 224.21, 100, 1410, 1215
2026/02/23 16:16:03.454, 1, 54.75, 0, 210, 1215
2026/02/23 16:16:03.454, 2, 57.06, 0, 210, 1215
2026/02/23 16:16:03.454, 3, 55.41, 0, 210, 1215
2026/02/23 16:16:03.504, 0, 224.21, 100, 1410, 1215
2026/02/23 16:16:03.505, 1, 54.75, 0, 210, 1215
2026/02/23 16:16:03.505, 2, 57.06, 0, 210, 1215
2026/02/23 16:16:03.505, 3, 55.47, 0, 210, 1215
2026/02/23 16:16:03.555, 0, 224.55, 100, 1410, 1215
2026/02/23 16:16:03.555, 1, 54.75, 0, 210, 1215
2026/02/23 16:16:03.555, 2, 57.06, 0, 210, 1215
2026/02/23 16:16:03.555, 3, 55.47, 0, 210, 1215
2026/02/23 16:16:03.605, 0, 224.55, 100, 1410, 1215
2026/02/23 16:16:03.605, 1, 54.75, 0, 210, 1215
2026/02/23 16:16:03.606, 2, 57.06, 0, 210, 1215
2026/02/23 16:16:03.606, 3, 55.47, 0, 210, 1215
2026/02/23 16:16:03.656, 0, 224.55, 100, 1410, 1215
2026/02/23 16:16:03.656, 1, 54.75, 0, 210, 1215
2026/02/23 16:16:03.656, 2, 57.06, 0, 210, 1215
2026/02/23 16:16:03.656, 3, 55.47, 0, 210, 1215
2026/02/23 16:16:03.706, 0, 224.55, 100, 1410, 1215
2026/02/23 16:16:03.706, 1, 54.75, 0, 210, 1215
2026/02/23 16:16:03.706, 2, 57.06, 0, 210, 1215
2026/02/23 16:16:03.706, 3, 55.41, 0, 210, 1215
2026/02/23 16:16:03.757, 0, 224.21, 100, 1410, 1215
2026/02/23 16:16:03.757, 1, 54.75, 0, 210, 1215
2026/02/23 16:16:03.757, 2, 57.34, 0, 210, 1215
2026/02/23 16:16:03.757, 3, 55.41, 0, 210, 1215
2026/02/23 16:16:03.807, 0, 224.21, 100, 1410, 1215
2026/02/23 16:16:03.807, 1, 54.75, 0, 210, 1215
2026/02/23 16:16:03.807, 2, 57.34, 0, 210, 1215
2026/02/23 16:16:03.807, 3, 55.47, 0, 210, 1215
2026/02/23 16:16:03.858, 0, 224.21, 100, 1410, 1215
2026/02/23 16:16:03.858, 1, 54.75, 0, 210, 1215
2026/02/23 16:16:03.858, 2, 57.06, 0, 210, 1215
2026/02/23 16:16:03.858, 3, 55.47, 0, 210, 1215
2026/02/23 16:16:03.908, 0, 224.21, 100, 1410, 1215
2026/02/23 16:16:03.908, 1, 54.75, 0, 210, 1215
2026/02/23 16:16:03.908, 2, 57.06, 0, 210, 1215
2026/02/23 16:16:03.908, 3, 55.47, 0, 210, 1215
2026/02/23 16:16:03.958, 0, 224.55, 100, 1410, 1215
2026/02/23 16:16:03.959, 1, 54.75, 0, 210, 1215
2026/02/23 16:16:03.959, 2, 57.34, 0, 210, 1215
2026/02/23 16:16:03.959, 3, 55.47, 0, 210, 1215
2026/02/23 16:16:04.009, 0, 224.55, 100, 1410, 1215
2026/02/23 16:16:04.009, 1, 54.75, 0, 210, 1215
2026/02/23 16:16:04.009, 2, 57.34, 0, 210, 1215
2026/02/23 16:16:04.009, 3, 55.41, 0, 210, 1215
2026/02/23 16:16:04.059, 0, 224.55, 100, 1410, 1215
2026/02/23 16:16:04.059, 1, 54.81, 0, 210, 1215
2026/02/23 16:16:04.060, 2, 57.06, 0, 210, 1215
2026/02/23 16:16:04.060, 3, 55.41, 0, 210, 1215
2026/02/23 16:16:04.110, 0, 224.55, 100, 1410, 1215
2026/02/23 16:16:04.110, 1, 54.81, 0, 210, 1215
2026/02/23 16:16:04.110, 2, 57.06, 0, 210, 1215
2026/02/23 16:16:04.110, 3, 55.47, 0, 210, 1215
2026/02/23 16:16:04.160, 0, 224.82, 100, 1410, 1215
2026/02/23 16:16:04.160, 1, 54.75, 0, 210, 1215
2026/02/23 16:16:04.160, 2, 57.06, 0, 210, 1215
2026/02/23 16:16:04.161, 3, 55.47, 0, 210, 1215
2026/02/23 16:16:04.211, 0, 224.82, 100, 1410, 1215
2026/02/23 16:16:04.211, 1, 54.75, 0, 210, 1215
2026/02/23 16:16:04.211, 2, 57.06, 0, 210, 1215
2026/02/23 16:16:04.211, 3, 55.41, 0, 210, 1215
2026/02/23 16:16:04.261, 0, 224.55, 100, 1410, 1215
2026/02/23 16:16:04.261, 1, 54.75, 0, 210, 1215
2026/02/23 16:16:04.261, 2, 57.06, 0, 210, 1215
2026/02/23 16:16:04.261, 3, 55.41, 0, 210, 1215
2026/02/23 16:16:04.312, 0, 224.55, 100, 1410, 1215
2026/02/23 16:16:04.312, 1, 54.75, 0, 210, 1215
2026/02/23 16:16:04.312, 2, 57.06, 0, 210, 1215
2026/02/23 16:16:04.312, 3, 55.41, 0, 210, 1215
2026/02/23 16:16:04.362, 0, 224.21, 100, 1410, 1215
2026/02/23 16:16:04.362, 1, 54.75, 0, 210, 1215
2026/02/23 16:16:04.362, 2, 57.06, 0, 210, 1215
2026/02/23 16:16:04.362, 3, 55.41, 0, 210, 1215
2026/02/23 16:16:04.412, 0, 224.21, 100, 1410, 1215
2026/02/23 16:16:04.413, 1, 54.75, 0, 210, 1215
2026/02/23 16:16:04.413, 2, 57.06, 0, 210, 1215
2026/02/23 16:16:04.413, 3, 55.41, 0, 210, 1215
2026/02/23 16:16:04.463, 0, 224.82, 100, 1410, 1215
2026/02/23 16:16:04.463, 1, 54.75, 0, 210, 1215
2026/02/23 16:16:04.463, 2, 57.34, 0, 210, 1215
2026/02/23 16:16:04.463, 3, 55.41, 0, 210, 1215
2026/02/23 16:16:04.513, 0, 224.82, 100, 1410, 1215
2026/02/23 16:16:04.513, 1, 54.75, 0, 210, 1215
2026/02/23 16:16:04.514, 2, 57.34, 0, 210, 1215
2026/02/23 16:16:04.514, 3, 55.41, 0, 210, 1215
2026/02/23 16:16:04.564, 0, 224.82, 100, 1410, 1215
2026/02/23 16:16:04.564, 1, 54.75, 0, 210, 1215
2026/02/23 16:16:04.564, 2, 57.06, 0, 210, 1215
2026/02/23 16:16:04.564, 3, 55.41, 0, 210, 1215
2026/02/23 16:16:04.614, 0, 224.82, 100, 1410, 1215
2026/02/23 16:16:04.614, 1, 54.75, 0, 210, 1215
2026/02/23 16:16:04.614, 2, 57.06, 0, 210, 1215
2026/02/23 16:16:04.615, 3, 55.41, 0, 210, 1215
2026/02/23 16:16:04.665, 0, 225.43, 100, 1410, 1215
2026/02/23 16:16:04.665, 1, 54.75, 0, 210, 1215
2026/02/23 16:16:04.665, 2, 57.06, 0, 210, 1215
2026/02/23 16:16:04.665, 3, 55.41, 0, 210, 1215
2026/02/23 16:16:04.715, 0, 225.43, 100, 1410, 1215
2026/02/23 16:16:04.715, 1, 54.75, 0, 210, 1215
2026/02/23 16:16:04.715, 2, 57.06, 0, 210, 1215
2026/02/23 16:16:04.715, 3, 55.47, 0, 210, 1215
2026/02/23 16:16:04.766, 0, 225.43, 100, 1410, 1215
2026/02/23 16:16:04.766, 1, 54.75, 0, 210, 1215
2026/02/23 16:16:04.766, 2, 57.34, 0, 210, 1215
2026/02/23 16:16:04.766, 3, 55.47, 0, 210, 1215
2026/02/23 16:16:04.816, 0, 225.43, 100, 1410, 1215
2026/02/23 16:16:04.816, 1, 54.75, 0, 210, 1215
2026/02/23 16:16:04.816, 2, 57.34, 0, 210, 1215
2026/02/23 16:16:04.816, 3, 55.41, 0, 210, 1215
2026/02/23 16:16:04.867, 0, 225.15, 100, 1410, 1215
2026/02/23 16:16:04.867, 1, 54.75, 0, 210, 1215
2026/02/23 16:16:04.867, 2, 57.06, 0, 210, 1215
2026/02/23 16:16:04.867, 3, 55.41, 0, 210, 1215
2026/02/23 16:16:04.917, 0, 225.15, 100, 1410, 1215
2026/02/23 16:16:04.917, 1, 54.75, 0, 210, 1215
2026/02/23 16:16:04.917, 2, 57.06, 0, 210, 1215
2026/02/23 16:16:04.917, 3, 55.41, 0, 210, 1215
2026/02/23 16:16:04.967, 0, 225.15, 100, 1410, 1215
2026/02/23 16:16:04.968, 1, 54.75, 0, 210, 1215
2026/02/23 16:16:04.968, 2, 57.06, 0, 210, 1215
2026/02/23 16:16:04.968, 3, 55.41, 0, 210, 1215
2026/02/23 16:16:05.018, 0, 225.15, 100, 1410, 1215
2026/02/23 16:16:05.018, 1, 54.75, 0, 210, 1215
2026/02/23 16:16:05.018, 2, 57.06, 0, 210, 1215
2026/02/23 16:16:05.018, 3, 55.41, 0, 210, 1215
2026/02/23 16:16:05.068, 0, 225.15, 100, 1410, 1215
2026/02/23 16:16:05.068, 1, 54.75, 0, 210, 1215
2026/02/23 16:16:05.069, 2, 57.06, 0, 210, 1215
2026/02/23 16:16:05.069, 3, 55.41, 0, 210, 1215
2026/02/23 16:16:05.119, 0, 225.15, 100, 1410, 1215
2026/02/23 16:16:05.119, 1, 54.75, 0, 210, 1215
2026/02/23 16:16:05.119, 2, 57.06, 0, 210, 1215
2026/02/23 16:16:05.119, 3, 55.41, 0, 210, 1215
2026/02/23 16:16:05.169, 0, 225.15, 100, 1410, 1215
2026/02/23 16:16:05.169, 1, 54.75, 0, 210, 1215
2026/02/23 16:16:05.169, 2, 57.06, 0, 210, 1215
2026/02/23 16:16:05.170, 3, 55.47, 0, 210, 1215
2026/02/23 16:16:05.220, 0, 225.15, 100, 1410, 1215
2026/02/23 16:16:05.220, 1, 54.75, 0, 210, 1215
2026/02/23 16:16:05.220, 2, 57.06, 0, 210, 1215
2026/02/23 16:16:05.220, 3, 55.47, 0, 210, 1215
2026/02/23 16:16:05.270, 0, 225.15, 100, 1410, 1215
2026/02/23 16:16:05.270, 1, 54.75, 0, 210, 1215
2026/02/23 16:16:05.270, 2, 57.06, 0, 210, 1215
2026/02/23 16:16:05.270, 3, 55.41, 0, 210, 1215
2026/02/23 16:16:05.321, 0, 225.15, 100, 1410, 1215
2026/02/23 16:16:05.321, 1, 54.75, 0, 210, 1215
2026/02/23 16:16:05.321, 2, 57.06, 0, 210, 1215
2026/02/23 16:16:05.321, 3, 55.41, 0, 210, 1215
2026/02/23 16:16:05.371, 0, 225.15, 100, 1410, 1215
2026/02/23 16:16:05.371, 1, 54.81, 0, 210, 1215
2026/02/23 16:16:05.371, 2, 57.06, 0, 210, 1215
2026/02/23 16:16:05.371, 3, 55.47, 0, 210, 1215
2026/02/23 16:16:05.421, 0, 224.92, 100, 1410, 1215
2026/02/23 16:16:05.422, 1, 54.81, 0, 210, 1215
2026/02/23 16:16:05.422, 2, 57.06, 0, 210, 1215
2026/02/23 16:16:05.422, 3, 55.47, 0, 210, 1215
2026/02/23 16:16:05.472, 0, 224.92, 100, 1410, 1215
2026/02/23 16:16:05.472, 1, 54.75, 0, 210, 1215
2026/02/23 16:16:05.472, 2, 57.06, 0, 210, 1215
2026/02/23 16:16:05.472, 3, 55.41, 0, 210, 1215
2026/02/23 16:16:05.522, 0, 225.15, 100, 1410, 1215
2026/02/23 16:16:05.522, 1, 54.75, 0, 210, 1215
2026/02/23 16:16:05.523, 2, 57.06, 0, 210, 1215
2026/02/23 16:16:05.523, 3, 55.41, 0, 210, 1215
2026/02/23 16:16:05.573, 0, 225.15, 100, 1410, 1215
2026/02/23 16:16:05.573, 1, 54.75, 0, 210, 1215
2026/02/23 16:16:05.573, 2, 57.06, 0, 210, 1215
2026/02/23 16:16:05.573, 3, 55.47, 0, 210, 1215
2026/02/23 16:16:05.623, 0, 225.15, 100, 1410, 1215
2026/02/23 16:16:05.623, 1, 54.75, 0, 210, 1215
2026/02/23 16:16:05.623, 2, 57.06, 0, 210, 1215
2026/02/23 16:16:05.624, 3, 55.47, 0, 210, 1215
2026/02/23 16:16:05.674, 0, 225.15, 100, 1410, 1215
2026/02/23 16:16:05.674, 1, 54.75, 0, 210, 1215
2026/02/23 16:16:05.674, 2, 57.06, 0, 210, 1215
2026/02/23 16:16:05.674, 3, 55.41, 0, 210, 1215
2026/02/23 16:16:05.724, 0, 224.92, 100, 1410, 1215
2026/02/23 16:16:05.724, 1, 54.75, 0, 210, 1215
2026/02/23 16:16:05.724, 2, 57.06, 0, 210, 1215
2026/02/23 16:16:05.724, 3, 55.41, 0, 210, 1215
2026/02/23 16:16:05.775, 0, 224.92, 100, 1410, 1215
2026/02/23 16:16:05.775, 1, 54.75, 0, 210, 1215
2026/02/23 16:16:05.775, 2, 57.06, 0, 210, 1215
2026/02/23 16:16:05.775, 3, 55.41, 0, 210, 1215
2026/02/23 16:16:05.825, 0, 225.15, 100, 1410, 1215
2026/02/23 16:16:05.825, 1, 54.75, 0, 210, 1215
2026/02/23 16:16:05.825, 2, 57.06, 0, 210, 1215
2026/02/23 16:16:05.825, 3, 55.41, 0, 210, 1215
2026/02/23 16:16:05.875, 0, 225.15, 100, 1410, 1215
2026/02/23 16:16:05.876, 1, 54.75, 0, 210, 1215
2026/02/23 16:16:05.876, 2, 57.01, 0, 210, 1215
2026/02/23 16:16:05.876, 3, 55.41, 0, 210, 1215
2026/02/23 16:16:05.926, 0, 224.92, 100, 1410, 1215
2026/02/23 16:16:05.926, 1, 54.75, 0, 210, 1215
2026/02/23 16:16:05.926, 2, 57.01, 0, 210, 1215
2026/02/23 16:16:05.926, 3, 55.41, 0, 210, 1215
2026/02/23 16:16:05.976, 0, 224.92, 100, 1410, 1215
2026/02/23 16:16:05.976, 1, 54.75, 0, 210, 1215
2026/02/23 16:16:05.977, 2, 57.01, 0, 210, 1215
2026/02/23 16:16:05.977, 3, 55.41, 0, 210, 1215
2026/02/23 16:16:06.027, 0, 224.92, 100, 1410, 1215
2026/02/23 16:16:06.027, 1, 54.75, 0, 210, 1215
2026/02/23 16:16:06.027, 2, 57.01, 0, 210, 1215
2026/02/23 16:16:06.027, 3, 55.41, 0, 210, 1215
2026/02/23 16:16:06.077, 0, 224.92, 100, 1410, 1215
2026/02/23 16:16:06.077, 1, 54.75, 0, 210, 1215
2026/02/23 16:16:06.077, 2, 57.06, 0, 210, 1215
2026/02/23 16:16:06.078, 3, 55.41, 0, 210, 1215
2026/02/23 16:16:06.128, 0, 224.92, 100, 1410, 1215
2026/02/23 16:16:06.128, 1, 54.75, 0, 210, 1215
2026/02/23 16:16:06.128, 2, 57.06, 0, 210, 1215
2026/02/23 16:16:06.128, 3, 55.41, 0, 210, 1215
2026/02/23 16:16:06.178, 0, 224.92, 100, 1410, 1215
2026/02/23 16:16:06.178, 1, 54.75, 0, 210, 1215
2026/02/23 16:16:06.178, 2, 57.28, 0, 210, 1215
2026/02/23 16:16:06.178, 3, 55.41, 0, 210, 1215
2026/02/23 16:16:06.229, 0, 224.82, 100, 1410, 1215
2026/02/23 16:16:06.229, 1, 54.75, 0, 210, 1215
2026/02/23 16:16:06.229, 2, 57.28, 0, 210, 1215
2026/02/23 16:16:06.229, 3, 55.41, 0, 210, 1215
2026/02/23 16:16:06.279, 0, 224.82, 100, 1410, 1215
2026/02/23 16:16:06.279, 1, 54.75, 0, 210, 1215
2026/02/23 16:16:06.279, 2, 57.06, 0, 210, 1215
2026/02/23 16:16:06.279, 3, 55.47, 0, 210, 1215
2026/02/23 16:16:06.330, 0, 224.82, 100, 1410, 1215
2026/02/23 16:16:06.330, 1, 54.75, 0, 210, 1215
2026/02/23 16:16:06.330, 2, 57.06, 0, 210, 1215
2026/02/23 16:16:06.330, 3, 55.47, 0, 210, 1215
2026/02/23 16:16:06.380, 0, 224.82, 100, 1410, 1215
2026/02/23 16:16:06.380, 1, 54.75, 0, 210, 1215
2026/02/23 16:16:06.380, 2, 57.34, 0, 210, 1215
2026/02/23 16:16:06.380, 3, 55.41, 0, 210, 1215
2026/02/23 16:16:06.430, 0, 224.59, 100, 1410, 1215
2026/02/23 16:16:06.431, 1, 54.75, 0, 210, 1215
2026/02/23 16:16:06.431, 2, 57.34, 0, 210, 1215
2026/02/23 16:16:06.431, 3, 55.41, 0, 210, 1215
2026/02/23 16:16:06.481, 0, 224.59, 100, 1410, 1215
2026/02/23 16:16:06.481, 1, 54.75, 0, 210, 1215
2026/02/23 16:16:06.481, 2, 57.34, 0, 210, 1215
2026/02/23 16:16:06.481, 3, 55.41, 0, 210, 1215
2026/02/23 16:16:06.531, 0, 224.82, 100, 1410, 1215
2026/02/23 16:16:06.531, 1, 54.75, 0, 210, 1215
2026/02/23 16:16:06.532, 2, 57.34, 0, 210, 1215
2026/02/23 16:16:06.532, 3, 55.41, 0, 210, 1215
2026/02/23 16:16:06.582, 0, 224.82, 100, 1410, 1215
2026/02/23 16:16:06.582, 1, 54.75, 0, 210, 1215
2026/02/23 16:16:06.582, 2, 57.34, 0, 210, 1215
2026/02/23 16:16:06.582, 3, 55.41, 0, 210, 1215
2026/02/23 16:16:06.632, 0, 224.59, 100, 1410, 1215
2026/02/23 16:16:06.632, 1, 54.75, 0, 210, 1215
2026/02/23 16:16:06.632, 2, 57.34, 0, 210, 1215
2026/02/23 16:16:06.632, 3, 55.41, 0, 210, 1215
2026/02/23 16:16:06.682, 0, 224.59, 100, 1410, 1215
2026/02/23 16:16:06.682, 1, 54.75, 0, 210, 1215
2026/02/23 16:16:06.683, 2, 57.06, 0, 210, 1215
2026/02/23 16:16:06.683, 3, 55.41, 0, 210, 1215
2026/02/23 16:16:06.733, 0, 224.82, 100, 1410, 1215
2026/02/23 16:16:06.733, 1, 54.75, 0, 210, 1215
2026/02/23 16:16:06.733, 2, 57.06, 0, 210, 1215
2026/02/23 16:16:06.733, 3, 55.41, 0, 210, 1215
2026/02/23 16:16:06.783, 0, 224.82, 100, 1410, 1215
2026/02/23 16:16:06.783, 1, 54.75, 0, 210, 1215
2026/02/23 16:16:06.783, 2, 57.06, 0, 210, 1215
2026/02/23 16:16:06.783, 3, 55.41, 0, 210, 1215
2026/02/23 16:16:06.834, 0, 224.55, 100, 1410, 1215
2026/02/23 16:16:06.834, 1, 54.75, 0, 210, 1215
2026/02/23 16:16:06.834, 2, 57.06, 0, 210, 1215
2026/02/23 16:16:06.834, 3, 55.41, 0, 210, 1215
2026/02/23 16:16:06.884, 0, 224.55, 100, 1410, 1215
2026/02/23 16:16:06.884, 1, 54.75, 0, 210, 1215
2026/02/23 16:16:06.884, 2, 57.06, 0, 210, 1215
2026/02/23 16:16:06.884, 3, 55.47, 0, 210, 1215
2026/02/23 16:16:06.935, 0, 224.59, 100, 1410, 1215
2026/02/23 16:16:06.935, 1, 54.75, 0, 210, 1215
2026/02/23 16:16:06.935, 2, 57.06, 0, 210, 1215
2026/02/23 16:16:06.935, 3, 55.47, 0, 210, 1215
2026/02/23 16:16:06.985, 0, 224.59, 100, 1410, 1215
2026/02/23 16:16:06.985, 1, 54.75, 0, 210, 1215
2026/02/23 16:16:06.985, 2, 57.06, 0, 210, 1215
2026/02/23 16:16:06.985, 3, 55.41, 0, 210, 1215
2026/02/23 16:16:07.035, 0, 224.55, 100, 1410, 1215
2026/02/23 16:16:07.036, 1, 54.75, 0, 210, 1215
2026/02/23 16:16:07.036, 2, 57.06, 0, 210, 1215
2026/02/23 16:16:07.036, 3, 55.41, 0, 210, 1215
2026/02/23 16:16:07.086, 0, 224.55, 100, 1410, 1215
2026/02/23 16:16:07.086, 1, 54.75, 0, 210, 1215
2026/02/23 16:16:07.086, 2, 57.34, 0, 210, 1215
2026/02/23 16:16:07.086, 3, 55.41, 0, 210, 1215
2026/02/23 16:16:07.136, 0, 224.82, 100, 1410, 1215
2026/02/23 16:16:07.136, 1, 54.75, 0, 210, 1215
2026/02/23 16:16:07.136, 2, 57.34, 0, 210, 1215
2026/02/23 16:16:07.137, 3, 55.41, 0, 210, 1215
2026/02/23 16:16:07.187, 0, 224.82, 100, 1410, 1215
2026/02/23 16:16:07.187, 1, 54.75, 0, 210, 1215
2026/02/23 16:16:07.187, 2, 57.06, 0, 210, 1215
2026/02/23 16:16:07.187, 3, 55.47, 0, 210, 1215
2026/02/23 16:16:07.237, 0, 224.59, 100, 1410, 1215
2026/02/23 16:16:07.237, 1, 54.75, 0, 210, 1215
2026/02/23 16:16:07.237, 2, 57.06, 0, 210, 1215
2026/02/23 16:16:07.237, 3, 55.47, 0, 210, 1215
2026/02/23 16:16:07.288, 0, 224.59, 100, 1410, 1215
2026/02/23 16:16:07.288, 1, 54.75, 0, 210, 1215
2026/02/23 16:16:07.288, 2, 57.06, 0, 210, 1215
2026/02/23 16:16:07.288, 3, 55.41, 0, 210, 1215
2026/02/23 16:16:07.338, 0, 224.55, 100, 1410, 1215
2026/02/23 16:16:07.338, 1, 54.75, 0, 210, 1215
2026/02/23 16:16:07.338, 2, 57.06, 0, 210, 1215
2026/02/23 16:16:07.338, 3, 55.41, 0, 210, 1215
2026/02/23 16:16:07.389, 0, 224.55, 100, 1410, 1215
2026/02/23 16:16:07.389, 1, 54.75, 0, 210, 1215
2026/02/23 16:16:07.389, 2, 57.06, 0, 210, 1215
2026/02/23 16:16:07.389, 3, 55.41, 0, 210, 1215
2026/02/23 16:16:07.439, 0, 224.55, 100, 1410, 1215
2026/02/23 16:16:07.439, 1, 54.75, 0, 210, 1215
2026/02/23 16:16:07.439, 2, 57.06, 0, 210, 1215
2026/02/23 16:16:07.439, 3, 55.41, 0, 210, 1215
2026/02/23 16:16:07.489, 0, 224.55, 100, 1410, 1215
2026/02/23 16:16:07.490, 1, 54.75, 0, 210, 1215
2026/02/23 16:16:07.490, 2, 57.34, 0, 210, 1215
2026/02/23 16:16:07.490, 3, 55.47, 0, 210, 1215
2026/02/23 16:16:07.540, 0, 224.55, 100, 1410, 1215
2026/02/23 16:16:07.540, 1, 54.75, 0, 210, 1215
2026/02/23 16:16:07.540, 2, 57.34, 0, 210, 1215
2026/02/23 16:16:07.540, 3, 55.47, 0, 210, 1215
2026/02/23 16:16:07.590, 0, 224.55, 100, 1410, 1215
2026/02/23 16:16:07.590, 1, 54.81, 0, 210, 1215
2026/02/23 16:16:07.591, 2, 57.06, 0, 210, 1215
2026/02/23 16:16:07.591, 3, 55.47, 0, 210, 1215
2026/02/23 16:16:07.641, 0, 224.82, 100, 1410, 1215
2026/02/23 16:16:07.641, 1, 54.81, 0, 210, 1215
2026/02/23 16:16:07.641, 2, 57.06, 0, 210, 1215
2026/02/23 16:16:07.641, 3, 55.47, 0, 210, 1215
2026/02/23 16:16:07.691, 0, 224.82, 100, 1410, 1215
2026/02/23 16:16:07.691, 1, 54.75, 0, 210, 1215
2026/02/23 16:16:07.691, 2, 57.34, 0, 210, 1215
2026/02/23 16:16:07.692, 3, 55.47, 0, 210, 1215
2026/02/23 16:16:07.742, 0, 224.21, 100, 1410, 1215
2026/02/23 16:16:07.742, 1, 54.75, 0, 210, 1215
2026/02/23 16:16:07.742, 2, 57.34, 0, 210, 1215
2026/02/23 16:16:07.742, 3, 55.47, 0, 210, 1215
2026/02/23 16:16:07.792, 0, 224.21, 100, 1410, 1215
2026/02/23 16:16:07.792, 1, 54.75, 0, 210, 1215
2026/02/23 16:16:07.792, 2, 57.34, 0, 210, 1215
2026/02/23 16:16:07.792, 3, 55.41, 0, 210, 1215
2026/02/23 16:16:07.843, 0, 224.21, 100, 1410, 1215
2026/02/23 16:16:07.843, 1, 54.75, 0, 210, 1215
2026/02/23 16:16:07.843, 2, 57.34, 0, 210, 1215
2026/02/23 16:16:07.843, 3, 55.41, 0, 210, 1215
2026/02/23 16:16:07.893, 0, 224.21, 100, 1410, 1215
2026/02/23 16:16:07.893, 1, 54.75, 0, 210, 1215
2026/02/23 16:16:07.893, 2, 57.34, 0, 210, 1215
2026/02/23 16:16:07.893, 3, 55.41, 0, 210, 1215
2026/02/23 16:16:07.943, 0, 224.21, 100, 1410, 1215
2026/02/23 16:16:07.944, 1, 54.75, 0, 210, 1215
2026/02/23 16:16:07.944, 2, 57.34, 0, 210, 1215
2026/02/23 16:16:07.944, 3, 55.41, 0, 210, 1215
2026/02/23 16:16:07.994, 0, 224.21, 100, 1410, 1215
2026/02/23 16:16:07.994, 1, 54.75, 0, 210, 1215
2026/02/23 16:16:07.994, 2, 57.34, 0, 210, 1215
2026/02/23 16:16:07.994, 3, 55.41, 0, 210, 1215
2026/02/23 16:16:08.044, 0, 224.21, 100, 1410, 1215
2026/02/23 16:16:08.044, 1, 54.75, 0, 210, 1215
2026/02/23 16:16:08.045, 2, 57.34, 0, 210, 1215
2026/02/23 16:16:08.045, 3, 55.41, 0, 210, 1215
2026/02/23 16:16:08.095, 0, 224.21, 100, 1410, 1215
2026/02/23 16:16:08.095, 1, 54.75, 0, 210, 1215
2026/02/23 16:16:08.095, 2, 57.34, 0, 210, 1215
2026/02/23 16:16:08.095, 3, 55.41, 0, 210, 1215
2026/02/23 16:16:08.145, 0, 224.55, 100, 1410, 1215
2026/02/23 16:16:08.145, 1, 54.75, 0, 210, 1215
2026/02/23 16:16:08.145, 2, 57.34, 0, 210, 1215
2026/02/23 16:16:08.146, 3, 55.41, 0, 210, 1215
2026/02/23 16:16:08.196, 0, 224.55, 100, 1410, 1215
2026/02/23 16:16:08.196, 1, 54.75, 0, 210, 1215
2026/02/23 16:16:08.196, 2, 57.34, 0, 210, 1215
2026/02/23 16:16:08.196, 3, 55.41, 0, 210, 1215
2026/02/23 16:16:08.246, 0, 224.32, 100, 1410, 1215
2026/02/23 16:16:08.246, 1, 54.75, 0, 210, 1215
2026/02/23 16:16:08.246, 2, 57.34, 0, 210, 1215
2026/02/23 16:16:08.246, 3, 55.41, 0, 210, 1215
2026/02/23 16:16:08.297, 0, 224.32, 100, 1410, 1215
2026/02/23 16:16:08.297, 1, 54.75, 0, 210, 1215
2026/02/23 16:16:08.297, 2, 57.34, 0, 210, 1215
2026/02/23 16:16:08.297, 3, 55.41, 0, 210, 1215
2026/02/23 16:16:08.347, 0, 225.15, 100, 1410, 1215
2026/02/23 16:16:08.347, 1, 54.75, 0, 210, 1215
2026/02/23 16:16:08.347, 2, 57.34, 0, 210, 1215
2026/02/23 16:16:08.347, 3, 55.41, 0, 210, 1215
2026/02/23 16:16:08.398, 0, 225.15, 100, 1410, 1215
2026/02/23 16:16:08.398, 1, 54.75, 0, 210, 1215
2026/02/23 16:16:08.398, 2, 57.34, 0, 210, 1215
2026/02/23 16:16:08.398, 3, 55.41, 0, 210, 1215
2026/02/23 16:16:08.448, 0, 225.15, 100, 1410, 1215
2026/02/23 16:16:08.448, 1, 54.75, 0, 210, 1215
2026/02/23 16:16:08.448, 2, 57.34, 0, 210, 1215
2026/02/23 16:16:08.448, 3, 55.41, 0, 210, 1215
2026/02/23 16:16:08.499, 0, 225.15, 100, 1410, 1215
2026/02/23 16:16:08.499, 1, 54.75, 0, 210, 1215
2026/02/23 16:16:08.499, 2, 57.34, 0, 210, 1215
2026/02/23 16:16:08.499, 3, 55.41, 0, 210, 1215
2026/02/23 16:16:08.549, 0, 225.15, 100, 1410, 1215
2026/02/23 16:16:08.549, 1, 54.75, 0, 210, 1215
2026/02/23 16:16:08.549, 2, 57.34, 0, 210, 1215
2026/02/23 16:16:08.549, 3, 55.41, 0, 210, 1215
2026/02/23 16:16:08.599, 0, 225.15, 100, 1410, 1215
2026/02/23 16:16:08.600, 1, 54.75, 0, 210, 1215
2026/02/23 16:16:08.600, 2, 57.34, 0, 210, 1215
2026/02/23 16:16:08.600, 3, 55.41, 0, 210, 1215
2026/02/23 16:16:08.650, 0, 225.19, 100, 1410, 1215
2026/02/23 16:16:08.650, 1, 54.75, 0, 210, 1215
2026/02/23 16:16:08.650, 2, 57.34, 0, 210, 1215
2026/02/23 16:16:08.650, 3, 55.41, 0, 210, 1215
2026/02/23 16:16:08.700, 0, 225.19, 100, 1410, 1215
2026/02/23 16:16:08.700, 1, 54.75, 0, 210, 1215
2026/02/23 16:16:08.700, 2, 57.34, 0, 210, 1215
2026/02/23 16:16:08.701, 3, 55.41, 0, 210, 1215
2026/02/23 16:16:08.751, 0, 224.92, 100, 1410, 1215
2026/02/23 16:16:08.751, 1, 54.75, 0, 210, 1215
2026/02/23 16:16:08.751, 2, 57.34, 0, 210, 1215
2026/02/23 16:16:08.751, 3, 55.41, 0, 210, 1215
2026/02/23 16:16:08.801, 0, 224.92, 100, 1410, 1215
2026/02/23 16:16:08.801, 1, 54.75, 0, 210, 1215
2026/02/23 16:16:08.801, 2, 57.34, 0, 210, 1215
2026/02/23 16:16:08.801, 3, 55.41, 0, 210, 1215
2026/02/23 16:16:08.852, 0, 224.92, 100, 1410, 1215
2026/02/23 16:16:08.852, 1, 54.75, 0, 210, 1215
2026/02/23 16:16:08.852, 2, 57.34, 0, 210, 1215
2026/02/23 16:16:08.852, 3, 55.41, 0, 210, 1215
2026/02/23 16:16:08.902, 0, 224.92, 100, 1410, 1215
2026/02/23 16:16:08.902, 1, 54.75, 0, 210, 1215
2026/02/23 16:16:08.902, 2, 57.06, 0, 210, 1215
2026/02/23 16:16:08.902, 3, 55.47, 0, 210, 1215
2026/02/23 16:16:08.953, 0, 225.15, 100, 1410, 1215
2026/02/23 16:16:08.953, 1, 54.75, 0, 210, 1215
2026/02/23 16:16:08.953, 2, 57.06, 0, 210, 1215
2026/02/23 16:16:08.953, 3, 55.47, 0, 210, 1215
2026/02/23 16:16:09.003, 0, 225.15, 100, 1410, 1215
2026/02/23 16:16:09.003, 1, 54.75, 0, 210, 1215
2026/02/23 16:16:09.003, 2, 57.34, 0, 210, 1215
2026/02/23 16:16:09.003, 3, 55.41, 0, 210, 1215
2026/02/23 16:16:09.053, 0, 225.43, 100, 1410, 1215
2026/02/23 16:16:09.054, 1, 54.75, 0, 210, 1215
2026/02/23 16:16:09.054, 2, 57.34, 0, 210, 1215
2026/02/23 16:16:09.054, 3, 55.41, 0, 210, 1215
2026/02/23 16:16:09.104, 0, 225.43, 100, 1410, 1215
2026/02/23 16:16:09.104, 1, 54.75, 0, 210, 1215
2026/02/23 16:16:09.104, 2, 57.34, 0, 210, 1215
2026/02/23 16:16:09.104, 3, 55.47, 0, 210, 1215
2026/02/23 16:16:09.154, 0, 224.82, 100, 1410, 1215
2026/02/23 16:16:09.154, 1, 54.75, 0, 210, 1215
2026/02/23 16:16:09.155, 2, 57.34, 0, 210, 1215
2026/02/23 16:16:09.155, 3, 55.47, 0, 210, 1215
2026/02/23 16:16:09.205, 0, 224.82, 100, 1410, 1215
2026/02/23 16:16:09.205, 1, 54.75, 0, 210, 1215
2026/02/23 16:16:09.205, 2, 57.06, 0, 210, 1215
2026/02/23 16:16:09.205, 3, 55.41, 0, 210, 1215
2026/02/23 16:16:09.255, 0, 225.15, 100, 1410, 1215
2026/02/23 16:16:09.255, 1, 54.75, 0, 210, 1215
2026/02/23 16:16:09.255, 2, 57.06, 0, 210, 1215
2026/02/23 16:16:09.256, 3, 55.41, 0, 210, 1215
2026/02/23 16:16:09.306, 0, 225.15, 100, 1410, 1215
2026/02/23 16:16:09.306, 1, 54.75, 0, 210, 1215
2026/02/23 16:16:09.306, 2, 57.34, 0, 210, 1215
2026/02/23 16:16:09.306, 3, 55.41, 0, 210, 1215
2026/02/23 16:16:09.356, 0, 224.92, 100, 1410, 1215
2026/02/23 16:16:09.356, 1, 54.75, 0, 210, 1215
2026/02/23 16:16:09.356, 2, 57.34, 0, 210, 1215
2026/02/23 16:16:09.356, 3, 55.41, 0, 210, 1215
2026/02/23 16:16:09.407, 0, 224.92, 100, 1410, 1215
2026/02/23 16:16:09.407, 1, 54.75, 0, 210, 1215
2026/02/23 16:16:09.407, 2, 57.34, 0, 210, 1215
2026/02/23 16:16:09.407, 3, 55.41, 0, 210, 1215
2026/02/23 16:16:09.457, 0, 224.32, 100, 1410, 1215
2026/02/23 16:16:09.457, 1, 54.75, 0, 210, 1215
2026/02/23 16:16:09.457, 2, 57.34, 0, 210, 1215
2026/02/23 16:16:09.457, 3, 55.41, 0, 210, 1215
2026/02/23 16:16:09.507, 0, 224.32, 100, 1410, 1215
2026/02/23 16:16:09.508, 1, 54.75, 0, 210, 1215
2026/02/23 16:16:09.508, 2, 57.34, 0, 210, 1215
2026/02/23 16:16:09.508, 3, 55.41, 0, 210, 1215
2026/02/23 16:16:09.558, 0, 224.59, 100, 1410, 1215
2026/02/23 16:16:09.558, 1, 54.75, 0, 210, 1215
2026/02/23 16:16:09.558, 2, 57.34, 0, 210, 1215
2026/02/23 16:16:09.558, 3, 55.41, 0, 210, 1215
2026/02/23 16:16:09.608, 0, 224.59, 100, 1410, 1215
2026/02/23 16:16:09.608, 1, 54.75, 0, 210, 1215
2026/02/23 16:16:09.609, 2, 57.34, 0, 210, 1215
2026/02/23 16:16:09.609, 3, 55.41, 0, 210, 1215
2026/02/23 16:16:09.659, 0, 224.59, 100, 1410, 1215
2026/02/23 16:16:09.659, 1, 54.75, 0, 210, 1215
2026/02/23 16:16:09.659, 2, 57.34, 0, 210, 1215
2026/02/23 16:16:09.659, 3, 55.41, 0, 210, 1215
2026/02/23 16:16:09.709, 0, 224.59, 100, 1410, 1215
2026/02/23 16:16:09.709, 1, 54.75, 0, 210, 1215
2026/02/23 16:16:09.709, 2, 57.34, 0, 210, 1215
2026/02/23 16:16:09.710, 3, 55.41, 0, 210, 1215
2026/02/23 16:16:09.760, 0, 224.59, 100, 1410, 1215
2026/02/23 16:16:09.760, 1, 54.75, 0, 210, 1215
2026/02/23 16:16:09.760, 2, 57.01, 0, 210, 1215
2026/02/23 16:16:09.760, 3, 55.41, 0, 210, 1215
2026/02/23 16:16:09.810, 0, 224.59, 100, 1410, 1215
2026/02/23 16:16:09.810, 1, 54.75, 0, 210, 1215
2026/02/23 16:16:09.810, 2, 57.01, 0, 210, 1215
2026/02/23 16:16:09.810, 3, 55.41, 0, 210, 1215
2026/02/23 16:16:09.861, 0, 224.59, 100, 1410, 1215
2026/02/23 16:16:09.861, 1, 54.75, 0, 210, 1215
2026/02/23 16:16:09.861, 2, 57.01, 0, 210, 1215
2026/02/23 16:16:09.861, 3, 55.41, 0, 210, 1215
2026/02/23 16:16:09.911, 0, 224.59, 100, 1410, 1215
2026/02/23 16:16:09.911, 1, 54.75, 0, 210, 1215
2026/02/23 16:16:09.911, 2, 57.01, 0, 210, 1215
2026/02/23 16:16:09.911, 3, 55.41, 0, 210, 1215
2026/02/23 16:16:09.962, 0, 224.59, 100, 1410, 1215
2026/02/23 16:16:09.962, 1, 54.75, 0, 210, 1215
2026/02/23 16:16:09.962, 2, 57.06, 0, 210, 1215
2026/02/23 16:16:09.962, 3, 55.41, 0, 210, 1215
2026/02/23 16:16:10.012, 0, 224.59, 100, 1410, 1215
2026/02/23 16:16:10.012, 1, 54.75, 0, 210, 1215
2026/02/23 16:16:10.012, 2, 57.06, 0, 210, 1215
2026/02/23 16:16:10.012, 3, 55.41, 0, 210, 1215
2026/02/23 16:16:10.062, 0, 224.55, 100, 1410, 1215
2026/02/23 16:16:10.063, 1, 54.75, 0, 210, 1215
2026/02/23 16:16:10.063, 2, 57.34, 0, 210, 1215
2026/02/23 16:16:10.063, 3, 55.41, 0, 210, 1215
2026/02/23 16:16:10.113, 0, 224.55, 100, 1410, 1215
2026/02/23 16:16:10.113, 1, 54.75, 0, 210, 1215
2026/02/23 16:16:10.113, 2, 57.34, 0, 210, 1215
2026/02/23 16:16:10.113, 3, 55.41, 0, 210, 1215
2026/02/23 16:16:10.163, 0, 224.32, 100, 1410, 1215
2026/02/23 16:16:10.163, 1, 54.75, 0, 210, 1215
2026/02/23 16:16:10.164, 2, 57.34, 0, 210, 1215
2026/02/23 16:16:10.164, 3, 55.41, 0, 210, 1215
2026/02/23 16:16:10.214, 0, 224.32, 100, 1410, 1215
2026/02/23 16:16:10.214, 1, 54.75, 0, 210, 1215
2026/02/23 16:16:10.214, 2, 57.34, 0, 210, 1215
2026/02/23 16:16:10.214, 3, 55.41, 0, 210, 1215
2026/02/23 16:16:10.264, 0, 224.55, 100, 1410, 1215
2026/02/23 16:16:10.264, 1, 55.03, 0, 210, 1215
2026/02/23 16:16:10.264, 2, 57.06, 0, 210, 1215
2026/02/23 16:16:10.264, 3, 55.41, 0, 210, 1215
2026/02/23 16:16:10.315, 0, 224.55, 100, 1410, 1215
2026/02/23 16:16:10.315, 1, 55.03, 0, 210, 1215
2026/02/23 16:16:10.315, 2, 57.06, 0, 210, 1215
2026/02/23 16:16:10.315, 3, 55.47, 0, 210, 1215
2026/02/23 16:16:10.365, 0, 224.55, 100, 1410, 1215
2026/02/23 16:16:10.365, 1, 55.03, 0, 210, 1215
2026/02/23 16:16:10.365, 2, 57.34, 0, 210, 1215
2026/02/23 16:16:10.365, 3, 55.47, 0, 210, 1215
2026/02/23 16:16:10.416, 0, 224.55, 100, 1410, 1215
2026/02/23 16:16:10.416, 1, 55.03, 0, 210, 1215
2026/02/23 16:16:10.416, 2, 57.34, 0, 210, 1215
2026/02/23 16:16:10.416, 3, 55.41, 0, 210, 1215
2026/02/23 16:16:10.466, 0, 224.55, 100, 1410, 1215
2026/02/23 16:16:10.466, 1, 55.03, 0, 210, 1215
2026/02/23 16:16:10.466, 2, 57.06, 0, 210, 1215
2026/02/23 16:16:10.466, 3, 55.41, 0, 210, 1215
2026/02/23 16:16:10.516, 0, 224.55, 100, 1410, 1215
2026/02/23 16:16:10.517, 1, 55.03, 0, 210, 1215
2026/02/23 16:16:10.517, 2, 57.06, 0, 210, 1215
2026/02/23 16:16:10.517, 3, 55.47, 0, 210, 1215
2026/02/23 16:16:10.567, 0, 224.21, 100, 1410, 1215
2026/02/23 16:16:10.567, 1, 54.75, 0, 210, 1215
2026/02/23 16:16:10.567, 2, 57.34, 0, 210, 1215
2026/02/23 16:16:10.567, 3, 55.47, 0, 210, 1215
2026/02/23 16:16:10.617, 0, 224.21, 100, 1410, 1215
2026/02/23 16:16:10.617, 1, 54.75, 0, 210, 1215
2026/02/23 16:16:10.618, 2, 57.34, 0, 210, 1215
2026/02/23 16:16:10.618, 3, 55.47, 0, 210, 1215
2026/02/23 16:16:10.668, 0, 224.21, 100, 1410, 1215
2026/02/23 16:16:10.668, 1, 54.81, 0, 210, 1215
2026/02/23 16:16:10.668, 2, 57.06, 0, 210, 1215
2026/02/23 16:16:10.668, 3, 55.47, 0, 210, 1215
2026/02/23 16:16:10.718, 0, 224.21, 100, 1410, 1215
2026/02/23 16:16:10.718, 1, 54.81, 0, 210, 1215
2026/02/23 16:16:10.718, 2, 57.06, 0, 210, 1215
2026/02/23 16:16:10.719, 3, 55.47, 0, 210, 1215
2026/02/23 16:16:10.769, 0, 224.55, 100, 1410, 1215
2026/02/23 16:16:10.769, 1, 54.75, 0, 210, 1215
2026/02/23 16:16:10.769, 2, 57.34, 0, 210, 1215
2026/02/23 16:16:10.769, 3, 55.47, 0, 210, 1215
2026/02/23 16:16:10.819, 0, 224.55, 100, 1410, 1215
2026/02/23 16:16:10.819, 1, 54.75, 0, 210, 1215
2026/02/23 16:16:10.819, 2, 57.34, 0, 210, 1215
2026/02/23 16:16:10.819, 3, 55.47, 0, 210, 1215
2026/02/23 16:16:10.870, 0, 224.55, 100, 1410, 1215
2026/02/23 16:16:10.870, 1, 54.75, 0, 210, 1215
2026/02/23 16:16:10.870, 2, 57.34, 0, 210, 1215
2026/02/23 16:16:10.870, 3, 55.41, 0, 210, 1215
2026/02/23 16:16:10.920, 0, 224.55, 100, 1410, 1215
2026/02/23 16:16:10.920, 1, 54.75, 0, 210, 1215
2026/02/23 16:16:10.920, 2, 57.34, 0, 210, 1215
2026/02/23 16:16:10.920, 3, 55.41, 0, 210, 1215
2026/02/23 16:16:10.971, 0, 224.55, 100, 1410, 1215
2026/02/23 16:16:10.971, 1, 54.75, 0, 210, 1215
2026/02/23 16:16:10.971, 2, 57.06, 0, 210, 1215
2026/02/23 16:16:10.971, 3, 55.47, 0, 210, 1215
2026/02/23 16:16:11.021, 0, 224.55, 100, 1410, 1215
2026/02/23 16:16:11.021, 1, 54.75, 0, 210, 1215
2026/02/23 16:16:11.021, 2, 57.06, 0, 210, 1215
2026/02/23 16:16:11.021, 3, 55.47, 0, 210, 1215
2026/02/23 16:16:11.071, 0, 224.55, 100, 1410, 1215
2026/02/23 16:16:11.072, 1, 54.75, 0, 210, 1215
2026/02/23 16:16:11.072, 2, 57.06, 0, 210, 1215
2026/02/23 16:16:11.072, 3, 55.41, 0, 210, 1215
2026/02/23 16:16:11.122, 0, 224.32, 100, 1410, 1215
2026/02/23 16:16:11.122, 1, 54.75, 0, 210, 1215
2026/02/23 16:16:11.122, 2, 57.06, 0, 210, 1215
2026/02/23 16:16:11.122, 3, 55.41, 0, 210, 1215
2026/02/23 16:16:11.172, 0, 224.32, 100, 1410, 1215
2026/02/23 16:16:11.172, 1, 54.75, 0, 210, 1215
2026/02/23 16:16:11.172, 2, 57.34, 0, 210, 1215
2026/02/23 16:16:11.173, 3, 55.41, 0, 210, 1215
2026/02/23 16:16:11.223, 0, 224.55, 100, 1410, 1215
2026/02/23 16:16:11.223, 1, 54.75, 0, 210, 1215
2026/02/23 16:16:11.223, 2, 57.34, 0, 210, 1215
2026/02/23 16:16:11.223, 3, 55.41, 0, 210, 1215
2026/02/23 16:16:11.273, 0, 224.55, 100, 1410, 1215
2026/02/23 16:16:11.273, 1, 54.75, 0, 210, 1215
2026/02/23 16:16:11.273, 2, 57.06, 0, 210, 1215
2026/02/23 16:16:11.273, 3, 55.41, 0, 210, 1215
2026/02/23 16:16:11.324, 0, 224.59, 100, 1410, 1215
2026/02/23 16:16:11.324, 1, 54.75, 0, 210, 1215
2026/02/23 16:16:11.324, 2, 57.06, 0, 210, 1215
2026/02/23 16:16:11.324, 3, 55.41, 0, 210, 1215
2026/02/23 16:16:11.374, 0, 224.59, 100, 1410, 1215
2026/02/23 16:16:11.374, 1, 54.75, 0, 210, 1215
2026/02/23 16:16:11.374, 2, 57.34, 0, 210, 1215
2026/02/23 16:16:11.374, 3, 55.41, 0, 210, 1215
2026/02/23 16:16:11.425, 0, 224.92, 100, 1410, 1215
2026/02/23 16:16:11.425, 1, 54.75, 0, 210, 1215
2026/02/23 16:16:11.425, 2, 57.34, 0, 210, 1215
2026/02/23 16:16:11.425, 3, 55.41, 0, 210, 1215
2026/02/23 16:16:11.475, 0, 224.92, 100, 1410, 1215
2026/02/23 16:16:11.475, 1, 54.75, 0, 210, 1215
2026/02/23 16:16:11.475, 2, 57.06, 0, 210, 1215
2026/02/23 16:16:11.475, 3, 55.41, 0, 210, 1215
2026/02/23 16:16:11.525, 0, 224.59, 100, 1410, 1215
2026/02/23 16:16:11.526, 1, 54.75, 0, 210, 1215
2026/02/23 16:16:11.526, 2, 57.06, 0, 210, 1215
2026/02/23 16:16:11.526, 3, 55.41, 0, 210, 1215
2026/02/23 16:16:11.576, 0, 224.59, 100, 1410, 1215
2026/02/23 16:16:11.576, 1, 54.75, 0, 210, 1215
2026/02/23 16:16:11.576, 2, 57.01, 0, 210, 1215
2026/02/23 16:16:11.576, 3, 55.41, 0, 210, 1215
2026/02/23 16:16:11.626, 0, 224.59, 100, 1410, 1215
2026/02/23 16:16:11.626, 1, 54.75, 0, 210, 1215
2026/02/23 16:16:11.627, 2, 57.01, 0, 210, 1215
2026/02/23 16:16:11.627, 3, 55.41, 0, 210, 1215
2026/02/23 16:16:11.677, 0, 224.59, 100, 1410, 1215
2026/02/23 16:16:11.677, 1, 54.75, 0, 210, 1215
2026/02/23 16:16:11.677, 2, 57.06, 0, 210, 1215
2026/02/23 16:16:11.677, 3, 55.41, 0, 210, 1215
2026/02/23 16:16:11.727, 0, 225.43, 100, 1410, 1215
2026/02/23 16:16:11.727, 1, 54.75, 0, 210, 1215
2026/02/23 16:16:11.727, 2, 57.06, 0, 210, 1215
2026/02/23 16:16:11.728, 3, 55.41, 0, 210, 1215
2026/02/23 16:16:11.778, 0, 225.43, 100, 1410, 1215
2026/02/23 16:16:11.778, 1, 54.75, 0, 210, 1215
2026/02/23 16:16:11.778, 2, 57.06, 0, 210, 1215
2026/02/23 16:16:11.778, 3, 55.41, 0, 210, 1215
2026/02/23 16:16:11.828, 0, 225.19, 100, 1410, 1215
2026/02/23 16:16:11.828, 1, 54.75, 0, 210, 1215
2026/02/23 16:16:11.828, 2, 57.06, 0, 210, 1215
2026/02/23 16:16:11.828, 3, 55.41, 0, 210, 1215
2026/02/23 16:16:11.879, 0, 225.19, 100, 1410, 1215
2026/02/23 16:16:11.880, 1, 54.75, 0, 210, 1215
2026/02/23 16:16:11.880, 2, 57.06, 0, 210, 1215
2026/02/23 16:16:11.880, 3, 55.41, 0, 210, 1215
2026/02/23 16:16:11.930, 0, 225.15, 100, 1410, 1215
2026/02/23 16:16:11.930, 1, 54.75, 0, 210, 1215
2026/02/23 16:16:11.930, 2, 57.06, 0, 210, 1215
2026/02/23 16:16:11.930, 3, 55.41, 0, 210, 1215
2026/02/23 16:16:11.981, 0, 225.15, 100, 1410, 1215
2026/02/23 16:16:11.981, 1, 54.75, 0, 210, 1215
2026/02/23 16:16:11.981, 2, 57.06, 0, 210, 1215
2026/02/23 16:16:11.981, 3, 55.41, 0, 210, 1215
2026/02/23 16:16:12.031, 0, 225.43, 100, 1410, 1215
2026/02/23 16:16:12.031, 1, 54.75, 0, 210, 1215
2026/02/23 16:16:12.031, 2, 57.06, 0, 210, 1215
2026/02/23 16:16:12.031, 3, 55.41, 0, 210, 1215
2026/02/23 16:16:12.081, 0, 225.43, 100, 1410, 1215
2026/02/23 16:16:12.081, 1, 54.75, 0, 210, 1215
2026/02/23 16:16:12.082, 2, 57.06, 0, 210, 1215
2026/02/23 16:16:12.082, 3, 55.41, 0, 210, 1215
2026/02/23 16:16:12.132, 0, 225.15, 100, 1410, 1215
2026/02/23 16:16:12.132, 1, 54.75, 0, 210, 1215
2026/02/23 16:16:12.132, 2, 57.06, 0, 210, 1215
2026/02/23 16:16:12.132, 3, 55.41, 0, 210, 1215
2026/02/23 16:16:12.182, 0, 225.15, 100, 1410, 1215
2026/02/23 16:16:12.182, 1, 54.75, 0, 210, 1215
2026/02/23 16:16:12.182, 2, 57.06, 0, 210, 1215
2026/02/23 16:16:12.183, 3, 55.41, 0, 210, 1215
2026/02/23 16:16:12.233, 0, 225.43, 100, 1410, 1215
2026/02/23 16:16:12.233, 1, 54.75, 0, 210, 1215
2026/02/23 16:16:12.233, 2, 57.06, 0, 210, 1215
2026/02/23 16:16:12.233, 3, 55.41, 0, 210, 1215
2026/02/23 16:16:12.283, 0, 225.43, 100, 1410, 1215
2026/02/23 16:16:12.283, 1, 54.75, 0, 210, 1215
2026/02/23 16:16:12.283, 2, 57.06, 0, 210, 1215
2026/02/23 16:16:12.283, 3, 55.41, 0, 210, 1215
2026/02/23 16:16:12.334, 0, 225.43, 100, 1410, 1215
2026/02/23 16:16:12.334, 1, 54.75, 0, 210, 1215
2026/02/23 16:16:12.334, 2, 57.06, 0, 210, 1215
2026/02/23 16:16:12.334, 3, 55.41, 0, 210, 1215
2026/02/23 16:16:12.384, 0, 225.43, 100, 1410, 1215
2026/02/23 16:16:12.384, 1, 54.75, 0, 210, 1215
2026/02/23 16:16:12.384, 2, 57.06, 0, 210, 1215
2026/02/23 16:16:12.384, 3, 55.41, 0, 210, 1215
2026/02/23 16:16:12.434, 0, 225.15, 100, 1410, 1215
2026/02/23 16:16:12.435, 1, 54.75, 0, 210, 1215
2026/02/23 16:16:12.435, 2, 57.06, 0, 210, 1215
2026/02/23 16:16:12.435, 3, 55.41, 0, 210, 1215
2026/02/23 16:16:12.485, 0, 225.15, 100, 1410, 1215
2026/02/23 16:16:12.485, 1, 54.75, 0, 210, 1215
2026/02/23 16:16:12.485, 2, 57.06, 0, 210, 1215
2026/02/23 16:16:12.485, 3, 55.41, 0, 210, 1215
2026/02/23 16:16:12.535, 0, 224.92, 100, 1410, 1215
2026/02/23 16:16:12.535, 1, 54.75, 0, 210, 1215
2026/02/23 16:16:12.536, 2, 57.06, 0, 210, 1215
2026/02/23 16:16:12.536, 3, 55.41, 0, 210, 1215
2026/02/23 16:16:12.586, 0, 224.92, 100, 1410, 1215
2026/02/23 16:16:12.586, 1, 54.75, 0, 210, 1215
2026/02/23 16:16:12.586, 2, 57.01, 0, 210, 1215
2026/02/23 16:16:12.586, 3, 55.41, 0, 210, 1215
2026/02/23 16:16:12.636, 0, 225.19, 100, 1410, 1215
2026/02/23 16:16:12.636, 1, 54.75, 0, 210, 1215
2026/02/23 16:16:12.636, 2, 57.01, 0, 210, 1215
2026/02/23 16:16:12.637, 3, 55.41, 0, 210, 1215
2026/02/23 16:16:12.687, 0, 225.19, 100, 1410, 1215
2026/02/23 16:16:12.687, 1, 54.75, 0, 210, 1215
2026/02/23 16:16:12.687, 2, 57.34, 0, 210, 1215
2026/02/23 16:16:12.687, 3, 55.41, 0, 210, 1215
2026/02/23 16:16:12.737, 0, 224.92, 100, 1410, 1215
2026/02/23 16:16:12.737, 1, 54.75, 0, 210, 1215
2026/02/23 16:16:12.737, 2, 57.34, 0, 210, 1215
2026/02/23 16:16:12.737, 3, 55.41, 0, 210, 1215
2026/02/23 16:16:12.788, 0, 224.92, 100, 1410, 1215
2026/02/23 16:16:12.788, 1, 54.75, 0, 210, 1215
2026/02/23 16:16:12.788, 2, 57.01, 0, 210, 1215
2026/02/23 16:16:12.788, 3, 55.41, 0, 210, 1215
2026/02/23 16:16:12.838, 0, 224.59, 100, 1410, 1215
2026/02/23 16:16:12.838, 1, 54.75, 0, 210, 1215
2026/02/23 16:16:12.838, 2, 57.01, 0, 210, 1215
2026/02/23 16:16:12.838, 3, 55.41, 0, 210, 1215
2026/02/23 16:16:12.888, 0, 224.59, 100, 1410, 1215
2026/02/23 16:16:12.889, 1, 54.75, 0, 210, 1215
2026/02/23 16:16:12.889, 2, 57.28, 0, 210, 1215
2026/02/23 16:16:12.889, 3, 55.41, 0, 210, 1215
2026/02/23 16:16:12.939, 0, 224.92, 100, 1410, 1215
2026/02/23 16:16:12.939, 1, 54.75, 0, 210, 1215
2026/02/23 16:16:12.939, 2, 57.28, 0, 210, 1215
2026/02/23 16:16:12.939, 3, 55.41, 0, 210, 1215
2026/02/23 16:16:12.989, 0, 224.92, 100, 1410, 1215
2026/02/23 16:16:12.989, 1, 54.75, 0, 210, 1215
2026/02/23 16:16:12.990, 2, 57.06, 0, 210, 1215
2026/02/23 16:16:12.990, 3, 55.41, 0, 210, 1215
2026/02/23 16:16:13.040, 0, 224.55, 100, 1410, 1215
2026/02/23 16:16:13.040, 1, 54.75, 0, 210, 1215
2026/02/23 16:16:13.040, 2, 57.06, 0, 210, 1215
2026/02/23 16:16:13.040, 3, 55.41, 0, 210, 1215
2026/02/23 16:16:13.090, 0, 224.55, 100, 1410, 1215
2026/02/23 16:16:13.090, 1, 54.75, 0, 210, 1215
2026/02/23 16:16:13.090, 2, 57.06, 0, 210, 1215
2026/02/23 16:16:13.091, 3, 55.41, 0, 210, 1215
2026/02/23 16:16:13.141, 0, 224.59, 100, 1410, 1215
2026/02/23 16:16:13.141, 1, 54.75, 0, 210, 1215
2026/02/23 16:16:13.141, 2, 57.06, 0, 210, 1215
2026/02/23 16:16:13.141, 3, 55.41, 0, 210, 1215
2026/02/23 16:16:13.191, 0, 224.59, 100, 1410, 1215
2026/02/23 16:16:13.191, 1, 54.75, 0, 210, 1215
2026/02/23 16:16:13.191, 2, 57.06, 0, 210, 1215
2026/02/23 16:16:13.191, 3, 55.41, 0, 210, 1215
2026/02/23 16:16:13.242, 0, 224.82, 100, 1410, 1215
2026/02/23 16:16:13.242, 1, 54.75, 0, 210, 1215
2026/02/23 16:16:13.242, 2, 57.06, 0, 210, 1215
2026/02/23 16:16:13.242, 3, 55.41, 0, 210, 1215
2026/02/23 16:16:13.292, 0, 224.82, 100, 1410, 1215
2026/02/23 16:16:13.292, 1, 54.75, 0, 210, 1215
2026/02/23 16:16:13.292, 2, 57.06, 0, 210, 1215
2026/02/23 16:16:13.292, 3, 55.47, 0, 210, 1215
2026/02/23 16:16:13.343, 0, 224.55, 100, 1410, 1215
2026/02/23 16:16:13.343, 1, 54.75, 0, 210, 1215
2026/02/23 16:16:13.343, 2, 57.06, 0, 210, 1215
2026/02/23 16:16:13.343, 3, 55.47, 0, 210, 1215
2026/02/23 16:16:13.393, 0, 224.55, 100, 1410, 1215
2026/02/23 16:16:13.393, 1, 54.75, 0, 210, 1215
2026/02/23 16:16:13.393, 2, 57.06, 0, 210, 1215
2026/02/23 16:16:13.393, 3, 55.41, 0, 210, 1215
2026/02/23 16:16:13.443, 0, 224.55, 100, 1410, 1215
2026/02/23 16:16:13.443, 1, 54.75, 0, 210, 1215
2026/02/23 16:16:13.444, 2, 57.06, 0, 210, 1215
2026/02/23 16:16:13.444, 3, 55.41, 0, 210, 1215
2026/02/23 16:16:13.494, 0, 224.55, 100, 1410, 1215
2026/02/23 16:16:13.494, 1, 54.75, 0, 210, 1215
2026/02/23 16:16:13.494, 2, 57.06, 0, 210, 1215
2026/02/23 16:16:13.494, 3, 55.41, 0, 210, 1215
2026/02/23 16:16:13.544, 0, 224.55, 100, 1410, 1215
2026/02/23 16:16:13.544, 1, 54.75, 0, 210, 1215
2026/02/23 16:16:13.544, 2, 57.06, 0, 210, 1215
2026/02/23 16:16:13.545, 3, 55.41, 0, 210, 1215
2026/02/23 16:16:13.595, 0, 224.55, 100, 1410, 1215
2026/02/23 16:16:13.595, 1, 54.75, 0, 210, 1215
2026/02/23 16:16:13.595, 2, 57.06, 0, 210, 1215
2026/02/23 16:16:13.595, 3, 55.41, 0, 210, 1215
2026/02/23 16:16:13.645, 0, 224.82, 100, 1410, 1215
2026/02/23 16:16:13.645, 1, 54.75, 0, 210, 1215
2026/02/23 16:16:13.645, 2, 57.06, 0, 210, 1215
2026/02/23 16:16:13.645, 3, 55.41, 0, 210, 1215
2026/02/23 16:16:13.696, 0, 224.82, 100, 1410, 1215
2026/02/23 16:16:13.696, 1, 54.75, 0, 210, 1215
2026/02/23 16:16:13.696, 2, 57.06, 0, 210, 1215
2026/02/23 16:16:13.696, 3, 55.41, 0, 210, 1215
2026/02/23 16:16:13.746, 0, 224.55, 100, 1410, 1215
2026/02/23 16:16:13.746, 1, 54.75, 0, 210, 1215
2026/02/23 16:16:13.746, 2, 57.06, 0, 210, 1215
2026/02/23 16:16:13.746, 3, 55.41, 0, 210, 1215
2026/02/23 16:16:13.797, 0, 224.55, 100, 1410, 1215
2026/02/23 16:16:13.797, 1, 54.75, 0, 210, 1215
2026/02/23 16:16:13.797, 2, 57.06, 0, 210, 1215
2026/02/23 16:16:13.797, 3, 55.41, 0, 210, 1215
2026/02/23 16:16:13.847, 0, 224.55, 100, 1410, 1215
2026/02/23 16:16:13.847, 1, 54.75, 0, 210, 1215
2026/02/23 16:16:13.847, 2, 57.06, 0, 210, 1215
2026/02/23 16:16:13.847, 3, 55.41, 0, 210, 1215
2026/02/23 16:16:13.897, 0, 224.55, 100, 1410, 1215
2026/02/23 16:16:13.897, 1, 54.75, 0, 210, 1215
2026/02/23 16:16:13.898, 2, 57.06, 0, 210, 1215
2026/02/23 16:16:13.898, 3, 55.41, 0, 210, 1215
2026/02/23 16:16:13.948, 0, 224.82, 100, 1410, 1215
2026/02/23 16:16:13.948, 1, 54.75, 0, 210, 1215
2026/02/23 16:16:13.948, 2, 57.06, 0, 210, 1215
2026/02/23 16:16:13.948, 3, 55.41, 0, 210, 1215
2026/02/23 16:16:13.998, 0, 224.82, 100, 1410, 1215
2026/02/23 16:16:13.998, 1, 54.75, 0, 210, 1215
2026/02/23 16:16:13.998, 2, 57.06, 0, 210, 1215
2026/02/23 16:16:13.999, 3, 55.41, 0, 210, 1215
2026/02/23 16:16:14.049, 0, 224.82, 100, 1410, 1215
2026/02/23 16:16:14.049, 1, 54.75, 0, 210, 1215
2026/02/23 16:16:14.049, 2, 57.06, 0, 210, 1215
2026/02/23 16:16:14.049, 3, 55.41, 0, 210, 1215
2026/02/23 16:16:14.099, 0, 224.82, 100, 1410, 1215
2026/02/23 16:16:14.099, 1, 54.75, 0, 210, 1215
2026/02/23 16:16:14.099, 2, 57.34, 0, 210, 1215
2026/02/23 16:16:14.099, 3, 55.41, 0, 210, 1215
2026/02/23 16:16:14.150, 0, 224.59, 100, 1410, 1215
2026/02/23 16:16:14.150, 1, 54.75, 0, 210, 1215
2026/02/23 16:16:14.150, 2, 57.34, 0, 210, 1215
2026/02/23 16:16:14.150, 3, 55.41, 0, 210, 1215
2026/02/23 16:16:14.200, 0, 224.59, 100, 1410, 1215
2026/02/23 16:16:14.200, 1, 54.75, 0, 210, 1215
2026/02/23 16:16:14.200, 2, 57.06, 0, 210, 1215
2026/02/23 16:16:14.200, 3, 55.41, 0, 210, 1215
2026/02/23 16:16:14.251, 0, 224.55, 100, 1410, 1215
2026/02/23 16:16:14.251, 1, 54.75, 0, 210, 1215
2026/02/23 16:16:14.251, 2, 57.06, 0, 210, 1215
2026/02/23 16:16:14.251, 3, 55.41, 0, 210, 1215
2026/02/23 16:16:14.301, 0, 224.55, 100, 1410, 1215
2026/02/23 16:16:14.301, 1, 54.75, 0, 210, 1215
2026/02/23 16:16:14.301, 2, 57.06, 0, 210, 1215
2026/02/23 16:16:14.301, 3, 55.41, 0, 210, 1215
2026/02/23 16:16:14.351, 0, 224.55, 100, 1410, 1215
2026/02/23 16:16:14.352, 1, 54.75, 0, 210, 1215
2026/02/23 16:16:14.352, 2, 57.06, 0, 210, 1215
2026/02/23 16:16:14.352, 3, 55.41, 0, 210, 1215
2026/02/23 16:16:14.402, 0, 224.55, 100, 1410, 1215
2026/02/23 16:16:14.402, 1, 54.75, 0, 210, 1215
2026/02/23 16:16:14.402, 2, 57.06, 0, 210, 1215
2026/02/23 16:16:14.402, 3, 55.41, 0, 210, 1215
2026/02/23 16:16:14.452, 0, 224.82, 100, 1410, 1215
2026/02/23 16:16:14.452, 1, 54.75, 0, 210, 1215
2026/02/23 16:16:14.452, 2, 57.06, 0, 210, 1215
2026/02/23 16:16:14.453, 3, 55.41, 0, 210, 1215
2026/02/23 16:16:14.503, 0, 224.82, 100, 1410, 1215
2026/02/23 16:16:14.503, 1, 54.75, 0, 210, 1215
2026/02/23 16:16:14.503, 2, 57.06, 0, 210, 1215
2026/02/23 16:16:14.503, 3, 55.41, 0, 210, 1215
2026/02/23 16:16:14.553, 0, 224.55, 100, 1410, 1215
2026/02/23 16:16:14.553, 1, 54.75, 0, 210, 1215
2026/02/23 16:16:14.553, 2, 57.06, 0, 210, 1215
2026/02/23 16:16:14.553, 3, 55.41, 0, 210, 1215
2026/02/23 16:16:14.604, 0, 224.55, 100, 1410, 1215
2026/02/23 16:16:14.604, 1, 54.75, 0, 210, 1215
2026/02/23 16:16:14.604, 2, 57.06, 0, 210, 1215
2026/02/23 16:16:14.604, 3, 55.41, 0, 210, 1215
2026/02/23 16:16:14.654, 0, 224.55, 100, 1410, 1215
2026/02/23 16:16:14.654, 1, 54.75, 0, 210, 1215
2026/02/23 16:16:14.654, 2, 57.06, 0, 210, 1215
2026/02/23 16:16:14.654, 3, 55.41, 0, 210, 1215
2026/02/23 16:16:14.705, 0, 224.55, 100, 1410, 1215
2026/02/23 16:16:14.705, 1, 54.75, 0, 210, 1215
2026/02/23 16:16:14.705, 2, 57.06, 0, 210, 1215
2026/02/23 16:16:14.705, 3, 55.41, 0, 210, 1215
2026/02/23 16:16:14.755, 0, 224.82, 100, 1410, 1215
2026/02/23 16:16:14.755, 1, 54.75, 0, 210, 1215
2026/02/23 16:16:14.755, 2, 57.06, 0, 210, 1215
2026/02/23 16:16:14.755, 3, 55.41, 0, 210, 1215
2026/02/23 16:16:14.805, 0, 224.82, 100, 1410, 1215
2026/02/23 16:16:14.806, 1, 54.75, 0, 210, 1215
2026/02/23 16:16:14.806, 2, 57.06, 0, 210, 1215
2026/02/23 16:16:14.806, 3, 55.41, 0, 210, 1215
2026/02/23 16:16:14.856, 0, 224.59, 100, 1410, 1215
2026/02/23 16:16:14.856, 1, 54.75, 0, 210, 1215
2026/02/23 16:16:14.856, 2, 57.06, 0, 210, 1215
2026/02/23 16:16:14.856, 3, 55.41, 0, 210, 1215
2026/02/23 16:16:14.906, 0, 224.59, 100, 1410, 1215
2026/02/23 16:16:14.906, 1, 54.75, 0, 210, 1215
2026/02/23 16:16:14.907, 2, 57.06, 0, 210, 1215
2026/02/23 16:16:14.907, 3, 55.41, 0, 210, 1215
2026/02/23 16:16:14.957, 0, 224.82, 100, 1410, 1215
2026/02/23 16:16:14.957, 1, 54.75, 0, 210, 1215
2026/02/23 16:16:14.957, 2, 57.06, 0, 210, 1215
2026/02/23 16:16:14.957, 3, 55.41, 0, 210, 1215
2026/02/23 16:16:15.007, 0, 224.82, 100, 1410, 1215
2026/02/23 16:16:15.007, 1, 54.75, 0, 210, 1215
2026/02/23 16:16:15.007, 2, 57.06, 0, 210, 1215
2026/02/23 16:16:15.008, 3, 55.41, 0, 210, 1215
2026/02/23 16:16:15.058, 0, 225.43, 100, 1410, 1215
2026/02/23 16:16:15.058, 1, 54.75, 0, 210, 1215
2026/02/23 16:16:15.058, 2, 57.06, 0, 210, 1215
2026/02/23 16:16:15.058, 3, 55.41, 0, 210, 1215
2026/02/23 16:16:15.108, 0, 225.43, 100, 1410, 1215
2026/02/23 16:16:15.108, 1, 54.75, 0, 210, 1215
2026/02/23 16:16:15.108, 2, 57.06, 0, 210, 1215
2026/02/23 16:16:15.108, 3, 55.41, 0, 210, 1215
2026/02/23 16:16:15.159, 0, 225.43, 100, 1410, 1215
2026/02/23 16:16:15.159, 1, 54.75, 0, 210, 1215
2026/02/23 16:16:15.159, 2, 57.06, 0, 210, 1215
2026/02/23 16:16:15.159, 3, 55.41, 0, 210, 1215
2026/02/23 16:16:15.209, 0, 225.43, 100, 1410, 1215
2026/02/23 16:16:15.209, 1, 54.75, 0, 210, 1215
2026/02/23 16:16:15.209, 2, 57.06, 0, 210, 1215
2026/02/23 16:16:15.209, 3, 55.41, 0, 210, 1215
2026/02/23 16:16:15.259, 0, 225.15, 100, 1410, 1215
2026/02/23 16:16:15.260, 1, 54.75, 0, 210, 1215
2026/02/23 16:16:15.260, 2, 57.06, 0, 210, 1215
2026/02/23 16:16:15.260, 3, 55.41, 0, 210, 1215
2026/02/23 16:16:15.310, 0, 225.15, 100, 1410, 1215
2026/02/23 16:16:15.310, 1, 54.75, 0, 210, 1215
2026/02/23 16:16:15.310, 2, 57.06, 0, 210, 1215
2026/02/23 16:16:15.310, 3, 55.41, 0, 210, 1215
2026/02/23 16:16:15.360, 0, 225.15, 100, 1410, 1215
2026/02/23 16:16:15.360, 1, 54.75, 0, 210, 1215
2026/02/23 16:16:15.361, 2, 57.06, 0, 210, 1215
2026/02/23 16:16:15.361, 3, 55.41, 0, 210, 1215
2026/02/23 16:16:15.411, 0, 225.15, 100, 1410, 1215
2026/02/23 16:16:15.411, 1, 54.75, 0, 210, 1215
2026/02/23 16:16:15.411, 2, 57.06, 0, 210, 1215
2026/02/23 16:16:15.411, 3, 55.41, 0, 210, 1215
2026/02/23 16:16:15.461, 0, 225.15, 100, 1410, 1215
2026/02/23 16:16:15.461, 1, 54.75, 0, 210, 1215
2026/02/23 16:16:15.461, 2, 57.06, 0, 210, 1215
2026/02/23 16:16:15.462, 3, 55.41, 0, 210, 1215
2026/02/23 16:16:15.512, 0, 225.15, 100, 1410, 1215
2026/02/23 16:16:15.512, 1, 54.75, 0, 210, 1215
2026/02/23 16:16:15.512, 2, 57.06, 0, 210, 1215
2026/02/23 16:16:15.512, 3, 55.41, 0, 210, 1215
2026/02/23 16:16:15.562, 0, 224.92, 100, 1410, 1215
2026/02/23 16:16:15.562, 1, 54.70, 0, 210, 1215
2026/02/23 16:16:15.562, 2, 57.06, 0, 210, 1215
2026/02/23 16:16:15.562, 3, 55.41, 0, 210, 1215
2026/02/23 16:16:15.613, 0, 224.92, 100, 1410, 1215
2026/02/23 16:16:15.613, 1, 54.70, 0, 210, 1215
2026/02/23 16:16:15.613, 2, 57.06, 0, 210, 1215
2026/02/23 16:16:15.613, 3, 55.41, 0, 210, 1215
2026/02/23 16:16:15.663, 0, 224.59, 100, 1410, 1215
2026/02/23 16:16:15.663, 1, 54.75, 0, 210, 1215
2026/02/23 16:16:15.663, 2, 57.06, 0, 210, 1215
2026/02/23 16:16:15.663, 3, 55.41, 0, 210, 1215
2026/02/23 16:16:15.714, 0, 224.59, 100, 1410, 1215
2026/02/23 16:16:15.714, 1, 54.75, 0, 210, 1215
2026/02/23 16:16:15.714, 2, 57.06, 0, 210, 1215
2026/02/23 16:16:15.714, 3, 55.47, 0, 210, 1215
2026/02/23 16:16:15.764, 0, 225.15, 100, 1410, 1215
2026/02/23 16:16:15.764, 1, 54.75, 0, 210, 1215
2026/02/23 16:16:15.764, 2, 57.06, 0, 210, 1215
2026/02/23 16:16:15.764, 3, 55.47, 0, 210, 1215
2026/02/23 16:16:15.814, 0, 225.15, 100, 1410, 1215
2026/02/23 16:16:15.814, 1, 54.75, 0, 210, 1215
2026/02/23 16:16:15.815, 2, 57.06, 0, 210, 1215
2026/02/23 16:16:15.815, 3, 55.41, 0, 210, 1215
2026/02/23 16:16:15.865, 0, 224.92, 100, 1410, 1215
2026/02/23 16:16:15.865, 1, 54.75, 0, 210, 1215
2026/02/23 16:16:15.865, 2, 57.06, 0, 210, 1215
2026/02/23 16:16:15.865, 3, 55.41, 0, 210, 1215
2026/02/23 16:16:15.915, 0, 224.92, 100, 1410, 1215
2026/02/23 16:16:15.915, 1, 54.75, 0, 210, 1215
2026/02/23 16:16:15.915, 2, 57.06, 0, 210, 1215
2026/02/23 16:16:15.916, 3, 55.41, 0, 210, 1215
2026/02/23 16:16:15.966, 0, 224.82, 100, 1410, 1215
2026/02/23 16:16:15.966, 1, 54.75, 0, 210, 1215
2026/02/23 16:16:15.966, 2, 57.06, 0, 210, 1215
2026/02/23 16:16:15.966, 3, 55.41, 0, 210, 1215
2026/02/23 16:16:16.016, 0, 224.82, 100, 1410, 1215
2026/02/23 16:16:16.016, 1, 54.75, 0, 210, 1215
2026/02/23 16:16:16.016, 2, 57.06, 0, 210, 1215
2026/02/23 16:16:16.016, 3, 55.41, 0, 210, 1215
2026/02/23 16:16:16.067, 0, 224.82, 100, 1410, 1215
2026/02/23 16:16:16.067, 1, 54.75, 0, 210, 1215
2026/02/23 16:16:16.067, 2, 57.06, 0, 210, 1215
2026/02/23 16:16:16.067, 3, 55.41, 0, 210, 1215
2026/02/23 16:16:16.117, 0, 224.82, 100, 1410, 1215
2026/02/23 16:16:16.117, 1, 54.75, 0, 210, 1215
2026/02/23 16:16:16.117, 2, 57.06, 0, 210, 1215
2026/02/23 16:16:16.117, 3, 55.41, 0, 210, 1215
2026/02/23 16:16:16.168, 0, 224.82, 100, 1410, 1215
2026/02/23 16:16:16.168, 1, 54.75, 0, 210, 1215
2026/02/23 16:16:16.168, 2, 57.06, 0, 210, 1215
2026/02/23 16:16:16.168, 3, 55.41, 0, 210, 1215
2026/02/23 16:16:16.218, 0, 224.82, 100, 1410, 1215
2026/02/23 16:16:16.218, 1, 54.75, 0, 210, 1215
2026/02/23 16:16:16.218, 2, 57.06, 0, 210, 1215
2026/02/23 16:16:16.218, 3, 55.41, 0, 210, 1215
2026/02/23 16:16:16.268, 0, 224.82, 100, 1410, 1215
2026/02/23 16:16:16.269, 1, 54.75, 0, 210, 1215
2026/02/23 16:16:16.269, 2, 57.06, 0, 210, 1215
2026/02/23 16:16:16.269, 3, 55.41, 0, 210, 1215
2026/02/23 16:16:16.319, 0, 224.82, 100, 1410, 1215
2026/02/23 16:16:16.319, 1, 54.75, 0, 210, 1215
2026/02/23 16:16:16.319, 2, 57.06, 0, 210, 1215
2026/02/23 16:16:16.319, 3, 55.41, 0, 210, 1215
2026/02/23 16:16:16.369, 0, 224.82, 100, 1410, 1215
2026/02/23 16:16:16.369, 1, 54.75, 0, 210, 1215
2026/02/23 16:16:16.369, 2, 57.06, 0, 210, 1215
2026/02/23 16:16:16.370, 3, 55.41, 0, 210, 1215
2026/02/23 16:16:16.420, 0, 224.82, 100, 1410, 1215
2026/02/23 16:16:16.420, 1, 54.75, 0, 210, 1215
2026/02/23 16:16:16.420, 2, 57.06, 0, 210, 1215
2026/02/23 16:16:16.420, 3, 55.41, 0, 210, 1215
2026/02/23 16:16:16.470, 0, 224.82, 100, 1410, 1215
2026/02/23 16:16:16.470, 1, 54.75, 0, 210, 1215
2026/02/23 16:16:16.470, 2, 57.06, 0, 210, 1215
2026/02/23 16:16:16.470, 3, 55.41, 0, 210, 1215
2026/02/23 16:16:16.521, 0, 224.32, 100, 1410, 1215
2026/02/23 16:16:16.521, 1, 54.75, 0, 210, 1215
2026/02/23 16:16:16.521, 2, 57.06, 0, 210, 1215
2026/02/23 16:16:16.521, 3, 55.41, 0, 210, 1215
2026/02/23 16:16:16.571, 0, 224.32, 100, 1410, 1215
2026/02/23 16:16:16.571, 1, 54.75, 0, 210, 1215
2026/02/23 16:16:16.571, 2, 57.06, 0, 210, 1215
2026/02/23 16:16:16.571, 3, 55.41, 0, 210, 1215
2026/02/23 16:16:16.622, 0, 224.59, 100, 1410, 1215
2026/02/23 16:16:16.622, 1, 54.75, 0, 210, 1215
2026/02/23 16:16:16.622, 2, 57.06, 0, 210, 1215
2026/02/23 16:16:16.622, 3, 55.41, 0, 210, 1215
2026/02/23 16:16:16.672, 0, 224.59, 100, 1410, 1215
2026/02/23 16:16:16.672, 1, 54.81, 0, 210, 1215
2026/02/23 16:16:16.672, 2, 57.06, 0, 210, 1215
2026/02/23 16:16:16.672, 3, 55.47, 0, 210, 1215
2026/02/23 16:16:16.722, 0, 224.82, 100, 1410, 1215
2026/02/23 16:16:16.723, 1, 54.81, 0, 210, 1215
2026/02/23 16:16:16.723, 2, 57.06, 0, 210, 1215
2026/02/23 16:16:16.723, 3, 55.47, 0, 210, 1215
2026/02/23 16:16:16.773, 0, 224.82, 100, 1410, 1215
2026/02/23 16:16:16.773, 1, 54.75, 0, 210, 1215
2026/02/23 16:16:16.773, 2, 57.06, 0, 210, 1215
2026/02/23 16:16:16.773, 3, 55.41, 0, 210, 1215
2026/02/23 16:16:16.823, 0, 224.55, 100, 1410, 1215
2026/02/23 16:16:16.823, 1, 54.75, 0, 210, 1215
2026/02/23 16:16:16.824, 2, 57.06, 0, 210, 1215
2026/02/23 16:16:16.824, 3, 55.41, 0, 210, 1215
2026/02/23 16:16:16.874, 0, 224.55, 100, 1410, 1215
2026/02/23 16:16:16.874, 1, 54.75, 0, 210, 1215
2026/02/23 16:16:16.874, 2, 57.06, 0, 210, 1215
2026/02/23 16:16:16.874, 3, 55.41, 0, 210, 1215
2026/02/23 16:16:16.924, 0, 224.59, 100, 1410, 1215
2026/02/23 16:16:16.924, 1, 54.75, 0, 210, 1215
2026/02/23 16:16:16.924, 2, 57.06, 0, 210, 1215
2026/02/23 16:16:16.925, 3, 55.41, 0, 210, 1215
2026/02/23 16:16:16.975, 0, 224.59, 100, 1410, 1215
2026/02/23 16:16:16.975, 1, 54.75, 0, 210, 1215
2026/02/23 16:16:16.975, 2, 57.01, 0, 210, 1215
2026/02/23 16:16:16.975, 3, 55.41, 0, 210, 1215
2026/02/23 16:16:17.025, 0, 224.32, 100, 1410, 1215
2026/02/23 16:16:17.025, 1, 54.75, 0, 210, 1215
2026/02/23 16:16:17.025, 2, 57.01, 0, 210, 1215
2026/02/23 16:16:17.025, 3, 55.41, 0, 210, 1215
2026/02/23 16:16:17.076, 0, 224.32, 100, 1410, 1215
2026/02/23 16:16:17.076, 1, 54.75, 0, 210, 1215
2026/02/23 16:16:17.076, 2, 57.06, 0, 210, 1215
2026/02/23 16:16:17.076, 3, 55.41, 0, 210, 1215
2026/02/23 16:16:17.126, 0, 224.59, 100, 1410, 1215
2026/02/23 16:16:17.126, 1, 54.75, 0, 210, 1215
2026/02/23 16:16:17.126, 2, 57.06, 0, 210, 1215
2026/02/23 16:16:17.126, 3, 55.41, 0, 210, 1215
2026/02/23 16:16:17.176, 0, 224.59, 100, 1410, 1215
2026/02/23 16:16:17.177, 1, 54.75, 0, 210, 1215
2026/02/23 16:16:17.177, 2, 57.06, 0, 210, 1215
2026/02/23 16:16:17.177, 3, 55.47, 0, 210, 1215
2026/02/23 16:16:17.227, 0, 224.55, 100, 1410, 1215
2026/02/23 16:16:17.227, 1, 54.75, 0, 210, 1215
2026/02/23 16:16:17.227, 2, 57.06, 0, 210, 1215
2026/02/23 16:16:17.227, 3, 55.47, 0, 210, 1215
2026/02/23 16:16:17.277, 0, 224.55, 100, 1410, 1215
2026/02/23 16:16:17.277, 1, 54.75, 0, 210, 1215
2026/02/23 16:16:17.278, 2, 57.06, 0, 210, 1215
2026/02/23 16:16:17.278, 3, 55.47, 0, 210, 1215
2026/02/23 16:16:17.328, 0, 224.82, 100, 1410, 1215
2026/02/23 16:16:17.328, 1, 54.75, 0, 210, 1215
2026/02/23 16:16:17.328, 2, 57.06, 0, 210, 1215
2026/02/23 16:16:17.328, 3, 55.47, 0, 210, 1215
2026/02/23 16:16:17.378, 0, 224.82, 100, 1410, 1215
2026/02/23 16:16:17.378, 1, 54.75, 0, 210, 1215
2026/02/23 16:16:17.378, 2, 57.06, 0, 210, 1215
2026/02/23 16:16:17.379, 3, 55.41, 0, 210, 1215
2026/02/23 16:16:17.429, 0, 224.21, 100, 1410, 1215
2026/02/23 16:16:17.429, 1, 54.75, 0, 210, 1215
2026/02/23 16:16:17.429, 2, 57.06, 0, 210, 1215
2026/02/23 16:16:17.429, 3, 55.41, 0, 210, 1215
2026/02/23 16:16:17.479, 0, 224.21, 100, 1410, 1215
2026/02/23 16:16:17.479, 1, 54.75, 0, 210, 1215
2026/02/23 16:16:17.479, 2, 57.06, 0, 210, 1215
2026/02/23 16:16:17.479, 3, 55.41, 0, 210, 1215
2026/02/23 16:16:17.530, 0, 224.55, 100, 1410, 1215
2026/02/23 16:16:17.530, 1, 54.75, 0, 210, 1215
2026/02/23 16:16:17.530, 2, 57.06, 0, 210, 1215
2026/02/23 16:16:17.530, 3, 55.41, 0, 210, 1215
2026/02/23 16:16:17.580, 0, 224.55, 100, 1410, 1215
2026/02/23 16:16:17.580, 1, 54.75, 0, 210, 1215
2026/02/23 16:16:17.580, 2, 57.06, 0, 210, 1215
2026/02/23 16:16:17.580, 3, 55.41, 0, 210, 1215
2026/02/23 16:16:17.630, 0, 224.32, 100, 1410, 1215
2026/02/23 16:16:17.631, 1, 54.75, 0, 210, 1215
2026/02/23 16:16:17.631, 2, 57.06, 0, 210, 1215
2026/02/23 16:16:17.631, 3, 55.41, 0, 210, 1215
2026/02/23 16:16:17.681, 0, 224.32, 100, 1410, 1215
2026/02/23 16:16:17.681, 1, 54.75, 0, 210, 1215
2026/02/23 16:16:17.681, 2, 57.06, 0, 210, 1215
2026/02/23 16:16:17.681, 3, 55.41, 0, 210, 1215
2026/02/23 16:16:17.731, 0, 224.55, 100, 1410, 1215
2026/02/23 16:16:17.731, 1, 54.75, 0, 210, 1215
2026/02/23 16:16:17.732, 2, 57.06, 0, 210, 1215
2026/02/23 16:16:17.732, 3, 55.41, 0, 210, 1215
2026/02/23 16:16:17.782, 0, 224.55, 100, 1410, 1215
2026/02/23 16:16:17.782, 1, 54.75, 0, 210, 1215
2026/02/23 16:16:17.782, 2, 57.06, 0, 210, 1215
2026/02/23 16:16:17.782, 3, 55.41, 0, 210, 1215
2026/02/23 16:16:17.832, 0, 224.55, 100, 1410, 1215
2026/02/23 16:16:17.832, 1, 54.75, 0, 210, 1215
2026/02/23 16:16:17.832, 2, 57.06, 0, 210, 1215
2026/02/23 16:16:17.833, 3, 55.41, 0, 210, 1215
2026/02/23 16:16:17.883, 0, 224.55, 100, 1410, 1215
2026/02/23 16:16:17.883, 1, 54.75, 0, 210, 1215
2026/02/23 16:16:17.883, 2, 57.06, 0, 210, 1215
2026/02/23 16:16:17.883, 3, 55.41, 0, 210, 1215
2026/02/23 16:16:17.933, 0, 224.82, 100, 1410, 1215
2026/02/23 16:16:17.933, 1, 54.75, 0, 210, 1215
2026/02/23 16:16:17.933, 2, 57.06, 0, 210, 1215
2026/02/23 16:16:17.933, 3, 55.41, 0, 210, 1215
2026/02/23 16:16:17.984, 0, 224.82, 100, 1410, 1215
2026/02/23 16:16:17.984, 1, 54.75, 0, 210, 1215
2026/02/23 16:16:17.984, 2, 57.06, 0, 210, 1215
2026/02/23 16:16:17.984, 3, 55.41, 0, 210, 1215
2026/02/23 16:16:18.034, 0, 224.55, 100, 1410, 1215
2026/02/23 16:16:18.034, 1, 54.75, 0, 210, 1215
2026/02/23 16:16:18.034, 2, 57.06, 0, 210, 1215
2026/02/23 16:16:18.034, 3, 55.41, 0, 210, 1215
2026/02/23 16:16:18.084, 0, 224.55, 100, 1410, 1215
2026/02/23 16:16:18.085, 1, 54.75, 0, 210, 1215
2026/02/23 16:16:18.085, 2, 57.06, 0, 210, 1215
2026/02/23 16:16:18.085, 3, 55.41, 0, 210, 1215
2026/02/23 16:16:18.135, 0, 224.92, 100, 1410, 1215
2026/02/23 16:16:18.135, 1, 54.75, 0, 210, 1215
2026/02/23 16:16:18.135, 2, 57.06, 0, 210, 1215
2026/02/23 16:16:18.135, 3, 55.41, 0, 210, 1215
2026/02/23 16:16:18.185, 0, 224.92, 100, 1410, 1215
2026/02/23 16:16:18.185, 1, 54.75, 0, 210, 1215
2026/02/23 16:16:18.186, 2, 57.01, 0, 210, 1215
2026/02/23 16:16:18.186, 3, 55.41, 0, 210, 1215
2026/02/23 16:16:18.236, 0, 224.59, 100, 1410, 1215
2026/02/23 16:16:18.236, 1, 54.75, 0, 210, 1215
2026/02/23 16:16:18.236, 2, 57.01, 0, 210, 1215
2026/02/23 16:16:18.236, 3, 55.41, 0, 210, 1215
2026/02/23 16:16:18.286, 0, 224.59, 100, 1410, 1215
2026/02/23 16:16:18.286, 1, 54.75, 0, 210, 1215
2026/02/23 16:16:18.286, 2, 57.06, 0, 210, 1215
2026/02/23 16:16:18.287, 3, 55.41, 0, 210, 1215
2026/02/23 16:16:18.337, 0, 224.92, 100, 1410, 1215
2026/02/23 16:16:18.337, 1, 54.75, 0, 210, 1215
2026/02/23 16:16:18.337, 2, 57.06, 0, 210, 1215
2026/02/23 16:16:18.337, 3, 55.41, 0, 210, 1215
2026/02/23 16:16:18.387, 0, 224.92, 100, 1410, 1215
2026/02/23 16:16:18.387, 1, 54.75, 0, 210, 1215
2026/02/23 16:16:18.387, 2, 57.01, 0, 210, 1215
2026/02/23 16:16:18.387, 3, 55.41, 0, 210, 1215
2026/02/23 16:16:18.438, 0, 224.59, 100, 1410, 1215
2026/02/23 16:16:18.438, 1, 54.75, 0, 210, 1215
2026/02/23 16:16:18.438, 2, 57.01, 0, 210, 1215
2026/02/23 16:16:18.438, 3, 55.41, 0, 210, 1215
2026/02/23 16:16:18.488, 0, 224.59, 100, 1410, 1215
2026/02/23 16:16:18.488, 1, 54.75, 0, 210, 1215
2026/02/23 16:16:18.488, 2, 57.06, 0, 210, 1215
2026/02/23 16:16:18.488, 3, 55.41, 0, 210, 1215
2026/02/23 16:16:18.538, 0, 225.19, 100, 1410, 1215
2026/02/23 16:16:18.539, 1, 54.75, 0, 210, 1215
2026/02/23 16:16:18.539, 2, 57.06, 0, 210, 1215
2026/02/23 16:16:18.539, 3, 55.41, 0, 210, 1215
2026/02/23 16:16:18.589, 0, 225.19, 100, 1410, 1215
2026/02/23 16:16:18.589, 1, 55.03, 0, 210, 1215
2026/02/23 16:16:18.589, 2, 57.06, 0, 210, 1215
2026/02/23 16:16:18.589, 3, 55.41, 0, 210, 1215
2026/02/23 16:16:18.639, 0, 225.15, 100, 1410, 1215
2026/02/23 16:16:18.639, 1, 55.03, 0, 210, 1215
2026/02/23 16:16:18.640, 2, 57.06, 0, 210, 1215
2026/02/23 16:16:18.640, 3, 55.41, 0, 210, 1215
2026/02/23 16:16:18.690, 0, 225.15, 100, 1410, 1215
2026/02/23 16:16:18.690, 1, 54.75, 0, 210, 1215
2026/02/23 16:16:18.690, 2, 57.06, 0, 210, 1215
2026/02/23 16:16:18.690, 3, 55.41, 0, 210, 1215
2026/02/23 16:16:18.740, 0, 225.43, 100, 1410, 1215
2026/02/23 16:16:18.740, 1, 54.75, 0, 210, 1215
2026/02/23 16:16:18.740, 2, 57.06, 0, 210, 1215
2026/02/23 16:16:18.741, 3, 55.41, 0, 210, 1215
2026/02/23 16:16:18.791, 0, 225.43, 100, 1410, 1215
2026/02/23 16:16:18.791, 1, 54.75, 0, 210, 1215
2026/02/23 16:16:18.791, 2, 57.06, 0, 210, 1215
2026/02/23 16:16:18.791, 3, 55.47, 0, 210, 1215
2026/02/23 16:16:18.841, 0, 225.43, 100, 1410, 1215
2026/02/23 16:16:18.841, 1, 54.75, 0, 210, 1215
2026/02/23 16:16:18.841, 2, 57.06, 0, 210, 1215
2026/02/23 16:16:18.841, 3, 55.47, 0, 210, 1215
2026/02/23 16:16:18.891, 0, 225.43, 100, 1410, 1215
2026/02/23 16:16:18.892, 1, 54.75, 0, 210, 1215
2026/02/23 16:16:18.892, 2, 57.06, 0, 210, 1215
2026/02/23 16:16:18.892, 3, 55.41, 0, 210, 1215
2026/02/23 16:16:18.942, 0, 225.43, 100, 1410, 1215
2026/02/23 16:16:18.942, 1, 54.75, 0, 210, 1215
2026/02/23 16:16:18.942, 2, 57.06, 0, 210, 1215
2026/02/23 16:16:18.942, 3, 55.41, 0, 210, 1215
2026/02/23 16:16:18.992, 0, 225.43, 100, 1410, 1215
2026/02/23 16:16:18.992, 1, 54.75, 0, 210, 1215
2026/02/23 16:16:18.992, 2, 57.06, 0, 210, 1215
2026/02/23 16:16:18.993, 3, 55.47, 0, 210, 1215
2026/02/23 16:16:19.043, 0, 225.43, 100, 1410, 1215
2026/02/23 16:16:19.043, 1, 54.75, 0, 210, 1215
2026/02/23 16:16:19.043, 2, 57.06, 0, 210, 1215
2026/02/23 16:16:19.043, 3, 55.47, 0, 210, 1215
2026/02/23 16:16:19.093, 0, 225.43, 100, 1410, 1215
2026/02/23 16:16:19.093, 1, 54.75, 0, 210, 1215
2026/02/23 16:16:19.093, 2, 57.06, 0, 210, 1215
2026/02/23 16:16:19.093, 3, 55.47, 0, 210, 1215
2026/02/23 16:16:19.144, 0, 225.43, 100, 1410, 1215
2026/02/23 16:16:19.144, 1, 54.75, 0, 210, 1215
2026/02/23 16:16:19.144, 2, 57.06, 0, 210, 1215
2026/02/23 16:16:19.144, 3, 55.47, 0, 210, 1215
2026/02/23 16:16:19.194, 0, 225.43, 100, 1410, 1215
2026/02/23 16:16:19.194, 1, 54.75, 0, 210, 1215
2026/02/23 16:16:19.194, 2, 57.06, 0, 210, 1215
2026/02/23 16:16:19.194, 3, 55.41, 0, 210, 1215
2026/02/23 16:16:19.245, 0, 225.15, 100, 1410, 1215
2026/02/23 16:16:19.245, 1, 54.75, 0, 210, 1215
2026/02/23 16:16:19.245, 2, 57.06, 0, 210, 1215
2026/02/23 16:16:19.245, 3, 55.41, 0, 210, 1215
2026/02/23 16:16:19.295, 0, 225.15, 100, 1410, 1215
2026/02/23 16:16:19.296, 1, 54.75, 0, 210, 1215
2026/02/23 16:16:19.296, 2, 57.06, 0, 210, 1215
2026/02/23 16:16:19.296, 3, 55.41, 0, 210, 1215
2026/02/23 16:16:19.346, 0, 225.15, 100, 1410, 1215
2026/02/23 16:16:19.346, 1, 54.75, 0, 210, 1215
2026/02/23 16:16:19.346, 2, 57.06, 0, 210, 1215
2026/02/23 16:16:19.347, 3, 55.41, 0, 210, 1215
2026/02/23 16:16:19.397, 0, 225.15, 100, 1410, 1215
2026/02/23 16:16:19.398, 1, 54.75, 0, 210, 1215
2026/02/23 16:16:19.398, 2, 57.06, 0, 210, 1215
2026/02/23 16:16:19.398, 3, 55.41, 0, 210, 1215
2026/02/23 16:16:19.448, 0, 225.15, 100, 1410, 1215
2026/02/23 16:16:19.449, 1, 54.75, 0, 210, 1215
2026/02/23 16:16:19.449, 2, 57.06, 0, 210, 1215
2026/02/23 16:16:19.449, 3, 55.41, 0, 210, 1215
2026/02/23 16:16:19.499, 0, 225.15, 100, 1410, 1215
2026/02/23 16:16:19.499, 1, 54.75, 0, 210, 1215
2026/02/23 16:16:19.499, 2, 57.06, 0, 210, 1215
2026/02/23 16:16:19.499, 3, 55.41, 0, 210, 1215
2026/02/23 16:16:19.550, 0, 224.92, 100, 1410, 1215
2026/02/23 16:16:19.551, 1, 54.75, 0, 210, 1215
2026/02/23 16:16:19.551, 2, 57.06, 0, 210, 1215
2026/02/23 16:16:19.551, 3, 55.41, 0, 210, 1215
2026/02/23 16:16:19.601, 0, 224.92, 100, 1410, 1215
2026/02/23 16:16:19.601, 1, 54.75, 0, 210, 1215
2026/02/23 16:16:19.601, 2, 57.06, 0, 210, 1215
2026/02/23 16:16:19.601, 3, 55.41, 0, 210, 1215
2026/02/23 16:16:19.651, 0, 225.15, 100, 1410, 1215
2026/02/23 16:16:19.651, 1, 54.75, 0, 210, 1215
2026/02/23 16:16:19.651, 2, 57.06, 0, 210, 1215
2026/02/23 16:16:19.652, 3, 55.41, 0, 210, 1215
2026/02/23 16:16:19.702, 0, 225.15, 100, 1410, 1215
2026/02/23 16:16:19.703, 1, 54.75, 0, 210, 1215
2026/02/23 16:16:19.703, 2, 57.06, 0, 210, 1215
2026/02/23 16:16:19.703, 3, 55.41, 0, 210, 1215
2026/02/23 16:16:19.753, 0, 225.15, 100, 1410, 1215
2026/02/23 16:16:19.753, 1, 54.75, 0, 210, 1215
2026/02/23 16:16:19.753, 2, 57.06, 0, 210, 1215
2026/02/23 16:16:19.753, 3, 55.41, 0, 210, 1215
2026/02/23 16:16:19.803, 0, 225.15, 100, 1410, 1215
2026/02/23 16:16:19.804, 1, 54.75, 0, 210, 1215
2026/02/23 16:16:19.804, 2, 57.06, 0, 210, 1215
2026/02/23 16:16:19.804, 3, 55.41, 0, 210, 1215
2026/02/23 16:16:19.854, 0, 224.59, 100, 1410, 1215
2026/02/23 16:16:19.854, 1, 54.75, 0, 210, 1215
2026/02/23 16:16:19.854, 2, 57.06, 0, 210, 1215
2026/02/23 16:16:19.854, 3, 55.41, 0, 210, 1215
2026/02/23 16:16:19.904, 0, 224.59, 100, 1410, 1215
2026/02/23 16:16:19.904, 1, 54.75, 0, 210, 1215
2026/02/23 16:16:19.905, 2, 57.06, 0, 210, 1215
2026/02/23 16:16:19.905, 3, 55.41, 0, 210, 1215
2026/02/23 16:16:19.955, 0, 224.59, 100, 1410, 1215
2026/02/23 16:16:19.955, 1, 54.75, 0, 210, 1215
2026/02/23 16:16:19.955, 2, 57.06, 0, 210, 1215
2026/02/23 16:16:19.955, 3, 55.41, 0, 210, 1215
2026/02/23 16:16:20.005, 0, 224.59, 100, 1410, 1215
2026/02/23 16:16:20.005, 1, 54.75, 0, 210, 1215
2026/02/23 16:16:20.005, 2, 57.06, 0, 210, 1215
2026/02/23 16:16:20.005, 3, 55.41, 0, 210, 1215
2026/02/23 16:16:20.056, 0, 224.55, 100, 1410, 1215
2026/02/23 16:16:20.056, 1, 54.75, 0, 210, 1215
2026/02/23 16:16:20.056, 2, 57.06, 0, 210, 1215
2026/02/23 16:16:20.056, 3, 55.41, 0, 210, 1215
2026/02/23 16:16:20.106, 0, 224.55, 100, 1410, 1215
2026/02/23 16:16:20.106, 1, 54.75, 0, 210, 1215
2026/02/23 16:16:20.106, 2, 57.06, 0, 210, 1215
2026/02/23 16:16:20.106, 3, 55.47, 0, 210, 1215
2026/02/23 16:16:20.157, 0, 224.82, 100, 1410, 1215
2026/02/23 16:16:20.157, 1, 54.75, 0, 210, 1215
2026/02/23 16:16:20.157, 2, 57.06, 0, 210, 1215
2026/02/23 16:16:20.157, 3, 55.47, 0, 210, 1215
2026/02/23 16:16:20.207, 0, 224.82, 100, 1410, 1215
2026/02/23 16:16:20.207, 1, 54.75, 0, 210, 1215
2026/02/23 16:16:20.207, 2, 57.06, 0, 210, 1215
2026/02/23 16:16:20.207, 3, 55.41, 0, 210, 1215
2026/02/23 16:16:20.257, 0, 224.82, 100, 1410, 1215
2026/02/23 16:16:20.258, 1, 54.75, 0, 210, 1215
2026/02/23 16:16:20.258, 2, 57.06, 0, 210, 1215
2026/02/23 16:16:20.258, 3, 55.41, 0, 210, 1215
2026/02/23 16:16:20.308, 0, 224.82, 100, 1410, 1215
2026/02/23 16:16:20.308, 1, 54.75, 0, 210, 1215
2026/02/23 16:16:20.308, 2, 57.06, 0, 210, 1215
2026/02/23 16:16:20.308, 3, 55.41, 0, 210, 1215
2026/02/23 16:16:20.358, 0, 224.55, 100, 1410, 1215
2026/02/23 16:16:20.358, 1, 54.75, 0, 210, 1215
2026/02/23 16:16:20.359, 2, 57.06, 0, 210, 1215
2026/02/23 16:16:20.359, 3, 55.41, 0, 210, 1215
2026/02/23 16:16:20.409, 0, 224.55, 100, 1410, 1215
2026/02/23 16:16:20.409, 1, 54.75, 0, 210, 1215
2026/02/23 16:16:20.409, 2, 57.06, 0, 210, 1215
2026/02/23 16:16:20.409, 3, 55.41, 0, 210, 1215
2026/02/23 16:16:20.459, 0, 224.55, 100, 1410, 1215
2026/02/23 16:16:20.459, 1, 54.75, 0, 210, 1215
2026/02/23 16:16:20.459, 2, 57.06, 0, 210, 1215
2026/02/23 16:16:20.460, 3, 55.41, 0, 210, 1215
2026/02/23 16:16:20.510, 0, 224.55, 100, 1410, 1215
2026/02/23 16:16:20.510, 1, 54.75, 0, 210, 1215
2026/02/23 16:16:20.510, 2, 57.06, 0, 210, 1215
2026/02/23 16:16:20.510, 3, 55.41, 0, 210, 1215
2026/02/23 16:16:20.560, 0, 224.55, 100, 1410, 1215
2026/02/23 16:16:20.560, 1, 54.75, 0, 210, 1215
2026/02/23 16:16:20.560, 2, 57.06, 0, 210, 1215
2026/02/23 16:16:20.560, 3, 55.41, 0, 210, 1215
2026/02/23 16:16:20.611, 0, 224.55, 100, 1410, 1215
2026/02/23 16:16:20.611, 1, 54.75, 0, 210, 1215
2026/02/23 16:16:20.611, 2, 57.06, 0, 210, 1215
2026/02/23 16:16:20.611, 3, 55.41, 0, 210, 1215
2026/02/23 16:16:20.661, 0, 224.82, 100, 1410, 1215
2026/02/23 16:16:20.661, 1, 54.75, 0, 210, 1215
2026/02/23 16:16:20.661, 2, 57.06, 0, 210, 1215
2026/02/23 16:16:20.661, 3, 55.41, 0, 210, 1215
2026/02/23 16:16:20.711, 0, 224.82, 100, 1410, 1215
2026/02/23 16:16:20.712, 1, 54.75, 0, 210, 1215
2026/02/23 16:16:20.712, 2, 57.06, 0, 210, 1215
2026/02/23 16:16:20.712, 3, 55.47, 0, 210, 1215
2026/02/23 16:16:20.762, 0, 224.82, 100, 1410, 1215
2026/02/23 16:16:20.762, 1, 54.75, 0, 210, 1215
2026/02/23 16:16:20.762, 2, 57.06, 0, 210, 1215
2026/02/23 16:16:20.762, 3, 55.47, 0, 210, 1215
2026/02/23 16:16:20.812, 0, 224.82, 100, 1410, 1215
2026/02/23 16:16:20.812, 1, 54.75, 0, 210, 1215
2026/02/23 16:16:20.813, 2, 57.06, 0, 210, 1215
2026/02/23 16:16:20.813, 3, 55.41, 0, 210, 1215
2026/02/23 16:16:20.863, 0, 224.82, 100, 1410, 1215
2026/02/23 16:16:20.863, 1, 54.75, 0, 210, 1215
2026/02/23 16:16:20.863, 2, 57.06, 0, 210, 1215
2026/02/23 16:16:20.863, 3, 55.41, 0, 210, 1215
2026/02/23 16:16:20.913, 0, 224.82, 100, 1410, 1215
2026/02/23 16:16:20.913, 1, 54.75, 0, 210, 1215
2026/02/23 16:16:20.913, 2, 57.06, 0, 210, 1215
2026/02/23 16:16:20.914, 3, 55.41, 0, 210, 1215
2026/02/23 16:16:20.964, 0, 224.55, 100, 1410, 1215
2026/02/23 16:16:20.964, 1, 54.75, 0, 210, 1215
2026/02/23 16:16:20.964, 2, 57.06, 0, 210, 1215
2026/02/23 16:16:20.964, 3, 55.41, 0, 210, 1215
2026/02/23 16:16:21.014, 0, 224.55, 100, 1410, 1215
2026/02/23 16:16:21.014, 1, 54.75, 0, 210, 1215
2026/02/23 16:16:21.014, 2, 57.06, 0, 210, 1215
2026/02/23 16:16:21.014, 3, 55.41, 0, 210, 1215
2026/02/23 16:16:21.065, 0, 224.59, 100, 1410, 1215
2026/02/23 16:16:21.065, 1, 54.75, 0, 210, 1215
2026/02/23 16:16:21.065, 2, 57.06, 0, 210, 1215
2026/02/23 16:16:21.065, 3, 55.41, 0, 210, 1215
2026/02/23 16:16:21.115, 0, 224.59, 100, 1410, 1215
2026/02/23 16:16:21.115, 1, 54.75, 0, 210, 1215
2026/02/23 16:16:21.115, 2, 57.06, 0, 210, 1215
2026/02/23 16:16:21.115, 3, 55.41, 0, 210, 1215
2026/02/23 16:16:21.165, 0, 224.32, 100, 1410, 1215
2026/02/23 16:16:21.166, 1, 54.75, 0, 210, 1215
2026/02/23 16:16:21.166, 2, 57.06, 0, 210, 1215
2026/02/23 16:16:21.166, 3, 55.41, 0, 210, 1215
2026/02/23 16:16:21.216, 0, 224.32, 100, 1410, 1215
2026/02/23 16:16:21.216, 1, 54.75, 0, 210, 1215
2026/02/23 16:16:21.216, 2, 57.06, 0, 210, 1215
2026/02/23 16:16:21.216, 3, 55.41, 0, 210, 1215
2026/02/23 16:16:21.266, 0, 224.59, 100, 1410, 1215
2026/02/23 16:16:21.266, 1, 54.75, 0, 210, 1215
2026/02/23 16:16:21.267, 2, 57.06, 0, 210, 1215
2026/02/23 16:16:21.267, 3, 55.41, 0, 210, 1215
2026/02/23 16:16:21.317, 0, 224.59, 100, 1410, 1215
2026/02/23 16:16:21.317, 1, 54.75, 0, 210, 1215
2026/02/23 16:16:21.317, 2, 57.06, 0, 210, 1215
2026/02/23 16:16:21.317, 3, 55.47, 0, 210, 1215
2026/02/23 16:16:21.367, 0, 224.55, 100, 1410, 1215
2026/02/23 16:16:21.367, 1, 54.75, 0, 210, 1215
2026/02/23 16:16:21.368, 2, 57.06, 0, 210, 1215
2026/02/23 16:16:21.368, 3, 55.47, 0, 210, 1215
2026/02/23 16:16:21.418, 0, 224.55, 100, 1410, 1215
2026/02/23 16:16:21.418, 1, 54.75, 0, 210, 1215
2026/02/23 16:16:21.418, 2, 57.06, 0, 210, 1215
2026/02/23 16:16:21.418, 3, 55.41, 0, 210, 1215
2026/02/23 16:16:21.468, 0, 224.55, 100, 1410, 1215
2026/02/23 16:16:21.468, 1, 54.75, 0, 210, 1215
2026/02/23 16:16:21.468, 2, 57.01, 0, 210, 1215
2026/02/23 16:16:21.468, 3, 55.41, 0, 210, 1215
2026/02/23 16:16:21.519, 0, 224.55, 100, 1410, 1215
2026/02/23 16:16:21.519, 1, 54.75, 0, 210, 1215
2026/02/23 16:16:21.519, 2, 57.01, 0, 210, 1215
2026/02/23 16:16:21.519, 3, 55.41, 0, 210, 1215
2026/02/23 16:16:21.569, 0, 224.59, 100, 1410, 1215
2026/02/23 16:16:21.569, 1, 54.75, 0, 210, 1215
2026/02/23 16:16:21.569, 2, 57.06, 0, 210, 1215
2026/02/23 16:16:21.569, 3, 55.41, 0, 210, 1215
2026/02/23 16:16:21.620, 0, 224.82, 100, 1410, 1215
2026/02/23 16:16:21.620, 1, 54.75, 0, 210, 1215
2026/02/23 16:16:21.620, 2, 57.06, 0, 210, 1215
2026/02/23 16:16:21.620, 3, 55.41, 0, 210, 1215
2026/02/23 16:16:21.670, 0, 224.82, 100, 1410, 1215
2026/02/23 16:16:21.670, 1, 54.75, 0, 210, 1215
2026/02/23 16:16:21.670, 2, 57.06, 0, 210, 1215
2026/02/23 16:16:21.670, 3, 55.41, 0, 210, 1215
2026/02/23 16:16:21.720, 0, 224.32, 100, 1410, 1215
2026/02/23 16:16:21.721, 1, 54.75, 0, 210, 1215
2026/02/23 16:16:21.721, 2, 57.06, 0, 210, 1215
2026/02/23 16:16:21.721, 3, 55.41, 0, 210, 1215
2026/02/23 16:16:21.771, 0, 224.32, 100, 1410, 1215
2026/02/23 16:16:21.771, 1, 54.75, 0, 210, 1215
2026/02/23 16:16:21.771, 2, 57.06, 0, 210, 1215
2026/02/23 16:16:21.771, 3, 55.47, 0, 210, 1215
2026/02/23 16:16:21.821, 0, 224.82, 100, 1410, 1215
2026/02/23 16:16:21.821, 1, 54.75, 0, 210, 1215
2026/02/23 16:16:21.822, 2, 57.06, 0, 210, 1215
2026/02/23 16:16:21.822, 3, 55.47, 0, 210, 1215
2026/02/23 16:16:21.872, 0, 224.82, 100, 1410, 1215
2026/02/23 16:16:21.872, 1, 54.75, 0, 210, 1215
2026/02/23 16:16:21.872, 2, 57.06, 0, 210, 1215
2026/02/23 16:16:21.872, 3, 55.47, 0, 210, 1215
2026/02/23 16:16:21.922, 0, 224.82, 100, 1410, 1215
2026/02/23 16:16:21.922, 1, 54.75, 0, 210, 1215
2026/02/23 16:16:21.922, 2, 57.06, 0, 210, 1215
2026/02/23 16:16:21.923, 3, 55.47, 0, 210, 1215
2026/02/23 16:16:21.973, 0, 224.82, 100, 1410, 1215
2026/02/23 16:16:21.974, 1, 54.75, 0, 210, 1215
2026/02/23 16:16:21.974, 2, 57.06, 0, 210, 1215
2026/02/23 16:16:21.974, 3, 55.41, 0, 210, 1215
2026/02/23 16:16:22.024, 0, 225.15, 100, 1410, 1215
2026/02/23 16:16:22.024, 1, 54.75, 0, 210, 1215
2026/02/23 16:16:22.024, 2, 57.06, 0, 210, 1215
2026/02/23 16:16:22.024, 3, 55.41, 0, 210, 1215
2026/02/23 16:16:22.074, 0, 225.15, 100, 1410, 1215
2026/02/23 16:16:22.075, 1, 54.75, 0, 210, 1215
2026/02/23 16:16:22.075, 2, 57.06, 0, 210, 1215
2026/02/23 16:16:22.075, 3, 55.41, 0, 210, 1215
2026/02/23 16:16:22.125, 0, 225.15, 100, 1410, 1215
2026/02/23 16:16:22.125, 1, 54.75, 0, 210, 1215
2026/02/23 16:16:22.125, 2, 57.06, 0, 210, 1215
2026/02/23 16:16:22.125, 3, 55.41, 0, 210, 1215
2026/02/23 16:16:22.175, 0, 225.15, 100, 1410, 1215
2026/02/23 16:16:22.175, 1, 54.75, 0, 210, 1215
2026/02/23 16:16:22.175, 2, 57.06, 0, 210, 1215
2026/02/23 16:16:22.176, 3, 55.41, 0, 210, 1215
2026/02/23 16:16:22.226, 0, 225.43, 100, 1410, 1215
2026/02/23 16:16:22.226, 1, 54.75, 0, 210, 1215
2026/02/23 16:16:22.226, 2, 57.06, 0, 210, 1215
2026/02/23 16:16:22.226, 3, 55.41, 0, 210, 1215
2026/02/23 16:16:22.276, 0, 225.43, 100, 1410, 1215
2026/02/23 16:16:22.276, 1, 54.75, 0, 210, 1215
2026/02/23 16:16:22.276, 2, 57.06, 0, 210, 1215
2026/02/23 16:16:22.276, 3, 55.41, 0, 210, 1215
2026/02/23 16:16:22.327, 0, 225.43, 100, 1410, 1215
2026/02/23 16:16:22.327, 1, 54.75, 0, 210, 1215
2026/02/23 16:16:22.327, 2, 57.06, 0, 210, 1215
2026/02/23 16:16:22.327, 3, 55.41, 0, 210, 1215
2026/02/23 16:16:22.377, 0, 225.43, 100, 1410, 1215
2026/02/23 16:16:22.377, 1, 54.75, 0, 210, 1215
2026/02/23 16:16:22.377, 2, 57.06, 0, 210, 1215
2026/02/23 16:16:22.377, 3, 55.41, 0, 210, 1215
2026/02/23 16:16:22.428, 0, 225.43, 100, 1410, 1215
2026/02/23 16:16:22.428, 1, 54.75, 0, 210, 1215
2026/02/23 16:16:22.428, 2, 57.06, 0, 210, 1215
2026/02/23 16:16:22.428, 3, 55.41, 0, 210, 1215
2026/02/23 16:16:22.478, 0, 225.43, 100, 1410, 1215
2026/02/23 16:16:22.478, 1, 54.75, 0, 210, 1215
2026/02/23 16:16:22.478, 2, 57.06, 0, 210, 1215
2026/02/23 16:16:22.478, 3, 55.41, 0, 210, 1215
2026/02/23 16:16:22.528, 0, 225.43, 100, 1410, 1215
2026/02/23 16:16:22.529, 1, 54.75, 0, 210, 1215
2026/02/23 16:16:22.529, 2, 57.06, 0, 210, 1215
2026/02/23 16:16:22.529, 3, 55.41, 0, 210, 1215
2026/02/23 16:16:22.579, 0, 225.43, 100, 1410, 1215
2026/02/23 16:16:22.579, 1, 54.75, 0, 210, 1215
2026/02/23 16:16:22.579, 2, 57.01, 0, 210, 1215
2026/02/23 16:16:22.579, 3, 55.41, 0, 210, 1215
2026/02/23 16:16:22.629, 0, 225.19, 100, 1410, 1215
2026/02/23 16:16:22.629, 1, 54.75, 0, 210, 1215
2026/02/23 16:16:22.630, 2, 57.01, 0, 210, 1215
2026/02/23 16:16:22.630, 3, 55.41, 0, 210, 1215
2026/02/23 16:16:22.680, 0, 225.19, 100, 1410, 1215
2026/02/23 16:16:22.680, 1, 54.75, 0, 210, 1215
2026/02/23 16:16:22.680, 2, 57.06, 0, 210, 1215
2026/02/23 16:16:22.680, 3, 55.41, 0, 210, 1215
2026/02/23 16:16:22.730, 0, 225.43, 100, 1410, 1215
2026/02/23 16:16:22.730, 1, 54.75, 0, 210, 1215
2026/02/23 16:16:22.730, 2, 57.06, 0, 210, 1215
2026/02/23 16:16:22.731, 3, 55.41, 0, 210, 1215
2026/02/23 16:16:22.781, 0, 225.43, 100, 1410, 1215
2026/02/23 16:16:22.781, 1, 54.75, 0, 210, 1215
2026/02/23 16:16:22.781, 2, 57.06, 0, 210, 1215
2026/02/23 16:16:22.781, 3, 55.41, 0, 210, 1215
2026/02/23 16:16:22.831, 0, 225.43, 100, 1410, 1215
2026/02/23 16:16:22.831, 1, 54.75, 0, 210, 1215
2026/02/23 16:16:22.831, 2, 57.06, 0, 210, 1215
2026/02/23 16:16:22.831, 3, 55.41, 0, 210, 1215
2026/02/23 16:16:22.882, 0, 225.43, 100, 1410, 1215
2026/02/23 16:16:22.882, 1, 54.75, 0, 210, 1215
2026/02/23 16:16:22.882, 2, 57.06, 0, 210, 1215
2026/02/23 16:16:22.882, 3, 55.41, 0, 210, 1215
2026/02/23 16:16:22.932, 0, 225.43, 100, 1410, 1215
2026/02/23 16:16:22.932, 1, 54.75, 0, 210, 1215
2026/02/23 16:16:22.932, 2, 57.06, 0, 210, 1215
2026/02/23 16:16:22.932, 3, 55.41, 0, 210, 1215
2026/02/23 16:16:22.983, 0, 225.43, 100, 1410, 1215
2026/02/23 16:16:22.983, 1, 54.81, 0, 210, 1215
2026/02/23 16:16:22.983, 2, 57.06, 0, 210, 1215
2026/02/23 16:16:22.983, 3, 55.47, 0, 210, 1215
2026/02/23 16:16:23.033, 0, 225.43, 100, 1410, 1215
2026/02/23 16:16:23.033, 1, 54.81, 0, 210, 1215
2026/02/23 16:16:23.033, 2, 57.06, 0, 210, 1215
2026/02/23 16:16:23.033, 3, 55.47, 0, 210, 1215
2026/02/23 16:16:23.083, 0, 225.43, 100, 1410, 1215
2026/02/23 16:16:23.084, 1, 54.75, 0, 210, 1215
2026/02/23 16:16:23.084, 2, 57.06, 0, 210, 1215
2026/02/23 16:16:23.084, 3, 55.41, 0, 210, 1215
2026/02/23 16:16:23.134, 0, 224.92, 100, 1410, 1215
2026/02/23 16:16:23.134, 1, 54.75, 0, 210, 1215
2026/02/23 16:16:23.134, 2, 57.06, 0, 210, 1215
2026/02/23 16:16:23.134, 3, 55.41, 0, 210, 1215
2026/02/23 16:16:23.184, 0, 224.92, 100, 1410, 1215
2026/02/23 16:16:23.184, 1, 54.75, 0, 210, 1215
2026/02/23 16:16:23.185, 2, 57.06, 0, 210, 1215
2026/02/23 16:16:23.185, 3, 55.47, 0, 210, 1215
2026/02/23 16:16:23.235, 0, 225.15, 100, 1410, 1215
2026/02/23 16:16:23.235, 1, 54.75, 0, 210, 1215
2026/02/23 16:16:23.235, 2, 57.06, 0, 210, 1215
2026/02/23 16:16:23.235, 3, 55.47, 0, 210, 1215
2026/02/23 16:16:23.285, 0, 225.15, 100, 1410, 1215
2026/02/23 16:16:23.285, 1, 54.75, 0, 210, 1215
2026/02/23 16:16:23.285, 2, 57.06, 0, 210, 1215
2026/02/23 16:16:23.286, 3, 55.41, 0, 210, 1215
2026/02/23 16:16:23.336, 0, 224.92, 100, 1410, 1215
2026/02/23 16:16:23.336, 1, 54.75, 0, 210, 1215
2026/02/23 16:16:23.336, 2, 57.06, 0, 210, 1215
2026/02/23 16:16:23.336, 3, 55.41, 0, 210, 1215
2026/02/23 16:16:23.386, 0, 224.92, 100, 1410, 1215
2026/02/23 16:16:23.386, 1, 54.75, 0, 210, 1215
2026/02/23 16:16:23.386, 2, 57.06, 0, 210, 1215
2026/02/23 16:16:23.386, 3, 55.41, 0, 210, 1215
2026/02/23 16:16:23.437, 0, 224.82, 100, 1410, 1215
2026/02/23 16:16:23.437, 1, 54.75, 0, 210, 1215
2026/02/23 16:16:23.437, 2, 57.06, 0, 210, 1215
2026/02/23 16:16:23.437, 3, 55.41, 0, 210, 1215
2026/02/23 16:16:23.487, 0, 224.82, 100, 1410, 1215
2026/02/23 16:16:23.487, 1, 54.75, 0, 210, 1215
2026/02/23 16:16:23.487, 2, 57.06, 0, 210, 1215
2026/02/23 16:16:23.487, 3, 55.41, 0, 210, 1215
2026/02/23 16:16:23.537, 0, 225.15, 100, 1410, 1215
2026/02/23 16:16:23.538, 1, 54.75, 0, 210, 1215
2026/02/23 16:16:23.538, 2, 57.06, 0, 210, 1215
2026/02/23 16:16:23.538, 3, 55.41, 0, 210, 1215
2026/02/23 16:16:23.588, 0, 225.15, 100, 1410, 1215
2026/02/23 16:16:23.588, 1, 54.75, 0, 210, 1215
2026/02/23 16:16:23.588, 2, 57.06, 0, 210, 1215
2026/02/23 16:16:23.588, 3, 55.47, 0, 210, 1215
2026/02/23 16:16:23.638, 0, 225.15, 100, 1410, 1215
2026/02/23 16:16:23.638, 1, 54.75, 0, 210, 1215
2026/02/23 16:16:23.639, 2, 57.06, 0, 210, 1215
2026/02/23 16:16:23.639, 3, 55.47, 0, 210, 1215
2026/02/23 16:16:23.689, 0, 225.15, 100, 1410, 1215
2026/02/23 16:16:23.689, 1, 54.75, 0, 210, 1215
2026/02/23 16:16:23.689, 2, 57.06, 0, 210, 1215
2026/02/23 16:16:23.689, 3, 55.41, 0, 210, 1215
2026/02/23 16:16:23.739, 0, 224.82, 100, 1410, 1215
2026/02/23 16:16:23.739, 1, 54.75, 0, 210, 1215
2026/02/23 16:16:23.739, 2, 57.06, 0, 210, 1215
2026/02/23 16:16:23.740, 3, 55.41, 0, 210, 1215
2026/02/23 16:16:23.790, 0, 224.82, 100, 1410, 1215
2026/02/23 16:16:23.790, 1, 54.75, 0, 210, 1215
2026/02/23 16:16:23.790, 2, 57.06, 0, 210, 1215
2026/02/23 16:16:23.790, 3, 55.41, 0, 210, 1215
2026/02/23 16:16:23.840, 0, 224.82, 100, 1410, 1215
2026/02/23 16:16:23.840, 1, 54.75, 0, 210, 1215
2026/02/23 16:16:23.840, 2, 57.06, 0, 210, 1215
2026/02/23 16:16:23.840, 3, 55.41, 0, 210, 1215
2026/02/23 16:16:23.891, 0, 224.82, 100, 1410, 1215
2026/02/23 16:16:23.891, 1, 54.75, 0, 210, 1215
2026/02/23 16:16:23.891, 2, 57.06, 0, 210, 1215
2026/02/23 16:16:23.891, 3, 55.41, 0, 210, 1215
2026/02/23 16:16:23.941, 0, 224.82, 100, 1410, 1215
2026/02/23 16:16:23.941, 1, 54.75, 0, 210, 1215
2026/02/23 16:16:23.941, 2, 57.06, 0, 210, 1215
2026/02/23 16:16:23.941, 3, 55.41, 0, 210, 1215
2026/02/23 16:16:23.992, 0, 224.82, 100, 1410, 1215
2026/02/23 16:16:23.992, 1, 54.75, 0, 210, 1215
2026/02/23 16:16:23.992, 2, 57.06, 0, 210, 1215
2026/02/23 16:16:23.992, 3, 55.41, 0, 210, 1215
2026/02/23 16:16:24.042, 0, 224.82, 100, 1410, 1215
2026/02/23 16:16:24.042, 1, 54.75, 0, 210, 1215
2026/02/23 16:16:24.042, 2, 57.06, 0, 210, 1215
2026/02/23 16:16:24.042, 3, 55.41, 0, 210, 1215
2026/02/23 16:16:24.092, 0, 224.82, 100, 1410, 1215
2026/02/23 16:16:24.093, 1, 54.75, 0, 210, 1215
2026/02/23 16:16:24.093, 2, 57.06, 0, 210, 1215
2026/02/23 16:16:24.093, 3, 55.47, 0, 210, 1215
2026/02/23 16:16:24.143, 0, 224.82, 100, 1410, 1215
2026/02/23 16:16:24.143, 1, 54.75, 0, 210, 1215
2026/02/23 16:16:24.143, 2, 57.06, 0, 210, 1215
2026/02/23 16:16:24.143, 3, 55.47, 0, 210, 1215
2026/02/23 16:16:24.193, 0, 224.82, 100, 1410, 1215
2026/02/23 16:16:24.193, 1, 54.75, 0, 210, 1215
2026/02/23 16:16:24.193, 2, 57.06, 0, 210, 1215
2026/02/23 16:16:24.194, 3, 55.41, 0, 210, 1215
2026/02/23 16:16:24.244, 0, 224.82, 100, 1410, 1215
2026/02/23 16:16:24.244, 1, 54.75, 0, 210, 1215
2026/02/23 16:16:24.244, 2, 57.06, 0, 210, 1215
2026/02/23 16:16:24.244, 3, 55.41, 0, 210, 1215
2026/02/23 16:16:24.294, 0, 224.82, 100, 1410, 1215
2026/02/23 16:16:24.294, 1, 54.75, 0, 210, 1215
2026/02/23 16:16:24.294, 2, 57.06, 0, 210, 1215
2026/02/23 16:16:24.294, 3, 55.41, 0, 210, 1215
2026/02/23 16:16:24.345, 0, 224.55, 100, 1410, 1215
2026/02/23 16:16:24.345, 1, 54.75, 0, 210, 1215
2026/02/23 16:16:24.345, 2, 57.06, 0, 210, 1215
2026/02/23 16:16:24.345, 3, 55.41, 0, 210, 1215
2026/02/23 16:16:24.395, 0, 224.55, 100, 1410, 1215
2026/02/23 16:16:24.395, 1, 54.75, 0, 210, 1215
2026/02/23 16:16:24.395, 2, 57.06, 0, 210, 1215
2026/02/23 16:16:24.395, 3, 55.41, 0, 210, 1215
2026/02/23 16:16:24.446, 0, 224.55, 100, 1410, 1215
2026/02/23 16:16:24.446, 1, 54.75, 0, 210, 1215
2026/02/23 16:16:24.446, 2, 57.06, 0, 210, 1215
2026/02/23 16:16:24.446, 3, 55.41, 0, 210, 1215
2026/02/23 16:16:24.496, 0, 224.55, 100, 1410, 1215
2026/02/23 16:16:24.496, 1, 54.75, 0, 210, 1215
2026/02/23 16:16:24.496, 2, 57.06, 0, 210, 1215
2026/02/23 16:16:24.496, 3, 55.41, 0, 210, 1215
2026/02/23 16:16:24.546, 0, 224.55, 100, 1410, 1215
2026/02/23 16:16:24.547, 1, 54.75, 0, 210, 1215
2026/02/23 16:16:24.547, 2, 57.06, 0, 210, 1215
2026/02/23 16:16:24.547, 3, 55.41, 0, 210, 1215
2026/02/23 16:16:24.597, 0, 224.55, 100, 1410, 1215
2026/02/23 16:16:24.597, 1, 54.75, 0, 210, 1215
2026/02/23 16:16:24.597, 2, 57.34, 0, 210, 1215
2026/02/23 16:16:24.597, 3, 55.41, 0, 210, 1215
2026/02/23 16:16:24.647, 0, 224.59, 100, 1410, 1215
2026/02/23 16:16:24.647, 1, 54.75, 0, 210, 1215
2026/02/23 16:16:24.647, 2, 57.34, 0, 210, 1215
2026/02/23 16:16:24.648, 3, 55.41, 0, 210, 1215
2026/02/23 16:16:24.698, 0, 224.59, 100, 1410, 1215
2026/02/23 16:16:24.698, 1, 54.75, 0, 210, 1215
2026/02/23 16:16:24.698, 2, 57.06, 0, 210, 1215
2026/02/23 16:16:24.698, 3, 55.41, 0, 210, 1215
2026/02/23 16:16:24.748, 0, 224.32, 100, 1410, 1215
2026/02/23 16:16:24.748, 1, 54.75, 0, 210, 1215
2026/02/23 16:16:24.748, 2, 57.06, 0, 210, 1215
2026/02/23 16:16:24.748, 3, 55.41, 0, 210, 1215
2026/02/23 16:16:24.799, 0, 224.32, 100, 1410, 1215
2026/02/23 16:16:24.799, 1, 54.75, 0, 210, 1215
2026/02/23 16:16:24.799, 2, 57.06, 0, 210, 1215
2026/02/23 16:16:24.799, 3, 55.41, 0, 210, 1215
2026/02/23 16:16:24.849, 0, 224.55, 100, 1410, 1215
2026/02/23 16:16:24.849, 1, 54.75, 0, 210, 1215
2026/02/23 16:16:24.849, 2, 57.06, 0, 210, 1215
2026/02/23 16:16:24.849, 3, 55.41, 0, 210, 1215
2026/02/23 16:16:24.900, 0, 224.55, 100, 1410, 1215
2026/02/23 16:16:24.900, 1, 54.75, 0, 210, 1215
2026/02/23 16:16:24.900, 2, 57.06, 0, 210, 1215
2026/02/23 16:16:24.900, 3, 55.41, 0, 210, 1215
2026/02/23 16:16:24.950, 0, 224.59, 100, 1410, 1215
2026/02/23 16:16:24.950, 1, 54.75, 0, 210, 1215
2026/02/23 16:16:24.950, 2, 57.06, 0, 210, 1215
2026/02/23 16:16:24.950, 3, 55.41, 0, 210, 1215
2026/02/23 16:16:25.000, 0, 224.59, 100, 1410, 1215
2026/02/23 16:16:25.001, 1, 54.75, 0, 210, 1215
2026/02/23 16:16:25.001, 2, 57.06, 0, 210, 1215
2026/02/23 16:16:25.001, 3, 55.41, 0, 210, 1215
2026/02/23 16:16:25.051, 0, 224.82, 100, 1410, 1215
2026/02/23 16:16:25.051, 1, 54.75, 0, 210, 1215
2026/02/23 16:16:25.051, 2, 57.06, 0, 210, 1215
2026/02/23 16:16:25.051, 3, 55.41, 0, 210, 1215
2026/02/23 16:16:25.101, 0, 224.82, 100, 1410, 1215
2026/02/23 16:16:25.101, 1, 54.75, 0, 210, 1215
2026/02/23 16:16:25.101, 2, 57.06, 0, 210, 1215
2026/02/23 16:16:25.102, 3, 55.41, 0, 210, 1215
2026/02/23 16:16:25.152, 0, 224.82, 100, 1410, 1215
2026/02/23 16:16:25.152, 1, 54.75, 0, 210, 1215
2026/02/23 16:16:25.152, 2, 57.06, 0, 210, 1215
2026/02/23 16:16:25.152, 3, 55.41, 0, 210, 1215
2026/02/23 16:16:25.202, 0, 224.82, 100, 1410, 1215
2026/02/23 16:16:25.202, 1, 54.75, 0, 210, 1215
2026/02/23 16:16:25.202, 2, 57.06, 0, 210, 1215
2026/02/23 16:16:25.202, 3, 55.41, 0, 210, 1215
2026/02/23 16:16:25.253, 0, 224.55, 100, 1410, 1215
2026/02/23 16:16:25.253, 1, 54.75, 0, 210, 1215
2026/02/23 16:16:25.253, 2, 57.06, 0, 210, 1215
2026/02/23 16:16:25.253, 3, 55.41, 0, 210, 1215
2026/02/23 16:16:25.303, 0, 224.55, 100, 1410, 1215
2026/02/23 16:16:25.303, 1, 54.75, 0, 210, 1215
2026/02/23 16:16:25.303, 2, 57.06, 0, 210, 1215
2026/02/23 16:16:25.303, 3, 55.47, 0, 210, 1215
2026/02/23 16:16:25.354, 0, 224.55, 100, 1410, 1215
2026/02/23 16:16:25.354, 1, 54.75, 0, 210, 1215
2026/02/23 16:16:25.354, 2, 57.06, 0, 210, 1215
2026/02/23 16:16:25.354, 3, 55.47, 0, 210, 1215
2026/02/23 16:16:25.404, 0, 224.55, 100, 1410, 1215
2026/02/23 16:16:25.404, 1, 54.75, 0, 210, 1215
2026/02/23 16:16:25.404, 2, 57.06, 0, 210, 1215
2026/02/23 16:16:25.404, 3, 55.41, 0, 210, 1215
2026/02/23 16:16:25.454, 0, 225.15, 100, 1410, 1215
2026/02/23 16:16:25.455, 1, 54.75, 0, 210, 1215
2026/02/23 16:16:25.455, 2, 57.06, 0, 210, 1215
2026/02/23 16:16:25.455, 3, 55.41, 0, 210, 1215
2026/02/23 16:16:25.505, 0, 225.15, 100, 1410, 1215
2026/02/23 16:16:25.505, 1, 54.75, 0, 210, 1215
2026/02/23 16:16:25.505, 2, 57.06, 0, 210, 1215
2026/02/23 16:16:25.505, 3, 55.41, 0, 210, 1215
2026/02/23 16:16:25.555, 0, 224.82, 100, 1410, 1215
2026/02/23 16:16:25.555, 1, 54.75, 0, 210, 1215
2026/02/23 16:16:25.556, 2, 57.06, 0, 210, 1215
2026/02/23 16:16:25.556, 3, 55.41, 0, 210, 1215
2026/02/23 16:16:25.606, 0, 224.82, 100, 1410, 1215
2026/02/23 16:16:25.606, 1, 54.75, 0, 210, 1215
2026/02/23 16:16:25.606, 2, 57.06, 0, 210, 1215
2026/02/23 16:16:25.606, 3, 55.41, 0, 210, 1215
2026/02/23 16:16:25.656, 0, 225.15, 100, 1410, 1215
2026/02/23 16:16:25.656, 1, 54.75, 0, 210, 1215
2026/02/23 16:16:25.656, 2, 57.06, 0, 210, 1215
2026/02/23 16:16:25.657, 3, 55.41, 0, 210, 1215
2026/02/23 16:16:25.707, 0, 225.15, 100, 1410, 1215
2026/02/23 16:16:25.707, 1, 54.75, 0, 210, 1215
2026/02/23 16:16:25.707, 2, 57.06, 0, 210, 1215
2026/02/23 16:16:25.707, 3, 55.41, 0, 210, 1215
2026/02/23 16:16:25.757, 0, 225.15, 100, 1410, 1215
2026/02/23 16:16:25.757, 1, 54.75, 0, 210, 1215
2026/02/23 16:16:25.757, 2, 57.06, 0, 210, 1215
2026/02/23 16:16:25.757, 3, 55.41, 0, 210, 1215
2026/02/23 16:16:25.808, 0, 225.15, 100, 1410, 1215
2026/02/23 16:16:25.808, 1, 54.75, 0, 210, 1215
2026/02/23 16:16:25.808, 2, 57.06, 0, 210, 1215
2026/02/23 16:16:25.808, 3, 55.41, 0, 210, 1215
2026/02/23 16:16:25.858, 0, 225.43, 100, 1410, 1215
2026/02/23 16:16:25.858, 1, 54.75, 0, 210, 1215
2026/02/23 16:16:25.858, 2, 57.06, 0, 210, 1215
2026/02/23 16:16:25.858, 3, 55.41, 0, 210, 1215
2026/02/23 16:16:25.908, 0, 225.43, 100, 1410, 1215
2026/02/23 16:16:25.909, 1, 54.75, 0, 210, 1215
2026/02/23 16:16:25.909, 2, 57.06, 0, 210, 1215
2026/02/23 16:16:25.909, 3, 55.41, 0, 210, 1215
2026/02/23 16:16:25.959, 0, 225.43, 100, 1410, 1215
2026/02/23 16:16:25.959, 1, 54.75, 0, 210, 1215
2026/02/23 16:16:25.959, 2, 57.06, 0, 210, 1215
2026/02/23 16:16:25.959, 3, 55.41, 0, 210, 1215
2026/02/23 16:16:26.009, 0, 225.43, 100, 1410, 1215
2026/02/23 16:16:26.010, 1, 54.75, 0, 210, 1215
2026/02/23 16:16:26.010, 2, 57.06, 0, 210, 1215
2026/02/23 16:16:26.010, 3, 55.41, 0, 210, 1215
2026/02/23 16:16:26.060, 0, 225.15, 100, 1410, 1215
2026/02/23 16:16:26.060, 1, 54.75, 0, 210, 1215
2026/02/23 16:16:26.060, 2, 57.06, 0, 210, 1215
2026/02/23 16:16:26.060, 3, 55.41, 0, 210, 1215
2026/02/23 16:16:26.110, 0, 225.15, 100, 1410, 1215
2026/02/23 16:16:26.110, 1, 54.75, 0, 210, 1215
2026/02/23 16:16:26.110, 2, 57.06, 0, 210, 1215
2026/02/23 16:16:26.111, 3, 55.41, 0, 210, 1215
2026/02/23 16:16:26.161, 0, 225.15, 100, 1410, 1215
2026/02/23 16:16:26.161, 1, 54.75, 0, 210, 1215
2026/02/23 16:16:26.161, 2, 57.06, 0, 210, 1215
2026/02/23 16:16:26.161, 3, 55.41, 0, 210, 1215
2026/02/23 16:16:26.211, 0, 225.15, 100, 1410, 1215
2026/02/23 16:16:26.211, 1, 54.75, 0, 210, 1215
2026/02/23 16:16:26.211, 2, 57.06, 0, 210, 1215
2026/02/23 16:16:26.211, 3, 55.41, 0, 210, 1215
2026/02/23 16:16:26.262, 0, 225.15, 100, 1410, 1215
2026/02/23 16:16:26.262, 1, 54.75, 0, 210, 1215
2026/02/23 16:16:26.262, 2, 57.06, 0, 210, 1215
2026/02/23 16:16:26.262, 3, 55.41, 0, 210, 1215
2026/02/23 16:16:26.312, 0, 225.15, 100, 1410, 1215
2026/02/23 16:16:26.312, 1, 54.75, 0, 210, 1215
2026/02/23 16:16:26.312, 2, 57.06, 0, 210, 1215
2026/02/23 16:16:26.312, 3, 55.41, 0, 210, 1215
2026/02/23 16:16:26.363, 0, 224.92, 100, 1410, 1215
2026/02/23 16:16:26.363, 1, 54.75, 0, 210, 1215
2026/02/23 16:16:26.363, 2, 57.06, 0, 210, 1215
2026/02/23 16:16:26.363, 3, 55.41, 0, 210, 1215
2026/02/23 16:16:26.413, 0, 224.92, 100, 1410, 1215
2026/02/23 16:16:26.413, 1, 54.75, 0, 210, 1215
2026/02/23 16:16:26.413, 2, 57.06, 0, 210, 1215
2026/02/23 16:16:26.413, 3, 55.41, 0, 210, 1215
2026/02/23 16:16:26.463, 0, 225.15, 100, 1410, 1215
2026/02/23 16:16:26.464, 1, 54.75, 0, 210, 1215
2026/02/23 16:16:26.464, 2, 57.06, 0, 210, 1215
2026/02/23 16:16:26.464, 3, 55.41, 0, 210, 1215
2026/02/23 16:16:26.514, 0, 225.15, 100, 1410, 1215
2026/02/23 16:16:26.514, 1, 54.75, 0, 210, 1215
2026/02/23 16:16:26.514, 2, 57.06, 0, 210, 1215
2026/02/23 16:16:26.514, 3, 55.41, 0, 210, 1215
2026/02/23 16:16:26.564, 0, 225.15, 100, 1410, 1215
2026/02/23 16:16:26.564, 1, 54.75, 0, 210, 1215
2026/02/23 16:16:26.565, 2, 57.06, 0, 210, 1215
2026/02/23 16:16:26.565, 3, 55.41, 0, 210, 1215
2026/02/23 16:16:26.615, 0, 225.15, 100, 1410, 1215
2026/02/23 16:16:26.615, 1, 54.75, 0, 210, 1215
2026/02/23 16:16:26.615, 2, 57.06, 0, 210, 1215
2026/02/23 16:16:26.615, 3, 55.41, 0, 210, 1215
2026/02/23 16:16:26.665, 0, 225.15, 100, 1410, 1215
2026/02/23 16:16:26.665, 1, 55.03, 0, 210, 1215
2026/02/23 16:16:26.665, 2, 57.06, 0, 210, 1215
2026/02/23 16:16:26.665, 3, 55.41, 0, 210, 1215
2026/02/23 16:16:26.716, 0, 225.15, 100, 1410, 1215
2026/02/23 16:16:26.716, 1, 55.03, 0, 210, 1215
2026/02/23 16:16:26.716, 2, 57.06, 0, 210, 1215
2026/02/23 16:16:26.716, 3, 55.41, 0, 210, 1215
2026/02/23 16:16:26.766, 0, 225.15, 100, 1410, 1215
2026/02/23 16:16:26.766, 1, 54.75, 0, 210, 1215
2026/02/23 16:16:26.766, 2, 57.06, 0, 210, 1215
2026/02/23 16:16:26.766, 3, 55.41, 0, 210, 1215
2026/02/23 16:16:26.817, 0, 225.15, 100, 1410, 1215
2026/02/23 16:16:26.817, 1, 54.75, 0, 210, 1215
2026/02/23 16:16:26.817, 2, 57.06, 0, 210, 1215
2026/02/23 16:16:26.817, 3, 55.41, 0, 210, 1215
2026/02/23 16:16:26.867, 0, 224.59, 100, 1410, 1215
2026/02/23 16:16:26.867, 1, 54.75, 0, 210, 1215
2026/02/23 16:16:26.867, 2, 57.06, 0, 210, 1215
2026/02/23 16:16:26.867, 3, 55.41, 0, 210, 1215
2026/02/23 16:16:26.917, 0, 224.59, 100, 1410, 1215
2026/02/23 16:16:26.918, 1, 54.75, 0, 210, 1215
2026/02/23 16:16:26.918, 2, 57.06, 0, 210, 1215
2026/02/23 16:16:26.918, 3, 55.41, 0, 210, 1215
2026/02/23 16:16:26.968, 0, 224.82, 100, 1410, 1215
2026/02/23 16:16:26.968, 1, 54.75, 0, 210, 1215
2026/02/23 16:16:26.968, 2, 57.06, 0, 210, 1215
2026/02/23 16:16:26.968, 3, 55.41, 0, 210, 1215
2026/02/23 16:16:27.018, 0, 224.82, 100, 1410, 1215
2026/02/23 16:16:27.018, 1, 54.75, 0, 210, 1215
2026/02/23 16:16:27.018, 2, 57.06, 0, 210, 1215
2026/02/23 16:16:27.018, 3, 55.41, 0, 210, 1215
2026/02/23 16:16:27.069, 0, 224.82, 100, 1410, 1215
2026/02/23 16:16:27.069, 1, 54.75, 0, 210, 1215
2026/02/23 16:16:27.069, 2, 57.06, 0, 210, 1215
2026/02/23 16:16:27.069, 3, 55.41, 0, 210, 1215
2026/02/23 16:16:27.119, 0, 224.82, 100, 1410, 1215
2026/02/23 16:16:27.119, 1, 54.75, 0, 210, 1215
2026/02/23 16:16:27.119, 2, 57.06, 0, 210, 1215
2026/02/23 16:16:27.119, 3, 55.41, 0, 210, 1215
2026/02/23 16:16:27.170, 0, 224.55, 100, 1410, 1215
2026/02/23 16:16:27.170, 1, 54.75, 0, 210, 1215
2026/02/23 16:16:27.170, 2, 57.06, 0, 210, 1215
2026/02/23 16:16:27.170, 3, 55.41, 0, 210, 1215
2026/02/23 16:16:27.220, 0, 224.55, 100, 1410, 1215
2026/02/23 16:16:27.220, 1, 54.75, 0, 210, 1215
2026/02/23 16:16:27.220, 2, 57.06, 0, 210, 1215
2026/02/23 16:16:27.220, 3, 55.47, 0, 210, 1215
2026/02/23 16:16:27.270, 0, 224.55, 100, 1410, 1215
2026/02/23 16:16:27.271, 1, 54.75, 0, 210, 1215
2026/02/23 16:16:27.271, 2, 57.06, 0, 210, 1215
2026/02/23 16:16:27.271, 3, 55.47, 0, 210, 1215
2026/02/23 16:16:27.321, 0, 224.55, 100, 1410, 1215
2026/02/23 16:16:27.321, 1, 54.75, 0, 210, 1215
2026/02/23 16:16:27.321, 2, 57.06, 0, 210, 1215
2026/02/23 16:16:27.321, 3, 55.47, 0, 210, 1215
2026/02/23 16:16:27.371, 0, 224.55, 100, 1410, 1215
2026/02/23 16:16:27.371, 1, 54.75, 0, 210, 1215
2026/02/23 16:16:27.372, 2, 57.06, 0, 210, 1215
2026/02/23 16:16:27.372, 3, 55.41, 0, 210, 1215
2026/02/23 16:16:27.422, 0, 224.82, 100, 1410, 1215
2026/02/23 16:16:27.422, 1, 54.75, 0, 210, 1215
2026/02/23 16:16:27.422, 2, 57.06, 0, 210, 1215
2026/02/23 16:16:27.422, 3, 55.41, 0, 210, 1215
2026/02/23 16:16:27.472, 0, 224.82, 100, 1410, 1215
2026/02/23 16:16:27.472, 1, 54.75, 0, 210, 1215
2026/02/23 16:16:27.472, 2, 57.06, 0, 210, 1215
2026/02/23 16:16:27.473, 3, 55.41, 0, 210, 1215
2026/02/23 16:16:27.523, 0, 224.55, 100, 1410, 1215
2026/02/23 16:16:27.523, 1, 54.75, 0, 210, 1215
2026/02/23 16:16:27.523, 2, 57.06, 0, 210, 1215
2026/02/23 16:16:27.523, 3, 55.41, 0, 210, 1215
2026/02/23 16:16:27.573, 0, 224.55, 100, 1410, 1215
2026/02/23 16:16:27.573, 1, 54.75, 0, 210, 1215
2026/02/23 16:16:27.573, 2, 57.06, 0, 210, 1215
2026/02/23 16:16:27.573, 3, 55.41, 0, 210, 1215
2026/02/23 16:16:27.624, 0, 224.82, 100, 1410, 1215
2026/02/23 16:16:27.624, 1, 54.75, 0, 210, 1215
2026/02/23 16:16:27.624, 2, 57.06, 0, 210, 1215
2026/02/23 16:16:27.624, 3, 55.41, 0, 210, 1215
2026/02/23 16:16:27.674, 0, 224.82, 100, 1410, 1215
2026/02/23 16:16:27.674, 1, 54.75, 0, 210, 1215
2026/02/23 16:16:27.674, 2, 57.06, 0, 210, 1215
2026/02/23 16:16:27.674, 3, 55.47, 0, 210, 1215
2026/02/23 16:16:27.724, 0, 224.55, 100, 1410, 1215
2026/02/23 16:16:27.725, 1, 54.75, 0, 210, 1215
2026/02/23 16:16:27.725, 2, 57.06, 0, 210, 1215
2026/02/23 16:16:27.725, 3, 55.47, 0, 210, 1215
2026/02/23 16:16:27.775, 0, 224.55, 100, 1410, 1215
2026/02/23 16:16:27.775, 1, 54.75, 0, 210, 1215
2026/02/23 16:16:27.775, 2, 57.06, 0, 210, 1215
2026/02/23 16:16:27.775, 3, 55.41, 0, 210, 1215
2026/02/23 16:16:27.825, 0, 224.55, 100, 1410, 1215
2026/02/23 16:16:27.825, 1, 54.75, 0, 210, 1215
2026/02/23 16:16:27.826, 2, 57.06, 0, 210, 1215
2026/02/23 16:16:27.826, 3, 55.41, 0, 210, 1215
2026/02/23 16:16:27.876, 0, 224.55, 100, 1410, 1215
2026/02/23 16:16:27.876, 1, 54.75, 0, 210, 1215
2026/02/23 16:16:27.876, 2, 57.06, 0, 210, 1215
2026/02/23 16:16:27.876, 3, 55.41, 0, 210, 1215
2026/02/23 16:16:27.926, 0, 224.55, 100, 1410, 1215
2026/02/23 16:16:27.926, 1, 54.75, 0, 210, 1215
2026/02/23 16:16:27.926, 2, 57.06, 0, 210, 1215
2026/02/23 16:16:27.927, 3, 55.41, 0, 210, 1215
2026/02/23 16:16:27.977, 0, 224.55, 100, 1410, 1215
2026/02/23 16:16:27.977, 1, 54.75, 0, 210, 1215
2026/02/23 16:16:27.977, 2, 57.06, 0, 210, 1215
2026/02/23 16:16:27.977, 3, 55.41, 0, 210, 1215
2026/02/23 16:16:28.027, 0, 224.59, 100, 1410, 1215
2026/02/23 16:16:28.027, 1, 54.75, 0, 210, 1215
2026/02/23 16:16:28.027, 2, 57.06, 0, 210, 1215
2026/02/23 16:16:28.027, 3, 55.41, 0, 210, 1215
2026/02/23 16:16:28.078, 0, 224.59, 100, 1410, 1215
2026/02/23 16:16:28.078, 1, 54.75, 0, 210, 1215
2026/02/23 16:16:28.078, 2, 57.01, 0, 210, 1215
2026/02/23 16:16:28.078, 3, 55.41, 0, 210, 1215
2026/02/23 16:16:28.128, 0, 224.59, 100, 1410, 1215
2026/02/23 16:16:28.128, 1, 54.75, 0, 210, 1215
2026/02/23 16:16:28.128, 2, 57.01, 0, 210, 1215
2026/02/23 16:16:28.128, 3, 55.41, 0, 210, 1215
2026/02/23 16:16:28.179, 0, 224.59, 100, 1410, 1215
2026/02/23 16:16:28.179, 1, 55.03, 0, 210, 1215
2026/02/23 16:16:28.179, 2, 57.01, 0, 210, 1215
2026/02/23 16:16:28.179, 3, 55.41, 0, 210, 1215
2026/02/23 16:16:28.229, 0, 224.82, 100, 1410, 1215
2026/02/23 16:16:28.229, 1, 55.03, 0, 210, 1215
2026/02/23 16:16:28.229, 2, 57.01, 0, 210, 1215
2026/02/23 16:16:28.229, 3, 55.41, 0, 210, 1215
2026/02/23 16:16:28.279, 0, 224.82, 100, 1410, 1215
2026/02/23 16:16:28.280, 1, 54.75, 0, 210, 1215
2026/02/23 16:16:28.280, 2, 57.06, 0, 210, 1215
2026/02/23 16:16:28.280, 3, 55.41, 0, 210, 1215
2026/02/23 16:16:28.330, 0, 224.82, 100, 1410, 1215
2026/02/23 16:16:28.330, 1, 54.75, 0, 210, 1215
2026/02/23 16:16:28.330, 2, 57.06, 0, 210, 1215
2026/02/23 16:16:28.330, 3, 55.41, 0, 210, 1215
2026/02/23 16:16:28.380, 0, 224.82, 100, 1410, 1215
2026/02/23 16:16:28.380, 1, 54.75, 0, 210, 1215
2026/02/23 16:16:28.380, 2, 57.06, 0, 210, 1215
2026/02/23 16:16:28.381, 3, 55.47, 0, 210, 1215
2026/02/23 16:16:28.431, 0, 225.15, 100, 1410, 1215
2026/02/23 16:16:28.431, 1, 54.75, 0, 210, 1215
2026/02/23 16:16:28.431, 2, 57.06, 0, 210, 1215
2026/02/23 16:16:28.431, 3, 55.47, 0, 210, 1215
2026/02/23 16:16:28.481, 0, 225.15, 100, 1410, 1215
2026/02/23 16:16:28.481, 1, 54.75, 0, 210, 1215
2026/02/23 16:16:28.481, 2, 57.06, 0, 210, 1215
2026/02/23 16:16:28.481, 3, 55.47, 0, 210, 1215
2026/02/23 16:16:28.532, 0, 225.15, 100, 1410, 1215
2026/02/23 16:16:28.532, 1, 54.75, 0, 210, 1215
2026/02/23 16:16:28.532, 2, 57.06, 0, 210, 1215
2026/02/23 16:16:28.532, 3, 55.47, 0, 210, 1215
2026/02/23 16:16:28.582, 0, 225.15, 100, 1410, 1215
2026/02/23 16:16:28.582, 1, 54.75, 0, 210, 1215
2026/02/23 16:16:28.582, 2, 57.06, 0, 210, 1215
2026/02/23 16:16:28.582, 3, 55.41, 0, 210, 1215
2026/02/23 16:16:28.633, 0, 224.92, 100, 1410, 1215
2026/02/23 16:16:28.633, 1, 54.75, 0, 210, 1215
2026/02/23 16:16:28.633, 2, 57.06, 0, 210, 1215
2026/02/23 16:16:28.633, 3, 55.41, 0, 210, 1215
2026/02/23 16:16:28.683, 0, 224.92, 100, 1410, 1215
2026/02/23 16:16:28.683, 1, 54.75, 0, 210, 1215
2026/02/23 16:16:28.683, 2, 57.06, 0, 210, 1215
2026/02/23 16:16:28.683, 3, 55.41, 0, 210, 1215
2026/02/23 16:16:28.733, 0, 225.15, 100, 1410, 1215
2026/02/23 16:16:28.734, 1, 54.75, 0, 210, 1215
2026/02/23 16:16:28.734, 2, 57.06, 0, 210, 1215
2026/02/23 16:16:28.734, 3, 55.41, 0, 210, 1215
2026/02/23 16:16:28.784, 0, 225.15, 100, 1410, 1215
2026/02/23 16:16:28.784, 1, 54.75, 0, 210, 1215
2026/02/23 16:16:28.784, 2, 57.06, 0, 210, 1215
2026/02/23 16:16:28.784, 3, 55.41, 0, 210, 1215
2026/02/23 16:16:28.834, 0, 225.47, 100, 1410, 1215
2026/02/23 16:16:28.834, 1, 54.75, 0, 210, 1215
2026/02/23 16:16:28.835, 2, 57.06, 0, 210, 1215
2026/02/23 16:16:28.835, 3, 55.41, 0, 210, 1215
2026/02/23 16:16:28.885, 0, 225.47, 100, 1410, 1215
2026/02/23 16:16:28.885, 1, 54.75, 0, 210, 1215
2026/02/23 16:16:28.885, 2, 57.06, 0, 210, 1215
2026/02/23 16:16:28.885, 3, 55.41, 0, 210, 1215
2026/02/23 16:16:28.935, 0, 225.43, 100, 1410, 1215
2026/02/23 16:16:28.935, 1, 54.75, 0, 210, 1215
2026/02/23 16:16:28.935, 2, 57.06, 0, 210, 1215
2026/02/23 16:16:28.936, 3, 55.41, 0, 210, 1215
2026/02/23 16:16:28.986, 0, 225.43, 100, 1410, 1215
2026/02/23 16:16:28.986, 1, 54.75, 0, 210, 1215
2026/02/23 16:16:28.986, 2, 57.06, 0, 210, 1215
2026/02/23 16:16:28.986, 3, 55.41, 0, 210, 1215
2026/02/23 16:16:29.036, 0, 225.43, 100, 1410, 1215
2026/02/23 16:16:29.036, 1, 54.75, 0, 210, 1215
2026/02/23 16:16:29.036, 2, 57.06, 0, 210, 1215
2026/02/23 16:16:29.036, 3, 55.41, 0, 210, 1215
2026/02/23 16:16:29.087, 0, 225.43, 100, 1410, 1215
2026/02/23 16:16:29.087, 1, 54.75, 0, 210, 1215
2026/02/23 16:16:29.087, 2, 57.06, 0, 210, 1215
2026/02/23 16:16:29.087, 3, 55.41, 0, 210, 1215
2026/02/23 16:16:29.137, 0, 225.19, 100, 1410, 1215
2026/02/23 16:16:29.137, 1, 54.75, 0, 210, 1215
2026/02/23 16:16:29.137, 2, 57.06, 0, 210, 1215
2026/02/23 16:16:29.137, 3, 55.41, 0, 210, 1215
2026/02/23 16:16:29.187, 0, 225.19, 100, 1410, 1215
2026/02/23 16:16:29.188, 1, 54.75, 0, 210, 1215
2026/02/23 16:16:29.188, 2, 57.06, 0, 210, 1215
2026/02/23 16:16:29.188, 3, 55.41, 0, 210, 1215
2026/02/23 16:16:29.238, 0, 225.19, 100, 1410, 1215
2026/02/23 16:16:29.238, 1, 54.75, 0, 210, 1215
2026/02/23 16:16:29.238, 2, 57.06, 0, 210, 1215
2026/02/23 16:16:29.238, 3, 55.41, 0, 210, 1215
2026/02/23 16:16:29.288, 0, 225.19, 100, 1410, 1215
2026/02/23 16:16:29.288, 1, 54.75, 0, 210, 1215
2026/02/23 16:16:29.289, 2, 57.01, 0, 210, 1215
2026/02/23 16:16:29.289, 3, 55.41, 0, 210, 1215
2026/02/23 16:16:29.339, 0, 225.19, 100, 1410, 1215
2026/02/23 16:16:29.339, 1, 54.75, 0, 210, 1215
2026/02/23 16:16:29.339, 2, 57.01, 0, 210, 1215
2026/02/23 16:16:29.339, 3, 55.41, 0, 210, 1215
2026/02/23 16:16:29.389, 0, 225.19, 100, 1410, 1215
2026/02/23 16:16:29.389, 1, 54.97, 0, 210, 1215
2026/02/23 16:16:29.389, 2, 57.01, 0, 210, 1215
2026/02/23 16:16:29.390, 3, 55.41, 0, 210, 1215
2026/02/23 16:16:29.440, 0, 225.19, 100, 1410, 1215
2026/02/23 16:16:29.440, 1, 54.97, 0, 210, 1215
2026/02/23 16:16:29.440, 2, 57.01, 0, 210, 1215
2026/02/23 16:16:29.440, 3, 55.41, 0, 210, 1215
2026/02/23 16:16:29.490, 0, 225.19, 100, 1410, 1215
2026/02/23 16:16:29.490, 1, 54.75, 0, 210, 1215
2026/02/23 16:16:29.490, 2, 57.06, 0, 210, 1215
2026/02/23 16:16:29.490, 3, 55.41, 0, 210, 1215
2026/02/23 16:16:29.541, 0, 225.15, 100, 1410, 1215
2026/02/23 16:16:29.541, 1, 54.75, 0, 210, 1215
2026/02/23 16:16:29.541, 2, 57.06, 0, 210, 1215
2026/02/23 16:16:29.541, 3, 55.41, 0, 210, 1215
2026/02/23 16:16:29.591, 0, 225.15, 100, 1410, 1215
2026/02/23 16:16:29.591, 1, 54.75, 0, 210, 1215
2026/02/23 16:16:29.591, 2, 57.01, 0, 210, 1215
2026/02/23 16:16:29.591, 3, 55.41, 0, 210, 1215
2026/02/23 16:16:29.642, 0, 225.15, 100, 1410, 1215
2026/02/23 16:16:29.642, 1, 54.75, 0, 210, 1215
2026/02/23 16:16:29.642, 2, 57.01, 0, 210, 1215
2026/02/23 16:16:29.642, 3, 55.41, 0, 210, 1215
2026/02/23 16:16:29.692, 0, 225.15, 100, 1410, 1215
2026/02/23 16:16:29.692, 1, 54.75, 0, 210, 1215
2026/02/23 16:16:29.692, 2, 57.06, 0, 210, 1215
2026/02/23 16:16:29.692, 3, 55.41, 0, 210, 1215
2026/02/23 16:16:29.742, 0, 225.15, 100, 1410, 1215
2026/02/23 16:16:29.743, 1, 54.75, 0, 210, 1215
2026/02/23 16:16:29.743, 2, 57.06, 0, 210, 1215
2026/02/23 16:16:29.743, 3, 55.41, 0, 210, 1215
2026/02/23 16:16:29.793, 0, 225.15, 100, 1410, 1215
2026/02/23 16:16:29.793, 1, 54.75, 0, 210, 1215
2026/02/23 16:16:29.793, 2, 57.06, 0, 210, 1215
2026/02/23 16:16:29.793, 3, 55.47, 0, 210, 1215
2026/02/23 16:16:29.843, 0, 225.15, 100, 1410, 1215
2026/02/23 16:16:29.843, 1, 54.75, 0, 210, 1215
2026/02/23 16:16:29.844, 2, 57.06, 0, 210, 1215
2026/02/23 16:16:29.844, 3, 55.47, 0, 210, 1215
2026/02/23 16:16:29.894, 0, 225.15, 100, 1410, 1215
2026/02/23 16:16:29.894, 1, 54.75, 0, 210, 1215
2026/02/23 16:16:29.894, 2, 57.06, 0, 210, 1215
2026/02/23 16:16:29.894, 3, 55.41, 0, 210, 1215
2026/02/23 16:16:29.944, 0, 225.15, 100, 1410, 1215
2026/02/23 16:16:29.944, 1, 54.75, 0, 210, 1215
2026/02/23 16:16:29.944, 2, 57.06, 0, 210, 1215
2026/02/23 16:16:29.945, 3, 55.41, 0, 210, 1215
2026/02/23 16:16:29.995, 0, 225.15, 100, 1410, 1215
2026/02/23 16:16:29.995, 1, 54.75, 0, 210, 1215
2026/02/23 16:16:29.995, 2, 57.06, 0, 210, 1215
2026/02/23 16:16:29.995, 3, 55.41, 0, 210, 1215
2026/02/23 16:16:30.045, 0, 225.15, 100, 1410, 1215
2026/02/23 16:16:30.045, 1, 54.75, 0, 210, 1215
2026/02/23 16:16:30.045, 2, 57.06, 0, 210, 1215
2026/02/23 16:16:30.045, 3, 55.41, 0, 210, 1215
2026/02/23 16:16:30.096, 0, 225.15, 100, 1410, 1215
2026/02/23 16:16:30.096, 1, 54.75, 0, 210, 1215
2026/02/23 16:16:30.096, 2, 57.06, 0, 210, 1215
2026/02/23 16:16:30.096, 3, 55.41, 0, 210, 1215
2026/02/23 16:16:30.146, 0, 225.15, 100, 1410, 1215
2026/02/23 16:16:30.146, 1, 54.75, 0, 210, 1215
2026/02/23 16:16:30.146, 2, 57.06, 0, 210, 1215
2026/02/23 16:16:30.146, 3, 55.41, 0, 210, 1215
2026/02/23 16:16:30.196, 0, 225.15, 100, 1410, 1215
2026/02/23 16:16:30.197, 1, 54.75, 0, 210, 1215
2026/02/23 16:16:30.197, 2, 57.06, 0, 210, 1215
2026/02/23 16:16:30.197, 3, 55.41, 0, 210, 1215
2026/02/23 16:16:30.247, 0, 225.15, 100, 1410, 1215
2026/02/23 16:16:30.247, 1, 54.75, 0, 210, 1215
2026/02/23 16:16:30.247, 2, 57.06, 0, 210, 1215
2026/02/23 16:16:30.247, 3, 55.41, 0, 210, 1215
2026/02/23 16:16:30.297, 0, 225.15, 100, 1410, 1215
2026/02/23 16:16:30.297, 1, 54.75, 0, 210, 1215
2026/02/23 16:16:30.298, 2, 57.06, 0, 210, 1215
2026/02/23 16:16:30.298, 3, 55.41, 0, 210, 1215
2026/02/23 16:16:30.348, 0, 224.82, 100, 1410, 1215
2026/02/23 16:16:30.348, 1, 54.75, 0, 210, 1215
2026/02/23 16:16:30.348, 2, 57.06, 0, 210, 1215
2026/02/23 16:16:30.348, 3, 55.41, 0, 210, 1215
2026/02/23 16:16:30.398, 0, 224.82, 100, 1410, 1215
2026/02/23 16:16:30.398, 1, 54.75, 0, 210, 1215
2026/02/23 16:16:30.398, 2, 57.06, 0, 210, 1215
2026/02/23 16:16:30.399, 3, 55.41, 0, 210, 1215
2026/02/23 16:16:30.449, 0, 224.82, 100, 1410, 1215
2026/02/23 16:16:30.449, 1, 54.75, 0, 210, 1215
2026/02/23 16:16:30.449, 2, 57.06, 0, 210, 1215
2026/02/23 16:16:30.449, 3, 55.41, 0, 210, 1215
2026/02/23 16:16:30.499, 0, 224.82, 100, 1410, 1215
2026/02/23 16:16:30.499, 1, 54.75, 0, 210, 1215
2026/02/23 16:16:30.499, 2, 57.06, 0, 210, 1215
2026/02/23 16:16:30.499, 3, 55.41, 0, 210, 1215
2026/02/23 16:16:30.550, 0, 224.82, 100, 1410, 1215
2026/02/23 16:16:30.550, 1, 54.75, 0, 210, 1215
2026/02/23 16:16:30.550, 2, 57.06, 0, 210, 1215
2026/02/23 16:16:30.550, 3, 55.41, 0, 210, 1215
2026/02/23 16:16:30.600, 0, 224.82, 100, 1410, 1215
2026/02/23 16:16:30.600, 1, 54.75, 0, 210, 1215
2026/02/23 16:16:30.600, 2, 57.06, 0, 210, 1215
2026/02/23 16:16:30.600, 3, 55.41, 0, 210, 1215
2026/02/23 16:16:30.651, 0, 225.15, 100, 1410, 1215
2026/02/23 16:16:30.651, 1, 54.75, 0, 210, 1215
2026/02/23 16:16:30.651, 2, 57.06, 0, 210, 1215
2026/02/23 16:16:30.651, 3, 55.41, 0, 210, 1215
2026/02/23 16:16:30.701, 0, 225.15, 100, 1410, 1215
2026/02/23 16:16:30.701, 1, 54.75, 0, 210, 1215
2026/02/23 16:16:30.701, 2, 57.06, 0, 210, 1215
2026/02/23 16:16:30.701, 3, 55.47, 0, 210, 1215
2026/02/23 16:16:30.751, 0, 224.92, 100, 1410, 1215
2026/02/23 16:16:30.752, 1, 54.75, 0, 210, 1215
2026/02/23 16:16:30.752, 2, 57.06, 0, 210, 1215
2026/02/23 16:16:30.752, 3, 55.47, 0, 210, 1215
2026/02/23 16:16:30.802, 0, 224.92, 100, 1410, 1215
2026/02/23 16:16:30.802, 1, 54.75, 0, 210, 1215
2026/02/23 16:16:30.802, 2, 57.01, 0, 210, 1215
2026/02/23 16:16:30.802, 3, 55.41, 0, 210, 1215
2026/02/23 16:16:30.852, 0, 224.59, 100, 1410, 1215
2026/02/23 16:16:30.852, 1, 54.75, 0, 210, 1215
2026/02/23 16:16:30.853, 2, 57.01, 0, 210, 1215
2026/02/23 16:16:30.853, 3, 55.41, 0, 210, 1215
2026/02/23 16:16:30.903, 0, 224.59, 100, 1410, 1215
2026/02/23 16:16:30.903, 1, 54.75, 0, 210, 1215
2026/02/23 16:16:30.903, 2, 57.06, 0, 210, 1215
2026/02/23 16:16:30.903, 3, 55.41, 0, 210, 1215
2026/02/23 16:16:30.953, 0, 224.82, 100, 1410, 1215
2026/02/23 16:16:30.953, 1, 54.75, 0, 210, 1215
2026/02/23 16:16:30.953, 2, 57.06, 0, 210, 1215
2026/02/23 16:16:30.953, 3, 55.41, 0, 210, 1215
2026/02/23 16:16:31.003, 0, 224.82, 100, 1410, 1215
2026/02/23 16:16:31.004, 1, 54.75, 0, 210, 1215
2026/02/23 16:16:31.004, 2, 57.06, 0, 210, 1215
2026/02/23 16:16:31.004, 3, 55.41, 0, 210, 1215
2026/02/23 16:16:31.054, 0, 224.59, 100, 1410, 1215
2026/02/23 16:16:31.054, 1, 54.75, 0, 210, 1215
2026/02/23 16:16:31.054, 2, 57.06, 0, 210, 1215
2026/02/23 16:16:31.054, 3, 55.41, 0, 210, 1215
2026/02/23 16:16:31.104, 0, 224.59, 100, 1410, 1215
2026/02/23 16:16:31.105, 1, 54.75, 0, 210, 1215
2026/02/23 16:16:31.105, 2, 57.06, 0, 210, 1215
2026/02/23 16:16:31.105, 3, 55.41, 0, 210, 1215
2026/02/23 16:16:31.155, 0, 224.82, 100, 1410, 1215
2026/02/23 16:16:31.155, 1, 54.75, 0, 210, 1215
2026/02/23 16:16:31.155, 2, 57.06, 0, 210, 1215
2026/02/23 16:16:31.155, 3, 55.41, 0, 210, 1215
2026/02/23 16:16:31.205, 0, 224.82, 100, 1410, 1215
2026/02/23 16:16:31.205, 1, 54.75, 0, 210, 1215
2026/02/23 16:16:31.205, 2, 57.06, 0, 210, 1215
2026/02/23 16:16:31.206, 3, 55.41, 0, 210, 1215
2026/02/23 16:16:31.256, 0, 224.55, 100, 1410, 1215
2026/02/23 16:16:31.257, 1, 54.75, 0, 210, 1215
2026/02/23 16:16:31.257, 2, 57.06, 0, 210, 1215
2026/02/23 16:16:31.257, 3, 55.41, 0, 210, 1215
2026/02/23 16:16:31.307, 0, 224.55, 100, 1410, 1215
2026/02/23 16:16:31.307, 1, 54.75, 0, 210, 1215
2026/02/23 16:16:31.307, 2, 57.06, 0, 210, 1215
2026/02/23 16:16:31.307, 3, 55.41, 0, 210, 1215
2026/02/23 16:16:31.358, 0, 224.82, 100, 1410, 1215
2026/02/23 16:16:31.359, 1, 54.75, 0, 210, 1215
2026/02/23 16:16:31.359, 2, 57.06, 0, 210, 1215
2026/02/23 16:16:31.359, 3, 55.41, 0, 210, 1215
2026/02/23 16:16:31.409, 0, 224.82, 100, 1410, 1215
2026/02/23 16:16:31.410, 1, 54.75, 0, 210, 1215
2026/02/23 16:16:31.410, 2, 57.06, 0, 210, 1215
2026/02/23 16:16:31.410, 3, 55.41, 0, 210, 1215
2026/02/23 16:16:31.460, 0, 224.55, 100, 1410, 1215
2026/02/23 16:16:31.460, 1, 54.75, 0, 210, 1215
2026/02/23 16:16:31.460, 2, 57.06, 0, 210, 1215
2026/02/23 16:16:31.460, 3, 55.41, 0, 210, 1215
2026/02/23 16:16:31.511, 0, 224.55, 100, 1410, 1215
2026/02/23 16:16:31.511, 1, 54.75, 0, 210, 1215
2026/02/23 16:16:31.511, 2, 57.06, 0, 210, 1215
2026/02/23 16:16:31.511, 3, 55.41, 0, 210, 1215
2026/02/23 16:16:31.561, 0, 224.55, 100, 1410, 1215
2026/02/23 16:16:31.562, 1, 54.75, 0, 210, 1215
2026/02/23 16:16:31.562, 2, 57.06, 0, 210, 1215
2026/02/23 16:16:31.562, 3, 55.41, 0, 210, 1215
2026/02/23 16:16:31.612, 0, 224.55, 100, 1410, 1215
2026/02/23 16:16:31.612, 1, 54.75, 0, 210, 1215
2026/02/23 16:16:31.612, 2, 57.06, 0, 210, 1215
2026/02/23 16:16:31.613, 3, 55.41, 0, 210, 1215
2026/02/23 16:16:31.663, 0, 224.82, 100, 1410, 1215
2026/02/23 16:16:31.663, 1, 55.03, 0, 210, 1215
2026/02/23 16:16:31.663, 2, 57.06, 0, 210, 1215
2026/02/23 16:16:31.663, 3, 55.41, 0, 210, 1215
2026/02/23 16:16:31.713, 0, 224.82, 100, 1410, 1215
2026/02/23 16:16:31.713, 1, 55.03, 0, 210, 1215
2026/02/23 16:16:31.713, 2, 57.06, 0, 210, 1215
2026/02/23 16:16:31.713, 3, 55.41, 0, 210, 1215
2026/02/23 16:16:31.764, 0, 224.82, 100, 1410, 1215
2026/02/23 16:16:31.764, 1, 54.75, 0, 210, 1215
2026/02/23 16:16:31.764, 2, 57.06, 0, 210, 1215
2026/02/23 16:16:31.764, 3, 55.41, 0, 210, 1215
2026/02/23 16:16:31.814, 0, 224.82, 100, 1410, 1215
2026/02/23 16:16:31.814, 1, 54.75, 0, 210, 1215
2026/02/23 16:16:31.814, 2, 57.06, 0, 210, 1215
2026/02/23 16:16:31.814, 3, 55.41, 0, 210, 1215
2026/02/23 16:16:31.865, 0, 224.82, 100, 1410, 1215
2026/02/23 16:16:31.865, 1, 54.75, 0, 210, 1215
2026/02/23 16:16:31.865, 2, 57.06, 0, 210, 1215
2026/02/23 16:16:31.865, 3, 55.41, 0, 210, 1215
2026/02/23 16:16:31.915, 0, 224.82, 100, 1410, 1215
2026/02/23 16:16:31.915, 1, 54.75, 0, 210, 1215
2026/02/23 16:16:31.915, 2, 57.06, 0, 210, 1215
2026/02/23 16:16:31.915, 3, 55.41, 0, 210, 1215
2026/02/23 16:16:31.965, 0, 224.82, 100, 1410, 1215
2026/02/23 16:16:31.966, 1, 54.75, 0, 210, 1215
2026/02/23 16:16:31.966, 2, 57.06, 0, 210, 1215
2026/02/23 16:16:31.966, 3, 55.41, 0, 210, 1215
2026/02/23 16:16:32.016, 0, 224.82, 100, 1410, 1215
2026/02/23 16:16:32.016, 1, 54.75, 0, 210, 1215
2026/02/23 16:16:32.016, 2, 57.06, 0, 210, 1215
2026/02/23 16:16:32.016, 3, 55.41, 0, 210, 1215
2026/02/23 16:16:32.066, 0, 224.59, 100, 1410, 1215
2026/02/23 16:16:32.067, 1, 54.75, 0, 210, 1215
2026/02/23 16:16:32.068, 2, 57.06, 0, 210, 1215
2026/02/23 16:16:32.068, 3, 55.41, 0, 210, 1215
2026/02/23 16:16:32.118, 0, 224.59, 100, 1410, 1215
2026/02/23 16:16:32.118, 1, 54.75, 0, 210, 1215
2026/02/23 16:16:32.118, 2, 57.06, 0, 210, 1215
2026/02/23 16:16:32.118, 3, 55.41, 0, 210, 1215
2026/02/23 16:16:32.168, 0, 224.92, 100, 1410, 1215
2026/02/23 16:16:32.168, 1, 54.75, 0, 210, 1215
2026/02/23 16:16:32.168, 2, 57.06, 0, 210, 1215
2026/02/23 16:16:32.168, 3, 55.41, 0, 210, 1215
2026/02/23 16:16:32.219, 0, 224.92, 100, 1410, 1215
2026/02/23 16:16:32.219, 1, 54.75, 0, 210, 1215
2026/02/23 16:16:32.219, 2, 57.06, 0, 210, 1215
2026/02/23 16:16:32.219, 3, 55.41, 0, 210, 1215
2026/02/23 16:16:32.269, 0, 225.15, 100, 1410, 1215
2026/02/23 16:16:32.269, 1, 54.75, 0, 210, 1215
2026/02/23 16:16:32.269, 2, 57.34, 0, 210, 1215
2026/02/23 16:16:32.269, 3, 55.41, 0, 210, 1215
2026/02/23 16:16:32.320, 0, 225.15, 100, 1410, 1215
2026/02/23 16:16:32.320, 1, 54.75, 0, 210, 1215
2026/02/23 16:16:32.320, 2, 57.34, 0, 210, 1215
2026/02/23 16:16:32.320, 3, 55.41, 0, 210, 1215
2026/02/23 16:16:32.370, 0, 224.92, 100, 1410, 1215
2026/02/23 16:16:32.370, 1, 54.75, 0, 210, 1215
2026/02/23 16:16:32.370, 2, 57.06, 0, 210, 1215
2026/02/23 16:16:32.370, 3, 55.41, 0, 210, 1215
2026/02/23 16:16:32.420, 0, 224.92, 100, 1410, 1215
2026/02/23 16:16:32.421, 1, 54.75, 0, 210, 1215
2026/02/23 16:16:32.421, 2, 57.06, 0, 210, 1215
2026/02/23 16:16:32.421, 3, 55.41, 0, 210, 1215
2026/02/23 16:16:32.471, 0, 224.92, 100, 1410, 1215
2026/02/23 16:16:32.471, 1, 54.75, 0, 210, 1215
2026/02/23 16:16:32.471, 2, 57.06, 0, 210, 1215
2026/02/23 16:16:32.471, 3, 55.41, 0, 210, 1215
2026/02/23 16:16:32.521, 0, 224.82, 100, 1410, 1215
2026/02/23 16:16:32.521, 1, 54.75, 0, 210, 1215
2026/02/23 16:16:32.522, 2, 57.06, 0, 210, 1215
2026/02/23 16:16:32.522, 3, 55.41, 0, 210, 1215
