timestamp,index,power_draw_w,utilization_gpu_pct,clocks_sm_mhz,clocks_mem_mhz
2026/02/23 16:16:46.664, 0, 82.81, 0, 1410, 1215
2026/02/23 16:16:46.668, 1, 54.81, 0, 210, 1215
2026/02/23 16:16:46.674, 2, 57.12, 0, 210, 1215
2026/02/23 16:16:46.679, 3, 55.47, 0, 210, 1215
2026/02/23 16:16:46.735, 0, 82.81, 0, 1410, 1215
2026/02/23 16:16:46.735, 1, 54.81, 0, 210, 1215
2026/02/23 16:16:46.735, 2, 57.12, 0, 210, 1215
2026/02/23 16:16:46.735, 3, 55.47, 0, 210, 1215
2026/02/23 16:16:46.785, 0, 82.81, 0, 1410, 1215
2026/02/23 16:16:46.785, 1, 54.81, 0, 210, 1215
2026/02/23 16:16:46.785, 2, 57.12, 0, 210, 1215
2026/02/23 16:16:46.785, 3, 55.47, 0, 210, 1215
2026/02/23 16:16:46.835, 0, 82.48, 0, 420, 1215
2026/02/23 16:16:46.835, 1, 54.81, 0, 210, 1215
2026/02/23 16:16:46.835, 2, 57.12, 0, 210, 1215
2026/02/23 16:16:46.835, 3, 55.47, 0, 210, 1215
2026/02/23 16:16:46.886, 0, 82.48, 0, 420, 1215
2026/02/23 16:16:46.886, 1, 54.81, 0, 210, 1215
2026/02/23 16:16:46.886, 2, 57.12, 0, 210, 1215
2026/02/23 16:16:46.886, 3, 55.53, 0, 210, 1215
2026/02/23 16:16:46.936, 0, 59.42, 0, 420, 1215
2026/02/23 16:16:46.936, 1, 54.81, 0, 210, 1215
2026/02/23 16:16:46.936, 2, 57.12, 0, 210, 1215
2026/02/23 16:16:46.936, 3, 55.53, 0, 210, 1215
2026/02/23 16:16:46.987, 0, 59.42, 0, 420, 1215
2026/02/23 16:16:46.987, 1, 54.81, 0, 210, 1215
2026/02/23 16:16:46.987, 2, 57.12, 0, 210, 1215
2026/02/23 16:16:46.987, 3, 55.53, 0, 210, 1215
2026/02/23 16:16:47.037, 0, 59.21, 0, 390, 1215
2026/02/23 16:16:47.037, 1, 54.81, 0, 210, 1215
2026/02/23 16:16:47.037, 2, 57.12, 0, 210, 1215
2026/02/23 16:16:47.037, 3, 55.53, 0, 210, 1215
2026/02/23 16:16:47.088, 0, 59.21, 0, 390, 1215
2026/02/23 16:16:47.088, 1, 54.81, 0, 210, 1215
2026/02/23 16:16:47.088, 2, 57.12, 0, 210, 1215
2026/02/23 16:16:47.088, 3, 55.47, 0, 210, 1215
2026/02/23 16:16:47.138, 0, 59.15, 0, 390, 1215
2026/02/23 16:16:47.138, 1, 54.81, 0, 210, 1215
2026/02/23 16:16:47.138, 2, 57.12, 0, 210, 1215
2026/02/23 16:16:47.138, 3, 55.47, 0, 210, 1215
2026/02/23 16:16:47.189, 0, 59.15, 0, 390, 1215
2026/02/23 16:16:47.189, 1, 54.81, 0, 210, 1215
2026/02/23 16:16:47.189, 2, 57.12, 0, 210, 1215
2026/02/23 16:16:47.189, 3, 55.47, 0, 210, 1215
2026/02/23 16:16:47.239, 0, 59.15, 0, 360, 1215
2026/02/23 16:16:47.239, 1, 54.81, 0, 210, 1215
2026/02/23 16:16:47.239, 2, 57.12, 0, 210, 1215
2026/02/23 16:16:47.239, 3, 55.47, 0, 210, 1215
2026/02/23 16:16:47.290, 0, 59.15, 0, 360, 1215
2026/02/23 16:16:47.290, 1, 54.81, 0, 210, 1215
2026/02/23 16:16:47.290, 2, 57.12, 0, 210, 1215
2026/02/23 16:16:47.290, 3, 55.47, 0, 210, 1215
2026/02/23 16:16:47.340, 0, 59.15, 0, 360, 1215
2026/02/23 16:16:47.340, 1, 54.81, 0, 210, 1215
2026/02/23 16:16:47.340, 2, 57.12, 0, 210, 1215
2026/02/23 16:16:47.340, 3, 55.47, 0, 210, 1215
2026/02/23 16:16:47.391, 0, 59.15, 0, 360, 1215
2026/02/23 16:16:47.391, 1, 54.81, 0, 210, 1215
2026/02/23 16:16:47.391, 2, 57.12, 0, 210, 1215
2026/02/23 16:16:47.391, 3, 55.47, 0, 210, 1215
2026/02/23 16:16:47.441, 0, 58.82, 0, 330, 1215
2026/02/23 16:16:47.441, 1, 54.81, 0, 210, 1215
2026/02/23 16:16:47.441, 2, 57.12, 0, 210, 1215
2026/02/23 16:16:47.441, 3, 55.47, 0, 210, 1215
2026/02/23 16:16:47.491, 0, 58.82, 0, 330, 1215
2026/02/23 16:16:47.492, 1, 54.81, 0, 210, 1215
2026/02/23 16:16:47.492, 2, 57.12, 0, 210, 1215
2026/02/23 16:16:47.492, 3, 55.47, 0, 210, 1215
2026/02/23 16:16:47.542, 0, 58.82, 0, 330, 1215
2026/02/23 16:16:47.542, 1, 54.81, 0, 210, 1215
2026/02/23 16:16:47.542, 2, 57.12, 0, 210, 1215
2026/02/23 16:16:47.542, 3, 55.47, 0, 210, 1215
2026/02/23 16:16:47.592, 0, 58.82, 0, 330, 1215
2026/02/23 16:16:47.593, 1, 54.81, 0, 210, 1215
2026/02/23 16:16:47.593, 2, 57.06, 0, 210, 1215
2026/02/23 16:16:47.593, 3, 55.47, 0, 210, 1215
2026/02/23 16:16:47.643, 0, 58.82, 0, 300, 1215
2026/02/23 16:16:47.643, 1, 54.81, 0, 210, 1215
2026/02/23 16:16:47.643, 2, 57.06, 0, 210, 1215
2026/02/23 16:16:47.643, 3, 55.47, 0, 210, 1215
2026/02/23 16:16:47.693, 0, 58.82, 0, 300, 1215
2026/02/23 16:16:47.694, 1, 55.03, 0, 210, 1215
2026/02/23 16:16:47.694, 2, 57.06, 0, 210, 1215
2026/02/23 16:16:47.694, 3, 55.47, 0, 210, 1215
2026/02/23 16:16:47.744, 0, 58.55, 0, 300, 1215
2026/02/23 16:16:47.744, 1, 55.03, 0, 210, 1215
2026/02/23 16:16:47.744, 2, 57.06, 0, 210, 1215
2026/02/23 16:16:47.744, 3, 55.47, 0, 210, 1215
2026/02/23 16:16:47.795, 0, 58.55, 0, 300, 1215
2026/02/23 16:16:47.795, 1, 55.35, 0, 210, 1215
2026/02/23 16:16:47.795, 2, 57.72, 0, 210, 1215
2026/02/23 16:16:47.795, 3, 55.74, 0, 210, 1215
2026/02/23 16:16:47.845, 0, 58.82, 0, 270, 1215
2026/02/23 16:16:47.845, 1, 55.35, 0, 210, 1215
2026/02/23 16:16:47.845, 2, 57.72, 0, 210, 1215
2026/02/23 16:16:47.845, 3, 55.74, 0, 210, 1215
2026/02/23 16:16:47.896, 0, 58.82, 0, 270, 1215
2026/02/23 16:16:47.896, 1, 54.81, 0, 210, 1215
2026/02/23 16:16:47.896, 2, 57.12, 0, 210, 1215
2026/02/23 16:16:47.896, 3, 55.47, 0, 210, 1215
2026/02/23 16:16:47.946, 0, 59.42, 0, 270, 1215
2026/02/23 16:16:47.946, 1, 54.81, 0, 210, 1215
2026/02/23 16:16:47.946, 2, 57.12, 0, 210, 1215
2026/02/23 16:16:47.946, 3, 55.47, 0, 210, 1215
2026/02/23 16:16:47.996, 0, 59.42, 0, 270, 1215
2026/02/23 16:16:47.997, 1, 55.69, 0, 210, 1215
2026/02/23 16:16:47.997, 2, 57.12, 0, 210, 1215
2026/02/23 16:16:47.997, 3, 55.47, 0, 210, 1215
2026/02/23 16:16:48.047, 0, 59.15, 0, 255, 1215
2026/02/23 16:16:48.047, 1, 55.69, 0, 210, 1215
2026/02/23 16:16:48.047, 2, 57.12, 0, 210, 1215
2026/02/23 16:16:48.047, 3, 55.47, 0, 210, 1215
2026/02/23 16:16:48.097, 0, 59.15, 0, 255, 1215
2026/02/23 16:16:48.097, 1, 54.81, 0, 210, 1215
2026/02/23 16:16:48.098, 2, 58.00, 0, 210, 1215
2026/02/23 16:16:48.098, 3, 55.47, 0, 210, 1215
2026/02/23 16:16:48.148, 0, 58.55, 0, 255, 1215
2026/02/23 16:16:48.148, 1, 54.81, 0, 210, 1215
2026/02/23 16:16:48.148, 2, 58.00, 0, 210, 1215
2026/02/23 16:16:48.148, 3, 55.47, 0, 210, 1215
2026/02/23 16:16:48.198, 0, 58.55, 0, 255, 1215
2026/02/23 16:16:48.198, 1, 55.08, 0, 210, 1215
2026/02/23 16:16:48.198, 2, 57.12, 0, 210, 1215
2026/02/23 16:16:48.198, 3, 56.35, 0, 210, 1215
2026/02/23 16:16:48.249, 0, 58.55, 0, 225, 1215
2026/02/23 16:16:48.249, 1, 55.08, 0, 210, 1215
2026/02/23 16:16:48.249, 2, 57.12, 0, 210, 1215
2026/02/23 16:16:48.249, 3, 56.35, 0, 210, 1215
2026/02/23 16:16:48.299, 0, 58.55, 0, 225, 1215
2026/02/23 16:16:48.299, 1, 54.81, 0, 210, 1215
2026/02/23 16:16:48.299, 2, 57.12, 0, 210, 1215
2026/02/23 16:16:48.299, 3, 55.74, 0, 210, 1215
2026/02/23 16:16:48.350, 0, 58.55, 0, 225, 1215
2026/02/23 16:16:48.350, 1, 54.81, 0, 210, 1215
2026/02/23 16:16:48.350, 2, 57.12, 0, 210, 1215
2026/02/23 16:16:48.350, 3, 55.74, 0, 210, 1215
2026/02/23 16:16:48.400, 0, 58.55, 0, 225, 1215
2026/02/23 16:16:48.400, 1, 55.08, 0, 210, 1215
2026/02/23 16:16:48.400, 2, 57.06, 0, 210, 1215
2026/02/23 16:16:48.400, 3, 55.47, 0, 210, 1215
2026/02/23 16:16:48.450, 0, 62.95, 0, 1095, 1215
2026/02/23 16:16:48.451, 1, 55.08, 0, 210, 1215
2026/02/23 16:16:48.451, 2, 57.06, 0, 210, 1215
2026/02/23 16:16:48.451, 3, 55.47, 0, 210, 1215
2026/02/23 16:16:48.501, 0, 62.95, 0, 1095, 1215
2026/02/23 16:16:48.501, 1, 54.81, 0, 210, 1215
2026/02/23 16:16:48.501, 2, 57.12, 0, 210, 1215
2026/02/23 16:16:48.501, 3, 55.47, 0, 210, 1215
2026/02/23 16:16:48.551, 0, 68.62, 0, 1095, 1215
2026/02/23 16:16:48.551, 1, 54.81, 0, 210, 1215
2026/02/23 16:16:48.552, 2, 57.12, 0, 210, 1215
2026/02/23 16:16:48.552, 3, 55.47, 0, 210, 1215
2026/02/23 16:16:48.602, 0, 68.62, 0, 1095, 1215
2026/02/23 16:16:48.602, 1, 55.08, 0, 210, 1215
2026/02/23 16:16:48.602, 2, 57.12, 0, 210, 1215
2026/02/23 16:16:48.602, 3, 55.47, 0, 210, 1215
2026/02/23 16:16:48.652, 0, 64.16, 3, 1095, 1215
2026/02/23 16:16:48.652, 1, 54.75, 0, 210, 1215
2026/02/23 16:16:48.652, 2, 57.12, 0, 210, 1215
2026/02/23 16:16:48.653, 3, 55.47, 0, 210, 1215
2026/02/23 16:16:48.703, 0, 64.16, 3, 1095, 1215
2026/02/23 16:16:48.703, 1, 54.75, 0, 210, 1215
2026/02/23 16:16:48.703, 2, 57.12, 0, 210, 1215
2026/02/23 16:16:48.703, 3, 55.47, 0, 210, 1215
2026/02/23 16:16:48.753, 0, 63.88, 3, 1095, 1215
2026/02/23 16:16:48.753, 1, 54.81, 0, 210, 1215
2026/02/23 16:16:48.753, 2, 57.12, 0, 210, 1215
2026/02/23 16:16:48.753, 3, 55.47, 0, 210, 1215
2026/02/23 16:16:48.804, 0, 63.88, 3, 1095, 1215
2026/02/23 16:16:48.804, 1, 54.81, 0, 210, 1215
2026/02/23 16:16:48.804, 2, 57.06, 0, 210, 1215
2026/02/23 16:16:48.804, 3, 55.47, 0, 210, 1215
2026/02/23 16:16:48.854, 0, 63.88, 0, 1095, 1215
2026/02/23 16:16:48.854, 1, 54.75, 0, 210, 1215
2026/02/23 16:16:48.854, 2, 57.06, 0, 210, 1215
2026/02/23 16:16:48.854, 3, 55.47, 0, 210, 1215
2026/02/23 16:16:48.905, 0, 63.88, 0, 1095, 1215
2026/02/23 16:16:48.905, 1, 54.75, 0, 210, 1215
2026/02/23 16:16:48.905, 2, 57.06, 0, 210, 1215
2026/02/23 16:16:48.905, 3, 55.41, 0, 210, 1215
2026/02/23 16:16:48.955, 0, 132.92, 0, 1095, 1215
2026/02/23 16:16:48.955, 1, 54.75, 0, 210, 1215
2026/02/23 16:16:48.955, 2, 57.06, 0, 210, 1215
2026/02/23 16:16:48.955, 3, 55.41, 0, 210, 1215
2026/02/23 16:16:49.005, 0, 132.92, 0, 1095, 1215
2026/02/23 16:16:49.006, 1, 54.75, 0, 210, 1215
2026/02/23 16:16:49.006, 2, 57.06, 0, 210, 1215
2026/02/23 16:16:49.006, 3, 55.41, 0, 210, 1215
2026/02/23 16:16:49.056, 0, 162.48, 73, 1410, 1215
2026/02/23 16:16:49.056, 1, 54.70, 0, 210, 1215
2026/02/23 16:16:49.056, 2, 57.06, 0, 210, 1215
2026/02/23 16:16:49.056, 3, 55.41, 0, 210, 1215
2026/02/23 16:16:49.106, 0, 162.48, 73, 1410, 1215
2026/02/23 16:16:49.106, 1, 54.70, 0, 210, 1215
2026/02/23 16:16:49.107, 2, 57.06, 0, 210, 1215
2026/02/23 16:16:49.107, 3, 55.41, 0, 210, 1215
2026/02/23 16:16:49.157, 0, 289.83, 73, 1410, 1215
2026/02/23 16:16:49.157, 1, 54.70, 0, 210, 1215
2026/02/23 16:16:49.157, 2, 57.06, 0, 210, 1215
2026/02/23 16:16:49.157, 3, 55.41, 0, 210, 1215
2026/02/23 16:16:49.207, 0, 289.83, 73, 1410, 1215
2026/02/23 16:16:49.207, 1, 54.70, 0, 210, 1215
2026/02/23 16:16:49.207, 2, 57.01, 0, 210, 1215
2026/02/23 16:16:49.208, 3, 55.41, 0, 210, 1215
2026/02/23 16:16:49.258, 0, 295.46, 100, 1410, 1215
2026/02/23 16:16:49.258, 1, 54.75, 0, 210, 1215
2026/02/23 16:16:49.258, 2, 57.01, 0, 210, 1215
2026/02/23 16:16:49.258, 3, 55.41, 0, 210, 1215
2026/02/23 16:16:49.308, 0, 295.46, 100, 1410, 1215
2026/02/23 16:16:49.308, 1, 54.75, 0, 210, 1215
2026/02/23 16:16:49.308, 2, 57.01, 0, 210, 1215
2026/02/23 16:16:49.308, 3, 55.41, 0, 210, 1215
2026/02/23 16:16:49.359, 0, 300.75, 100, 1410, 1215
2026/02/23 16:16:49.359, 1, 54.75, 0, 210, 1215
2026/02/23 16:16:49.359, 2, 57.01, 0, 210, 1215
2026/02/23 16:16:49.359, 3, 55.41, 0, 210, 1215
2026/02/23 16:16:49.409, 0, 300.75, 100, 1410, 1215
2026/02/23 16:16:49.409, 1, 54.75, 0, 210, 1215
2026/02/23 16:16:49.409, 2, 57.01, 0, 210, 1215
2026/02/23 16:16:49.409, 3, 55.41, 0, 210, 1215
2026/02/23 16:16:49.460, 0, 302.52, 100, 1410, 1215
2026/02/23 16:16:49.460, 1, 54.75, 0, 210, 1215
2026/02/23 16:16:49.460, 2, 57.01, 0, 210, 1215
2026/02/23 16:16:49.460, 3, 55.41, 0, 210, 1215
2026/02/23 16:16:49.510, 0, 302.52, 100, 1410, 1215
2026/02/23 16:16:49.510, 1, 54.75, 0, 210, 1215
2026/02/23 16:16:49.510, 2, 57.01, 0, 210, 1215
2026/02/23 16:16:49.510, 3, 55.41, 0, 210, 1215
2026/02/23 16:16:49.560, 0, 303.39, 100, 1410, 1215
2026/02/23 16:16:49.561, 1, 54.75, 0, 210, 1215
2026/02/23 16:16:49.561, 2, 57.01, 0, 210, 1215
2026/02/23 16:16:49.561, 3, 55.41, 0, 210, 1215
2026/02/23 16:16:49.611, 0, 303.39, 100, 1410, 1215
2026/02/23 16:16:49.611, 1, 54.75, 0, 210, 1215
2026/02/23 16:16:49.611, 2, 57.06, 0, 210, 1215
2026/02/23 16:16:49.611, 3, 55.41, 0, 210, 1215
2026/02/23 16:16:49.661, 0, 303.72, 100, 1410, 1215
2026/02/23 16:16:49.661, 1, 54.75, 0, 210, 1215
2026/02/23 16:16:49.662, 2, 57.06, 0, 210, 1215
2026/02/23 16:16:49.662, 3, 55.41, 0, 210, 1215
2026/02/23 16:16:49.712, 0, 303.72, 100, 1410, 1215
2026/02/23 16:16:49.712, 1, 54.75, 0, 210, 1215
2026/02/23 16:16:49.712, 2, 57.06, 0, 210, 1215
2026/02/23 16:16:49.712, 3, 55.41, 0, 210, 1215
2026/02/23 16:16:49.762, 0, 304.00, 100, 1410, 1215
2026/02/23 16:16:49.762, 1, 54.75, 0, 210, 1215
2026/02/23 16:16:49.762, 2, 57.06, 0, 210, 1215
2026/02/23 16:16:49.763, 3, 55.41, 0, 210, 1215
2026/02/23 16:16:49.813, 0, 304.00, 100, 1410, 1215
2026/02/23 16:16:49.813, 1, 54.75, 0, 210, 1215
2026/02/23 16:16:49.813, 2, 57.06, 0, 210, 1215
2026/02/23 16:16:49.813, 3, 55.41, 0, 210, 1215
2026/02/23 16:16:49.863, 0, 304.60, 100, 1410, 1215
2026/02/23 16:16:49.863, 1, 54.75, 0, 210, 1215
2026/02/23 16:16:49.863, 2, 57.06, 0, 210, 1215
2026/02/23 16:16:49.863, 3, 55.41, 0, 210, 1215
2026/02/23 16:16:49.914, 0, 304.60, 100, 1410, 1215
2026/02/23 16:16:49.914, 1, 54.75, 0, 210, 1215
2026/02/23 16:16:49.914, 2, 57.06, 0, 210, 1215
2026/02/23 16:16:49.914, 3, 55.41, 0, 210, 1215
2026/02/23 16:16:49.964, 0, 304.87, 100, 1410, 1215
2026/02/23 16:16:49.964, 1, 54.75, 0, 210, 1215
2026/02/23 16:16:49.964, 2, 57.06, 0, 210, 1215
2026/02/23 16:16:49.964, 3, 55.41, 0, 210, 1215
2026/02/23 16:16:50.015, 0, 304.87, 100, 1410, 1215
2026/02/23 16:16:50.015, 1, 54.75, 0, 210, 1215
2026/02/23 16:16:50.015, 2, 57.06, 0, 210, 1215
2026/02/23 16:16:50.015, 3, 55.41, 0, 210, 1215
2026/02/23 16:16:50.065, 0, 305.21, 100, 1410, 1215
2026/02/23 16:16:50.065, 1, 54.75, 0, 210, 1215
2026/02/23 16:16:50.065, 2, 57.06, 0, 210, 1215
2026/02/23 16:16:50.065, 3, 55.41, 0, 210, 1215
2026/02/23 16:16:50.116, 0, 305.21, 100, 1410, 1215
2026/02/23 16:16:50.116, 1, 54.75, 0, 210, 1215
2026/02/23 16:16:50.116, 2, 57.06, 0, 210, 1215
2026/02/23 16:16:50.116, 3, 55.41, 0, 210, 1215
2026/02/23 16:16:50.166, 0, 306.08, 100, 1410, 1215
2026/02/23 16:16:50.166, 1, 55.03, 0, 210, 1215
2026/02/23 16:16:50.166, 2, 57.06, 0, 210, 1215
2026/02/23 16:16:50.166, 3, 55.41, 0, 210, 1215
2026/02/23 16:16:50.216, 0, 306.08, 100, 1410, 1215
2026/02/23 16:16:50.216, 1, 55.03, 0, 210, 1215
2026/02/23 16:16:50.216, 2, 57.06, 0, 210, 1215
2026/02/23 16:16:50.217, 3, 55.41, 0, 210, 1215
2026/02/23 16:16:50.267, 0, 305.75, 100, 1410, 1215
2026/02/23 16:16:50.267, 1, 54.75, 0, 210, 1215
2026/02/23 16:16:50.267, 2, 57.06, 0, 210, 1215
2026/02/23 16:16:50.267, 3, 55.41, 0, 210, 1215
2026/02/23 16:16:50.317, 0, 305.75, 100, 1410, 1215
2026/02/23 16:16:50.317, 1, 54.75, 0, 210, 1215
2026/02/23 16:16:50.317, 2, 57.06, 0, 210, 1215
2026/02/23 16:16:50.317, 3, 55.41, 0, 210, 1215
2026/02/23 16:16:50.368, 0, 306.35, 100, 1410, 1215
2026/02/23 16:16:50.368, 1, 55.03, 0, 210, 1215
2026/02/23 16:16:50.368, 2, 57.01, 0, 210, 1215
2026/02/23 16:16:50.368, 3, 55.41, 0, 210, 1215
2026/02/23 16:16:50.418, 0, 306.35, 100, 1410, 1215
2026/02/23 16:16:50.418, 1, 55.03, 0, 210, 1215
2026/02/23 16:16:50.418, 2, 57.01, 0, 210, 1215
2026/02/23 16:16:50.418, 3, 55.41, 0, 210, 1215
2026/02/23 16:16:50.468, 0, 306.35, 100, 1410, 1215
2026/02/23 16:16:50.469, 1, 54.70, 0, 210, 1215
2026/02/23 16:16:50.469, 2, 57.28, 0, 210, 1215
2026/02/23 16:16:50.469, 3, 55.41, 0, 210, 1215
2026/02/23 16:16:50.519, 0, 306.35, 100, 1410, 1215
2026/02/23 16:16:50.519, 1, 54.70, 0, 210, 1215
2026/02/23 16:16:50.519, 2, 57.28, 0, 210, 1215
2026/02/23 16:16:50.519, 3, 55.41, 0, 210, 1215
2026/02/23 16:16:50.569, 0, 306.65, 100, 1410, 1215
2026/02/23 16:16:50.569, 1, 54.97, 0, 210, 1215
2026/02/23 16:16:50.570, 2, 57.01, 0, 210, 1215
2026/02/23 16:16:50.570, 3, 55.41, 0, 210, 1215
2026/02/23 16:16:50.620, 0, 306.65, 100, 1410, 1215
2026/02/23 16:16:50.620, 1, 54.97, 0, 210, 1215
2026/02/23 16:16:50.620, 2, 57.01, 0, 210, 1215
2026/02/23 16:16:50.620, 3, 55.35, 0, 210, 1215
2026/02/23 16:16:50.670, 0, 306.96, 100, 1410, 1215
2026/02/23 16:16:50.670, 1, 54.70, 0, 210, 1215
2026/02/23 16:16:50.670, 2, 57.01, 0, 210, 1215
2026/02/23 16:16:50.671, 3, 55.35, 0, 210, 1215
2026/02/23 16:16:50.721, 0, 306.96, 100, 1410, 1215
2026/02/23 16:16:50.721, 1, 54.70, 0, 210, 1215
2026/02/23 16:16:50.721, 2, 57.01, 0, 210, 1215
2026/02/23 16:16:50.721, 3, 55.35, 0, 210, 1215
2026/02/23 16:16:50.771, 0, 306.92, 100, 1410, 1215
2026/02/23 16:16:50.771, 1, 54.97, 0, 210, 1215
2026/02/23 16:16:50.771, 2, 57.01, 0, 210, 1215
2026/02/23 16:16:50.771, 3, 55.35, 0, 210, 1215
2026/02/23 16:16:50.822, 0, 306.92, 100, 1410, 1215
2026/02/23 16:16:50.822, 1, 54.97, 0, 210, 1215
2026/02/23 16:16:50.822, 2, 57.01, 0, 210, 1215
2026/02/23 16:16:50.822, 3, 55.35, 0, 210, 1215
2026/02/23 16:16:50.872, 0, 306.92, 100, 1410, 1215
2026/02/23 16:16:50.872, 1, 54.70, 0, 210, 1215
2026/02/23 16:16:50.872, 2, 57.01, 0, 210, 1215
2026/02/23 16:16:50.872, 3, 55.35, 0, 210, 1215
2026/02/23 16:16:50.923, 0, 306.92, 100, 1410, 1215
2026/02/23 16:16:50.923, 1, 54.70, 0, 210, 1215
2026/02/23 16:16:50.923, 2, 57.01, 0, 210, 1215
2026/02/23 16:16:50.923, 3, 55.35, 0, 210, 1215
2026/02/23 16:16:50.973, 0, 307.25, 100, 1410, 1215
2026/02/23 16:16:50.973, 1, 54.70, 0, 210, 1215
2026/02/23 16:16:50.973, 2, 57.01, 0, 210, 1215
2026/02/23 16:16:50.973, 3, 55.35, 0, 210, 1215
2026/02/23 16:16:51.023, 0, 307.25, 100, 1410, 1215
2026/02/23 16:16:51.024, 1, 54.70, 0, 210, 1215
2026/02/23 16:16:51.024, 2, 57.01, 0, 210, 1215
2026/02/23 16:16:51.024, 3, 55.35, 0, 210, 1215
2026/02/23 16:16:51.074, 0, 307.23, 100, 1410, 1215
2026/02/23 16:16:51.074, 1, 54.75, 0, 210, 1215
2026/02/23 16:16:51.074, 2, 57.01, 0, 210, 1215
2026/02/23 16:16:51.074, 3, 55.35, 0, 210, 1215
2026/02/23 16:16:51.124, 0, 307.23, 100, 1410, 1215
2026/02/23 16:16:51.124, 1, 54.75, 0, 210, 1215
2026/02/23 16:16:51.125, 2, 57.01, 0, 210, 1215
2026/02/23 16:16:51.125, 3, 55.41, 0, 210, 1215
2026/02/23 16:16:51.175, 0, 307.56, 100, 1410, 1215
2026/02/23 16:16:51.175, 1, 54.97, 0, 210, 1215
2026/02/23 16:16:51.175, 2, 57.01, 0, 210, 1215
2026/02/23 16:16:51.175, 3, 55.41, 0, 210, 1215
2026/02/23 16:16:51.225, 0, 307.56, 100, 1410, 1215
2026/02/23 16:16:51.225, 1, 54.97, 0, 210, 1215
2026/02/23 16:16:51.225, 2, 57.01, 0, 210, 1215
2026/02/23 16:16:51.226, 3, 55.41, 0, 210, 1215
2026/02/23 16:16:51.276, 0, 307.23, 100, 1410, 1215
2026/02/23 16:16:51.276, 1, 54.97, 0, 210, 1215
2026/02/23 16:16:51.276, 2, 57.28, 0, 210, 1215
2026/02/23 16:16:51.276, 3, 55.41, 0, 210, 1215
2026/02/23 16:16:51.326, 0, 307.23, 100, 1410, 1215
2026/02/23 16:16:51.326, 1, 54.97, 0, 210, 1215
2026/02/23 16:16:51.326, 2, 57.28, 0, 210, 1215
2026/02/23 16:16:51.326, 3, 55.41, 0, 210, 1215
2026/02/23 16:16:51.377, 0, 307.56, 100, 1410, 1215
2026/02/23 16:16:51.377, 1, 55.03, 0, 210, 1215
2026/02/23 16:16:51.377, 2, 57.01, 0, 210, 1215
2026/02/23 16:16:51.377, 3, 55.41, 0, 210, 1215
2026/02/23 16:16:51.427, 0, 307.56, 100, 1410, 1215
2026/02/23 16:16:51.427, 1, 55.03, 0, 210, 1215
2026/02/23 16:16:51.427, 2, 57.01, 0, 210, 1215
2026/02/23 16:16:51.427, 3, 55.41, 0, 210, 1215
2026/02/23 16:16:51.478, 0, 307.25, 100, 1410, 1215
2026/02/23 16:16:51.478, 1, 54.97, 0, 210, 1215
2026/02/23 16:16:51.478, 2, 57.01, 0, 210, 1215
2026/02/23 16:16:51.478, 3, 55.35, 0, 210, 1215
2026/02/23 16:16:51.528, 0, 307.56, 100, 1410, 1215
2026/02/23 16:16:51.528, 1, 54.97, 0, 210, 1215
2026/02/23 16:16:51.528, 2, 57.01, 0, 210, 1215
2026/02/23 16:16:51.528, 3, 55.35, 0, 210, 1215
2026/02/23 16:16:51.578, 0, 307.56, 100, 1410, 1215
2026/02/23 16:16:51.579, 1, 54.97, 0, 210, 1215
2026/02/23 16:16:51.579, 2, 57.01, 0, 210, 1215
2026/02/23 16:16:51.579, 3, 55.41, 0, 210, 1215
2026/02/23 16:16:51.629, 0, 307.52, 100, 1410, 1215
2026/02/23 16:16:51.629, 1, 54.97, 0, 210, 1215
2026/02/23 16:16:51.629, 2, 57.01, 0, 210, 1215
2026/02/23 16:16:51.629, 3, 55.41, 0, 210, 1215
2026/02/23 16:16:51.679, 0, 307.52, 100, 1410, 1215
2026/02/23 16:16:51.679, 1, 54.97, 0, 210, 1215
2026/02/23 16:16:51.680, 2, 57.01, 0, 210, 1215
2026/02/23 16:16:51.680, 3, 55.35, 0, 210, 1215
2026/02/23 16:16:51.730, 0, 307.52, 100, 1410, 1215
2026/02/23 16:16:51.730, 1, 54.97, 0, 210, 1215
2026/02/23 16:16:51.730, 2, 57.01, 0, 210, 1215
2026/02/23 16:16:51.730, 3, 55.35, 0, 210, 1215
2026/02/23 16:16:51.780, 0, 307.52, 100, 1410, 1215
2026/02/23 16:16:51.780, 1, 54.97, 0, 210, 1215
2026/02/23 16:16:51.780, 2, 57.01, 0, 210, 1215
2026/02/23 16:16:51.780, 3, 55.35, 0, 210, 1215
2026/02/23 16:16:51.831, 0, 307.52, 100, 1410, 1215
2026/02/23 16:16:51.831, 1, 54.97, 0, 210, 1215
2026/02/23 16:16:51.831, 2, 57.01, 0, 210, 1215
2026/02/23 16:16:51.831, 3, 55.35, 0, 210, 1215
2026/02/23 16:16:51.881, 0, 307.52, 100, 1410, 1215
2026/02/23 16:16:51.881, 1, 54.97, 0, 210, 1215
2026/02/23 16:16:51.881, 2, 57.01, 0, 210, 1215
2026/02/23 16:16:51.881, 3, 55.35, 0, 210, 1215
2026/02/23 16:16:51.932, 0, 307.25, 100, 1410, 1215
2026/02/23 16:16:51.932, 1, 54.97, 0, 210, 1215
2026/02/23 16:16:51.932, 2, 57.01, 0, 210, 1215
2026/02/23 16:16:51.932, 3, 55.35, 0, 210, 1215
2026/02/23 16:16:51.982, 0, 307.25, 100, 1410, 1215
2026/02/23 16:16:51.982, 1, 54.97, 0, 210, 1215
2026/02/23 16:16:51.982, 2, 56.95, 0, 210, 1215
2026/02/23 16:16:51.982, 3, 55.35, 0, 210, 1215
2026/02/23 16:16:52.032, 0, 307.52, 100, 1410, 1215
2026/02/23 16:16:52.033, 1, 54.97, 0, 210, 1215
2026/02/23 16:16:52.033, 2, 56.95, 0, 210, 1215
2026/02/23 16:16:52.033, 3, 55.35, 0, 210, 1215
2026/02/23 16:16:52.083, 0, 307.52, 100, 1410, 1215
2026/02/23 16:16:52.083, 1, 54.97, 0, 210, 1215
2026/02/23 16:16:52.083, 2, 57.01, 0, 210, 1215
2026/02/23 16:16:52.083, 3, 55.35, 0, 210, 1215
2026/02/23 16:16:52.133, 0, 307.56, 100, 1410, 1215
2026/02/23 16:16:52.133, 1, 54.97, 0, 210, 1215
2026/02/23 16:16:52.134, 2, 57.01, 0, 210, 1215
2026/02/23 16:16:52.134, 3, 55.35, 0, 210, 1215
2026/02/23 16:16:52.184, 0, 307.56, 100, 1410, 1215
2026/02/23 16:16:52.184, 1, 54.70, 0, 210, 1215
2026/02/23 16:16:52.184, 2, 57.01, 0, 210, 1215
2026/02/23 16:16:52.184, 3, 55.41, 0, 210, 1215
2026/02/23 16:16:52.234, 0, 307.56, 100, 1410, 1215
2026/02/23 16:16:52.236, 1, 54.70, 0, 210, 1215
2026/02/23 16:16:52.236, 2, 57.01, 0, 210, 1215
2026/02/23 16:16:52.236, 3, 55.41, 0, 210, 1215
2026/02/23 16:16:52.286, 0, 307.56, 100, 1410, 1215
2026/02/23 16:16:52.287, 1, 54.97, 0, 210, 1215
2026/02/23 16:16:52.287, 2, 57.01, 0, 210, 1215
2026/02/23 16:16:52.287, 3, 55.41, 0, 210, 1215
2026/02/23 16:16:52.337, 0, 307.25, 100, 1410, 1215
2026/02/23 16:16:52.337, 1, 54.97, 0, 210, 1215
2026/02/23 16:16:52.338, 2, 57.01, 0, 210, 1215
2026/02/23 16:16:52.338, 3, 55.41, 0, 210, 1215
2026/02/23 16:16:52.388, 0, 307.25, 100, 1410, 1215
2026/02/23 16:16:52.388, 1, 54.70, 0, 210, 1215
2026/02/23 16:16:52.388, 2, 57.01, 0, 210, 1215
2026/02/23 16:16:52.388, 3, 55.35, 0, 210, 1215
2026/02/23 16:16:52.438, 0, 307.56, 100, 1410, 1215
2026/02/23 16:16:52.438, 1, 54.70, 0, 210, 1215
2026/02/23 16:16:52.438, 2, 57.01, 0, 210, 1215
2026/02/23 16:16:52.439, 3, 55.35, 0, 210, 1215
2026/02/23 16:16:52.489, 0, 307.56, 100, 1410, 1215
2026/02/23 16:16:52.489, 1, 54.97, 0, 210, 1215
2026/02/23 16:16:52.489, 2, 57.01, 0, 210, 1215
2026/02/23 16:16:52.489, 3, 55.41, 0, 210, 1215
2026/02/23 16:16:52.539, 0, 307.56, 100, 1410, 1215
2026/02/23 16:16:52.539, 1, 54.97, 0, 210, 1215
2026/02/23 16:16:52.539, 2, 57.01, 0, 210, 1215
2026/02/23 16:16:52.539, 3, 55.41, 0, 210, 1215
2026/02/23 16:16:52.590, 0, 307.56, 100, 1410, 1215
2026/02/23 16:16:52.590, 1, 54.75, 0, 210, 1215
2026/02/23 16:16:52.590, 2, 57.28, 0, 210, 1215
2026/02/23 16:16:52.590, 3, 55.41, 0, 210, 1215
2026/02/23 16:16:52.640, 0, 307.23, 100, 1410, 1215
2026/02/23 16:16:52.640, 1, 54.75, 0, 210, 1215
2026/02/23 16:16:52.640, 2, 57.28, 0, 210, 1215
2026/02/23 16:16:52.640, 3, 55.41, 0, 210, 1215
2026/02/23 16:16:52.691, 0, 307.23, 100, 1410, 1215
2026/02/23 16:16:52.691, 1, 55.03, 0, 210, 1215
2026/02/23 16:16:52.691, 2, 57.01, 0, 210, 1215
2026/02/23 16:16:52.691, 3, 55.41, 0, 210, 1215
2026/02/23 16:16:52.741, 0, 307.56, 100, 1410, 1215
2026/02/23 16:16:52.741, 1, 55.03, 0, 210, 1215
2026/02/23 16:16:52.741, 2, 57.01, 0, 210, 1215
2026/02/23 16:16:52.741, 3, 55.41, 0, 210, 1215
2026/02/23 16:16:52.791, 0, 307.56, 100, 1410, 1215
2026/02/23 16:16:52.792, 1, 54.70, 0, 210, 1215
2026/02/23 16:16:52.792, 2, 57.01, 0, 210, 1215
2026/02/23 16:16:52.792, 3, 55.41, 0, 210, 1215
2026/02/23 16:16:52.842, 0, 307.23, 100, 1410, 1215
2026/02/23 16:16:52.842, 1, 54.70, 0, 210, 1215
2026/02/23 16:16:52.842, 2, 57.01, 0, 210, 1215
2026/02/23 16:16:52.842, 3, 55.41, 0, 210, 1215
2026/02/23 16:16:52.892, 0, 307.23, 100, 1410, 1215
2026/02/23 16:16:52.892, 1, 54.97, 0, 210, 1215
2026/02/23 16:16:52.893, 2, 57.01, 0, 210, 1215
2026/02/23 16:16:52.893, 3, 55.41, 0, 210, 1215
2026/02/23 16:16:52.943, 0, 307.56, 100, 1410, 1215
2026/02/23 16:16:52.943, 1, 54.97, 0, 210, 1215
2026/02/23 16:16:52.943, 2, 57.01, 0, 210, 1215
2026/02/23 16:16:52.943, 3, 55.41, 0, 210, 1215
2026/02/23 16:16:52.993, 0, 307.56, 100, 1410, 1215
2026/02/23 16:16:52.993, 1, 54.75, 0, 210, 1215
2026/02/23 16:16:52.993, 2, 57.01, 0, 210, 1215
2026/02/23 16:16:52.994, 3, 55.41, 0, 210, 1215
2026/02/23 16:16:53.044, 0, 307.23, 100, 1410, 1215
2026/02/23 16:16:53.044, 1, 54.75, 0, 210, 1215
2026/02/23 16:16:53.044, 2, 57.01, 0, 210, 1215
2026/02/23 16:16:53.044, 3, 55.41, 0, 210, 1215
2026/02/23 16:16:53.094, 0, 307.23, 100, 1410, 1215
2026/02/23 16:16:53.094, 1, 55.03, 0, 210, 1215
2026/02/23 16:16:53.094, 2, 57.01, 0, 210, 1215
2026/02/23 16:16:53.094, 3, 55.41, 0, 210, 1215
2026/02/23 16:16:53.145, 0, 307.56, 100, 1410, 1215
2026/02/23 16:16:53.145, 1, 55.03, 0, 210, 1215
2026/02/23 16:16:53.145, 2, 57.01, 0, 210, 1215
2026/02/23 16:16:53.145, 3, 55.41, 0, 210, 1215
2026/02/23 16:16:53.195, 0, 307.56, 100, 1410, 1215
2026/02/23 16:16:53.195, 1, 54.70, 0, 210, 1215
2026/02/23 16:16:53.195, 2, 57.01, 0, 210, 1215
2026/02/23 16:16:53.195, 3, 55.41, 0, 210, 1215
2026/02/23 16:16:53.245, 0, 307.23, 100, 1410, 1215
2026/02/23 16:16:53.246, 1, 54.70, 0, 210, 1215
2026/02/23 16:16:53.246, 2, 57.01, 0, 210, 1215
2026/02/23 16:16:53.246, 3, 55.41, 0, 210, 1215
2026/02/23 16:16:53.296, 0, 307.23, 100, 1410, 1215
2026/02/23 16:16:53.296, 1, 54.97, 0, 210, 1215
2026/02/23 16:16:53.296, 2, 57.01, 0, 210, 1215
2026/02/23 16:16:53.296, 3, 55.41, 0, 210, 1215
2026/02/23 16:16:53.346, 0, 307.25, 100, 1410, 1215
2026/02/23 16:16:53.347, 1, 54.97, 0, 210, 1215
2026/02/23 16:16:53.347, 2, 57.01, 0, 210, 1215
2026/02/23 16:16:53.347, 3, 55.41, 0, 210, 1215
2026/02/23 16:16:53.397, 0, 307.25, 100, 1410, 1215
2026/02/23 16:16:53.397, 1, 54.70, 0, 210, 1215
2026/02/23 16:16:53.397, 2, 57.01, 0, 210, 1215
2026/02/23 16:16:53.397, 3, 55.35, 0, 210, 1215
2026/02/23 16:16:53.447, 0, 307.52, 100, 1410, 1215
2026/02/23 16:16:53.447, 1, 54.70, 0, 210, 1215
2026/02/23 16:16:53.447, 2, 57.01, 0, 210, 1215
2026/02/23 16:16:53.448, 3, 55.35, 0, 210, 1215
2026/02/23 16:16:53.498, 0, 307.52, 100, 1410, 1215
2026/02/23 16:16:53.498, 1, 54.97, 0, 210, 1215
2026/02/23 16:16:53.498, 2, 57.01, 0, 210, 1215
2026/02/23 16:16:53.498, 3, 55.35, 0, 210, 1215
2026/02/23 16:16:53.548, 0, 307.25, 100, 1410, 1215
2026/02/23 16:16:53.548, 1, 54.97, 0, 210, 1215
2026/02/23 16:16:53.548, 2, 57.01, 0, 210, 1215
2026/02/23 16:16:53.548, 3, 55.35, 0, 210, 1215
2026/02/23 16:16:53.599, 0, 307.25, 100, 1410, 1215
2026/02/23 16:16:53.599, 1, 54.70, 0, 210, 1215
2026/02/23 16:16:53.599, 2, 57.01, 0, 210, 1215
2026/02/23 16:16:53.599, 3, 55.35, 0, 210, 1215
2026/02/23 16:16:53.649, 0, 307.56, 100, 1410, 1215
2026/02/23 16:16:53.649, 1, 54.70, 0, 210, 1215
2026/02/23 16:16:53.649, 2, 57.01, 0, 210, 1215
2026/02/23 16:16:53.649, 3, 55.35, 0, 210, 1215
2026/02/23 16:16:53.700, 0, 307.56, 100, 1410, 1215
2026/02/23 16:16:53.700, 1, 54.70, 0, 210, 1215
2026/02/23 16:16:53.700, 2, 57.01, 0, 210, 1215
2026/02/23 16:16:53.700, 3, 55.41, 0, 210, 1215
2026/02/23 16:16:53.750, 0, 307.56, 100, 1410, 1215
2026/02/23 16:16:53.750, 1, 54.70, 0, 210, 1215
2026/02/23 16:16:53.750, 2, 57.01, 0, 210, 1215
2026/02/23 16:16:53.750, 3, 55.41, 0, 210, 1215
2026/02/23 16:16:53.800, 0, 307.56, 100, 1410, 1215
2026/02/23 16:16:53.801, 1, 54.97, 0, 210, 1215
2026/02/23 16:16:53.801, 2, 57.01, 0, 210, 1215
2026/02/23 16:16:53.801, 3, 55.35, 0, 210, 1215
2026/02/23 16:16:53.851, 0, 307.56, 100, 1410, 1215
2026/02/23 16:16:53.851, 1, 54.97, 0, 210, 1215
2026/02/23 16:16:53.851, 2, 57.01, 0, 210, 1215
2026/02/23 16:16:53.851, 3, 55.35, 0, 210, 1215
2026/02/23 16:16:53.901, 0, 307.56, 100, 1410, 1215
2026/02/23 16:16:53.901, 1, 54.70, 0, 210, 1215
2026/02/23 16:16:53.902, 2, 57.01, 0, 210, 1215
2026/02/23 16:16:53.902, 3, 55.41, 0, 210, 1215
2026/02/23 16:16:53.952, 0, 307.52, 100, 1410, 1215
2026/02/23 16:16:53.952, 1, 54.70, 0, 210, 1215
2026/02/23 16:16:53.952, 2, 57.01, 0, 210, 1215
2026/02/23 16:16:53.952, 3, 55.41, 0, 210, 1215
2026/02/23 16:16:54.002, 0, 307.52, 100, 1410, 1215
2026/02/23 16:16:54.002, 1, 54.97, 0, 210, 1215
2026/02/23 16:16:54.002, 2, 57.01, 0, 210, 1215
2026/02/23 16:16:54.003, 3, 55.35, 0, 210, 1215
2026/02/23 16:16:54.053, 0, 307.80, 100, 1410, 1215
2026/02/23 16:16:54.053, 1, 54.70, 0, 210, 1215
2026/02/23 16:16:54.053, 2, 57.01, 0, 210, 1215
2026/02/23 16:16:54.053, 3, 55.35, 0, 210, 1215
2026/02/23 16:16:54.103, 0, 307.80, 100, 1410, 1215
2026/02/23 16:16:54.103, 1, 54.70, 0, 210, 1215
2026/02/23 16:16:54.103, 2, 57.01, 0, 210, 1215
2026/02/23 16:16:54.103, 3, 55.41, 0, 210, 1215
2026/02/23 16:16:54.154, 0, 308.12, 100, 1410, 1215
2026/02/23 16:16:54.154, 1, 54.70, 0, 210, 1215
2026/02/23 16:16:54.154, 2, 57.01, 0, 210, 1215
2026/02/23 16:16:54.154, 3, 55.41, 0, 210, 1215
2026/02/23 16:16:54.204, 0, 308.12, 100, 1410, 1215
2026/02/23 16:16:54.204, 1, 54.70, 0, 210, 1215
2026/02/23 16:16:54.204, 2, 57.01, 0, 210, 1215
2026/02/23 16:16:54.204, 3, 55.35, 0, 210, 1215
2026/02/23 16:16:54.255, 0, 307.80, 100, 1410, 1215
2026/02/23 16:16:54.255, 1, 54.70, 0, 210, 1215
2026/02/23 16:16:54.255, 2, 57.01, 0, 210, 1215
2026/02/23 16:16:54.255, 3, 55.35, 0, 210, 1215
2026/02/23 16:16:54.305, 0, 307.80, 100, 1410, 1215
2026/02/23 16:16:54.305, 1, 54.70, 0, 210, 1215
2026/02/23 16:16:54.305, 2, 57.01, 0, 210, 1215
2026/02/23 16:16:54.305, 3, 55.35, 0, 210, 1215
2026/02/23 16:16:54.355, 0, 308.99, 100, 1410, 1215
2026/02/23 16:16:54.355, 1, 54.70, 0, 210, 1215
2026/02/23 16:16:54.356, 2, 57.01, 0, 210, 1215
2026/02/23 16:16:54.356, 3, 55.35, 0, 210, 1215
2026/02/23 16:16:54.406, 0, 308.99, 100, 1410, 1215
2026/02/23 16:16:54.406, 1, 54.70, 0, 210, 1215
2026/02/23 16:16:54.406, 2, 57.01, 0, 210, 1215
2026/02/23 16:16:54.406, 3, 55.41, 0, 210, 1215
2026/02/23 16:16:54.456, 0, 308.67, 100, 1410, 1215
2026/02/23 16:16:54.456, 1, 54.70, 0, 210, 1215
2026/02/23 16:16:54.456, 2, 57.01, 0, 210, 1215
2026/02/23 16:16:54.456, 3, 55.41, 0, 210, 1215
2026/02/23 16:16:54.507, 0, 308.67, 100, 1410, 1215
2026/02/23 16:16:54.507, 1, 54.70, 0, 210, 1215
2026/02/23 16:16:54.507, 2, 57.01, 0, 210, 1215
2026/02/23 16:16:54.507, 3, 55.35, 0, 210, 1215
2026/02/23 16:16:54.557, 0, 309.01, 100, 1410, 1215
2026/02/23 16:16:54.557, 1, 54.97, 0, 210, 1215
2026/02/23 16:16:54.557, 2, 57.01, 0, 210, 1215
2026/02/23 16:16:54.557, 3, 55.35, 0, 210, 1215
2026/02/23 16:16:54.608, 0, 309.01, 100, 1410, 1215
2026/02/23 16:16:54.608, 1, 54.97, 0, 210, 1215
2026/02/23 16:16:54.608, 2, 57.28, 0, 210, 1215
2026/02/23 16:16:54.608, 3, 55.35, 0, 210, 1215
2026/02/23 16:16:54.658, 0, 308.67, 100, 1410, 1215
2026/02/23 16:16:54.658, 1, 54.70, 0, 210, 1215
2026/02/23 16:16:54.658, 2, 57.28, 0, 210, 1215
2026/02/23 16:16:54.658, 3, 55.35, 0, 210, 1215
2026/02/23 16:16:54.708, 0, 308.67, 100, 1410, 1215
2026/02/23 16:16:54.709, 1, 54.70, 0, 210, 1215
2026/02/23 16:16:54.709, 2, 57.01, 0, 210, 1215
2026/02/23 16:16:54.709, 3, 55.35, 0, 210, 1215
2026/02/23 16:16:54.759, 0, 308.67, 100, 1410, 1215
2026/02/23 16:16:54.759, 1, 54.70, 0, 210, 1215
2026/02/23 16:16:54.759, 2, 57.01, 0, 210, 1215
2026/02/23 16:16:54.759, 3, 55.35, 0, 210, 1215
2026/02/23 16:16:54.809, 0, 308.67, 100, 1410, 1215
2026/02/23 16:16:54.809, 1, 54.70, 0, 210, 1215
2026/02/23 16:16:54.810, 2, 57.01, 0, 210, 1215
2026/02/23 16:16:54.810, 3, 55.35, 0, 210, 1215
2026/02/23 16:16:54.860, 0, 308.67, 100, 1410, 1215
2026/02/23 16:16:54.860, 1, 54.70, 0, 210, 1215
2026/02/23 16:16:54.860, 2, 57.01, 0, 210, 1215
2026/02/23 16:16:54.860, 3, 55.35, 0, 210, 1215
2026/02/23 16:16:54.910, 0, 308.67, 100, 1410, 1215
2026/02/23 16:16:54.910, 1, 54.70, 0, 210, 1215
2026/02/23 16:16:54.910, 2, 57.01, 0, 210, 1215
2026/02/23 16:16:54.911, 3, 55.35, 0, 210, 1215
2026/02/23 16:16:54.961, 0, 308.72, 100, 1410, 1215
2026/02/23 16:16:54.961, 1, 54.97, 0, 210, 1215
2026/02/23 16:16:54.961, 2, 57.01, 0, 210, 1215
2026/02/23 16:16:54.961, 3, 55.35, 0, 210, 1215
2026/02/23 16:16:55.011, 0, 308.72, 100, 1410, 1215
2026/02/23 16:16:55.011, 1, 54.97, 0, 210, 1215
2026/02/23 16:16:55.011, 2, 57.01, 0, 210, 1215
2026/02/23 16:16:55.011, 3, 55.41, 0, 210, 1215
2026/02/23 16:16:55.062, 0, 308.67, 100, 1410, 1215
2026/02/23 16:16:55.062, 1, 54.70, 0, 210, 1215
2026/02/23 16:16:55.062, 2, 57.01, 0, 210, 1215
2026/02/23 16:16:55.062, 3, 55.41, 0, 210, 1215
2026/02/23 16:16:55.112, 0, 308.67, 100, 1410, 1215
2026/02/23 16:16:55.112, 1, 54.70, 0, 210, 1215
2026/02/23 16:16:55.112, 2, 57.01, 0, 210, 1215
2026/02/23 16:16:55.112, 3, 55.41, 0, 210, 1215
2026/02/23 16:16:55.163, 0, 308.67, 100, 1410, 1215
2026/02/23 16:16:55.163, 1, 54.70, 0, 210, 1215
2026/02/23 16:16:55.163, 2, 57.01, 0, 210, 1215
2026/02/23 16:16:55.163, 3, 55.41, 0, 210, 1215
2026/02/23 16:16:55.213, 0, 308.67, 100, 1410, 1215
2026/02/23 16:16:55.213, 1, 54.70, 0, 210, 1215
2026/02/23 16:16:55.213, 2, 57.01, 0, 210, 1215
2026/02/23 16:16:55.213, 3, 55.35, 0, 210, 1215
2026/02/23 16:16:55.263, 0, 308.72, 100, 1410, 1215
2026/02/23 16:16:55.264, 1, 54.75, 0, 210, 1215
2026/02/23 16:16:55.264, 2, 57.01, 0, 210, 1215
2026/02/23 16:16:55.264, 3, 55.35, 0, 210, 1215
2026/02/23 16:16:55.314, 0, 308.72, 100, 1410, 1215
2026/02/23 16:16:55.314, 1, 54.75, 0, 210, 1215
2026/02/23 16:16:55.314, 2, 57.01, 0, 210, 1215
2026/02/23 16:16:55.314, 3, 55.41, 0, 210, 1215
2026/02/23 16:16:55.364, 0, 308.40, 100, 1410, 1215
2026/02/23 16:16:55.364, 1, 54.70, 0, 210, 1215
2026/02/23 16:16:55.364, 2, 57.01, 0, 210, 1215
2026/02/23 16:16:55.365, 3, 55.41, 0, 210, 1215
2026/02/23 16:16:55.415, 0, 308.40, 100, 1410, 1215
2026/02/23 16:16:55.415, 1, 54.70, 0, 210, 1215
2026/02/23 16:16:55.415, 2, 57.01, 0, 210, 1215
2026/02/23 16:16:55.415, 3, 55.35, 0, 210, 1215
2026/02/23 16:16:55.465, 0, 308.67, 100, 1410, 1215
2026/02/23 16:16:55.465, 1, 54.70, 0, 210, 1215
2026/02/23 16:16:55.465, 2, 57.01, 0, 210, 1215
2026/02/23 16:16:55.465, 3, 55.35, 0, 210, 1215
2026/02/23 16:16:55.516, 0, 308.67, 100, 1410, 1215
2026/02/23 16:16:55.516, 1, 54.70, 0, 210, 1215
2026/02/23 16:16:55.516, 2, 57.01, 0, 210, 1215
2026/02/23 16:16:55.516, 3, 55.41, 0, 210, 1215
2026/02/23 16:16:55.566, 0, 308.40, 100, 1410, 1215
2026/02/23 16:16:55.566, 1, 54.97, 0, 210, 1215
2026/02/23 16:16:55.566, 2, 57.28, 0, 210, 1215
2026/02/23 16:16:55.566, 3, 55.41, 0, 210, 1215
2026/02/23 16:16:55.617, 0, 308.40, 100, 1410, 1215
2026/02/23 16:16:55.617, 1, 54.97, 0, 210, 1215
2026/02/23 16:16:55.617, 2, 57.28, 0, 210, 1215
2026/02/23 16:16:55.617, 3, 55.35, 0, 210, 1215
2026/02/23 16:16:55.667, 0, 308.13, 100, 1410, 1215
2026/02/23 16:16:55.667, 1, 54.70, 0, 210, 1215
2026/02/23 16:16:55.667, 2, 57.01, 0, 210, 1215
2026/02/23 16:16:55.667, 3, 55.35, 0, 210, 1215
2026/02/23 16:16:55.717, 0, 308.13, 100, 1410, 1215
2026/02/23 16:16:55.718, 1, 54.70, 0, 210, 1215
2026/02/23 16:16:55.718, 2, 57.01, 0, 210, 1215
2026/02/23 16:16:55.718, 3, 55.41, 0, 210, 1215
2026/02/23 16:16:55.768, 0, 308.44, 100, 1410, 1215
2026/02/23 16:16:55.768, 1, 54.97, 0, 210, 1215
2026/02/23 16:16:55.768, 2, 57.01, 0, 210, 1215
2026/02/23 16:16:55.768, 3, 55.41, 0, 210, 1215
2026/02/23 16:16:55.818, 0, 308.44, 100, 1410, 1215
2026/02/23 16:16:55.818, 1, 54.97, 0, 210, 1215
2026/02/23 16:16:55.819, 2, 57.01, 0, 210, 1215
2026/02/23 16:16:55.819, 3, 55.41, 0, 210, 1215
2026/02/23 16:16:55.869, 0, 308.44, 100, 1410, 1215
2026/02/23 16:16:55.869, 1, 54.75, 0, 210, 1215
2026/02/23 16:16:55.869, 2, 57.01, 0, 210, 1215
2026/02/23 16:16:55.869, 3, 55.41, 0, 210, 1215
2026/02/23 16:16:55.919, 0, 308.44, 100, 1410, 1215
2026/02/23 16:16:55.919, 1, 54.75, 0, 210, 1215
2026/02/23 16:16:55.919, 2, 57.01, 0, 210, 1215
2026/02/23 16:16:55.920, 3, 55.41, 0, 210, 1215
2026/02/23 16:16:55.970, 0, 308.44, 100, 1410, 1215
2026/02/23 16:16:55.970, 1, 54.75, 0, 210, 1215
2026/02/23 16:16:55.970, 2, 57.01, 0, 210, 1215
2026/02/23 16:16:55.970, 3, 55.41, 0, 210, 1215
2026/02/23 16:16:56.020, 0, 308.44, 100, 1410, 1215
2026/02/23 16:16:56.020, 1, 54.75, 0, 210, 1215
2026/02/23 16:16:56.020, 2, 57.01, 0, 210, 1215
2026/02/23 16:16:56.020, 3, 55.41, 0, 210, 1215
2026/02/23 16:16:56.071, 0, 308.13, 100, 1410, 1215
2026/02/23 16:16:56.071, 1, 54.70, 0, 210, 1215
2026/02/23 16:16:56.071, 2, 57.28, 0, 210, 1215
2026/02/23 16:16:56.071, 3, 55.41, 0, 210, 1215
2026/02/23 16:16:56.121, 0, 308.13, 100, 1410, 1215
2026/02/23 16:16:56.121, 1, 54.70, 0, 210, 1215
2026/02/23 16:16:56.121, 2, 57.28, 0, 210, 1215
2026/02/23 16:16:56.121, 3, 55.35, 0, 210, 1215
2026/02/23 16:16:56.172, 0, 308.44, 100, 1410, 1215
2026/02/23 16:16:56.172, 1, 54.97, 0, 210, 1215
2026/02/23 16:16:56.172, 2, 57.01, 0, 210, 1215
2026/02/23 16:16:56.172, 3, 55.35, 0, 210, 1215
2026/02/23 16:16:56.222, 0, 308.44, 100, 1410, 1215
2026/02/23 16:16:56.222, 1, 54.97, 0, 210, 1215
2026/02/23 16:16:56.222, 2, 57.01, 0, 210, 1215
2026/02/23 16:16:56.222, 3, 55.35, 0, 210, 1215
2026/02/23 16:16:56.272, 0, 308.44, 100, 1410, 1215
2026/02/23 16:16:56.272, 1, 54.70, 0, 210, 1215
2026/02/23 16:16:56.272, 2, 57.06, 0, 210, 1215
2026/02/23 16:16:56.272, 3, 55.35, 0, 210, 1215
2026/02/23 16:16:56.323, 0, 308.44, 100, 1410, 1215
2026/02/23 16:16:56.323, 1, 54.70, 0, 210, 1215
2026/02/23 16:16:56.323, 2, 57.06, 0, 210, 1215
2026/02/23 16:16:56.323, 3, 55.41, 0, 210, 1215
2026/02/23 16:16:56.373, 0, 308.44, 100, 1410, 1215
2026/02/23 16:16:56.373, 1, 54.75, 0, 210, 1215
2026/02/23 16:16:56.373, 2, 57.01, 0, 210, 1215
2026/02/23 16:16:56.373, 3, 55.41, 0, 210, 1215
2026/02/23 16:16:56.424, 0, 308.44, 100, 1410, 1215
2026/02/23 16:16:56.424, 1, 54.75, 0, 210, 1215
2026/02/23 16:16:56.424, 2, 57.01, 0, 210, 1215
2026/02/23 16:16:56.424, 3, 55.41, 0, 210, 1215
2026/02/23 16:16:56.474, 0, 308.44, 100, 1410, 1215
2026/02/23 16:16:56.474, 1, 54.70, 0, 210, 1215
2026/02/23 16:16:56.474, 2, 57.01, 0, 210, 1215
2026/02/23 16:16:56.474, 3, 55.41, 0, 210, 1215
2026/02/23 16:16:56.524, 0, 308.44, 100, 1410, 1215
2026/02/23 16:16:56.525, 1, 54.70, 0, 210, 1215
2026/02/23 16:16:56.525, 2, 57.01, 0, 210, 1215
2026/02/23 16:16:56.525, 3, 55.41, 0, 210, 1215
2026/02/23 16:16:56.575, 0, 308.44, 100, 1410, 1215
2026/02/23 16:16:56.575, 1, 54.97, 0, 210, 1215
2026/02/23 16:16:56.575, 2, 57.28, 0, 210, 1215
2026/02/23 16:16:56.575, 3, 55.41, 0, 210, 1215
2026/02/23 16:16:56.625, 0, 308.44, 100, 1410, 1215
2026/02/23 16:16:56.625, 1, 54.97, 0, 210, 1215
2026/02/23 16:16:56.626, 2, 57.28, 0, 210, 1215
2026/02/23 16:16:56.626, 3, 55.41, 0, 210, 1215
2026/02/23 16:16:56.676, 0, 308.44, 100, 1410, 1215
2026/02/23 16:16:56.676, 1, 54.70, 0, 210, 1215
2026/02/23 16:16:56.676, 2, 57.01, 0, 210, 1215
2026/02/23 16:16:56.676, 3, 55.35, 0, 210, 1215
2026/02/23 16:16:56.726, 0, 308.44, 100, 1410, 1215
2026/02/23 16:16:56.726, 1, 54.70, 0, 210, 1215
2026/02/23 16:16:56.726, 2, 57.01, 0, 210, 1215
2026/02/23 16:16:56.727, 3, 55.35, 0, 210, 1215
2026/02/23 16:16:56.777, 0, 308.44, 100, 1410, 1215
2026/02/23 16:16:56.777, 1, 54.70, 0, 210, 1215
2026/02/23 16:16:56.777, 2, 57.01, 0, 210, 1215
2026/02/23 16:16:56.777, 3, 55.41, 0, 210, 1215
2026/02/23 16:16:56.827, 0, 308.44, 100, 1410, 1215
2026/02/23 16:16:56.827, 1, 54.70, 0, 210, 1215
2026/02/23 16:16:56.827, 2, 57.01, 0, 210, 1215
2026/02/23 16:16:56.827, 3, 55.41, 0, 210, 1215
2026/02/23 16:16:56.878, 0, 308.13, 100, 1410, 1215
2026/02/23 16:16:56.878, 1, 54.75, 0, 210, 1215
2026/02/23 16:16:56.878, 2, 57.28, 0, 210, 1215
2026/02/23 16:16:56.878, 3, 55.41, 0, 210, 1215
2026/02/23 16:16:56.928, 0, 308.13, 100, 1410, 1215
2026/02/23 16:16:56.928, 1, 54.75, 0, 210, 1215
2026/02/23 16:16:56.928, 2, 57.28, 0, 210, 1215
2026/02/23 16:16:56.928, 3, 55.41, 0, 210, 1215
2026/02/23 16:16:56.978, 0, 308.44, 100, 1410, 1215
2026/02/23 16:16:56.979, 1, 54.70, 0, 210, 1215
2026/02/23 16:16:56.979, 2, 57.28, 0, 210, 1215
2026/02/23 16:16:56.979, 3, 55.35, 0, 210, 1215
2026/02/23 16:16:57.029, 0, 308.44, 100, 1410, 1215
2026/02/23 16:16:57.029, 1, 54.70, 0, 210, 1215
2026/02/23 16:16:57.029, 2, 57.28, 0, 210, 1215
2026/02/23 16:16:57.029, 3, 55.35, 0, 210, 1215
2026/02/23 16:16:57.079, 0, 308.44, 100, 1410, 1215
2026/02/23 16:16:57.080, 1, 54.70, 0, 210, 1215
2026/02/23 16:16:57.080, 2, 57.28, 0, 210, 1215
2026/02/23 16:16:57.080, 3, 55.35, 0, 210, 1215
2026/02/23 16:16:57.130, 0, 308.12, 100, 1410, 1215
2026/02/23 16:16:57.130, 1, 54.70, 0, 210, 1215
2026/02/23 16:16:57.130, 2, 57.28, 0, 210, 1215
2026/02/23 16:16:57.130, 3, 55.35, 0, 210, 1215
2026/02/23 16:16:57.180, 0, 308.12, 100, 1410, 1215
2026/02/23 16:16:57.180, 1, 54.70, 0, 210, 1215
2026/02/23 16:16:57.180, 2, 57.28, 0, 210, 1215
2026/02/23 16:16:57.181, 3, 55.35, 0, 210, 1215
2026/02/23 16:16:57.231, 0, 308.12, 100, 1410, 1215
2026/02/23 16:16:57.231, 1, 54.70, 0, 210, 1215
2026/02/23 16:16:57.231, 2, 57.28, 0, 210, 1215
2026/02/23 16:16:57.231, 3, 55.35, 0, 210, 1215
2026/02/23 16:16:57.281, 0, 308.12, 100, 1410, 1215
2026/02/23 16:16:57.281, 1, 54.70, 0, 210, 1215
2026/02/23 16:16:57.281, 2, 57.01, 0, 210, 1215
2026/02/23 16:16:57.281, 3, 55.35, 0, 210, 1215
2026/02/23 16:16:57.332, 0, 307.80, 100, 1410, 1215
2026/02/23 16:16:57.332, 1, 54.70, 0, 210, 1215
2026/02/23 16:16:57.332, 2, 57.01, 0, 210, 1215
2026/02/23 16:16:57.332, 3, 55.35, 0, 210, 1215
2026/02/23 16:16:57.382, 0, 307.80, 100, 1410, 1215
2026/02/23 16:16:57.382, 1, 54.70, 0, 210, 1215
2026/02/23 16:16:57.382, 2, 57.28, 0, 210, 1215
2026/02/23 16:16:57.382, 3, 55.41, 0, 210, 1215
2026/02/23 16:16:57.433, 0, 308.44, 100, 1410, 1215
2026/02/23 16:16:57.433, 1, 54.70, 0, 210, 1215
2026/02/23 16:16:57.433, 2, 57.28, 0, 210, 1215
2026/02/23 16:16:57.433, 3, 55.41, 0, 210, 1215
2026/02/23 16:16:57.483, 0, 308.44, 100, 1410, 1215
2026/02/23 16:16:57.483, 1, 54.70, 0, 210, 1215
2026/02/23 16:16:57.483, 2, 57.28, 0, 210, 1215
2026/02/23 16:16:57.483, 3, 55.35, 0, 210, 1215
2026/02/23 16:16:57.533, 0, 307.80, 100, 1410, 1215
2026/02/23 16:16:57.534, 1, 54.70, 0, 210, 1215
2026/02/23 16:16:57.534, 2, 57.28, 0, 210, 1215
2026/02/23 16:16:57.534, 3, 55.35, 0, 210, 1215
2026/02/23 16:16:57.584, 0, 307.80, 100, 1410, 1215
2026/02/23 16:16:57.584, 1, 54.70, 0, 210, 1215
2026/02/23 16:16:57.584, 2, 57.01, 0, 210, 1215
2026/02/23 16:16:57.584, 3, 55.35, 0, 210, 1215
2026/02/23 16:16:57.634, 0, 307.80, 100, 1410, 1215
2026/02/23 16:16:57.634, 1, 54.70, 0, 210, 1215
2026/02/23 16:16:57.635, 2, 57.01, 0, 210, 1215
2026/02/23 16:16:57.635, 3, 55.35, 0, 210, 1215
2026/02/23 16:16:57.685, 0, 307.80, 100, 1410, 1215
2026/02/23 16:16:57.685, 1, 54.70, 0, 210, 1215
2026/02/23 16:16:57.685, 2, 57.01, 0, 210, 1215
2026/02/23 16:16:57.685, 3, 55.35, 0, 210, 1215
2026/02/23 16:16:57.735, 0, 308.12, 100, 1410, 1215
2026/02/23 16:16:57.735, 1, 54.70, 0, 210, 1215
2026/02/23 16:16:57.735, 2, 57.01, 0, 210, 1215
2026/02/23 16:16:57.735, 3, 55.35, 0, 210, 1215
2026/02/23 16:16:57.786, 0, 308.12, 100, 1410, 1215
2026/02/23 16:16:57.786, 1, 54.70, 0, 210, 1215
2026/02/23 16:16:57.786, 2, 57.28, 0, 210, 1215
2026/02/23 16:16:57.786, 3, 55.35, 0, 210, 1215
2026/02/23 16:16:57.836, 0, 307.83, 100, 1410, 1215
2026/02/23 16:16:57.836, 1, 54.70, 0, 210, 1215
2026/02/23 16:16:57.836, 2, 57.28, 0, 210, 1215
2026/02/23 16:16:57.836, 3, 55.35, 0, 210, 1215
2026/02/23 16:16:57.887, 0, 307.83, 100, 1410, 1215
2026/02/23 16:16:57.887, 1, 54.97, 0, 210, 1215
2026/02/23 16:16:57.887, 2, 57.01, 0, 210, 1215
2026/02/23 16:16:57.887, 3, 55.41, 0, 210, 1215
2026/02/23 16:16:57.937, 0, 308.12, 100, 1410, 1215
2026/02/23 16:16:57.937, 1, 54.97, 0, 210, 1215
2026/02/23 16:16:57.937, 2, 57.01, 0, 210, 1215
2026/02/23 16:16:57.937, 3, 55.41, 0, 210, 1215
2026/02/23 16:16:57.987, 0, 308.12, 100, 1410, 1215
2026/02/23 16:16:57.988, 1, 54.97, 0, 210, 1215
2026/02/23 16:16:57.988, 2, 57.01, 0, 210, 1215
2026/02/23 16:16:57.988, 3, 55.41, 0, 210, 1215
2026/02/23 16:16:58.038, 0, 308.12, 100, 1410, 1215
2026/02/23 16:16:58.038, 1, 54.97, 0, 210, 1215
2026/02/23 16:16:58.038, 2, 57.01, 0, 210, 1215
2026/02/23 16:16:58.038, 3, 55.41, 0, 210, 1215
2026/02/23 16:16:58.088, 0, 308.12, 100, 1410, 1215
2026/02/23 16:16:58.088, 1, 54.97, 0, 210, 1215
2026/02/23 16:16:58.089, 2, 57.01, 0, 210, 1215
2026/02/23 16:16:58.089, 3, 55.35, 0, 210, 1215
2026/02/23 16:16:58.139, 0, 308.44, 100, 1410, 1215
2026/02/23 16:16:58.139, 1, 54.97, 0, 210, 1215
2026/02/23 16:16:58.139, 2, 57.01, 0, 210, 1215
2026/02/23 16:16:58.139, 3, 55.35, 0, 210, 1215
2026/02/23 16:16:58.189, 0, 308.44, 100, 1410, 1215
2026/02/23 16:16:58.189, 1, 54.97, 0, 210, 1215
2026/02/23 16:16:58.189, 2, 57.01, 0, 210, 1215
2026/02/23 16:16:58.190, 3, 55.35, 0, 210, 1215
2026/02/23 16:16:58.240, 0, 308.40, 100, 1410, 1215
2026/02/23 16:16:58.240, 1, 54.97, 0, 210, 1215
2026/02/23 16:16:58.240, 2, 57.01, 0, 210, 1215
2026/02/23 16:16:58.240, 3, 55.35, 0, 210, 1215
2026/02/23 16:16:58.290, 0, 308.40, 100, 1410, 1215
2026/02/23 16:16:58.290, 1, 54.70, 0, 210, 1215
2026/02/23 16:16:58.290, 2, 57.28, 0, 210, 1215
2026/02/23 16:16:58.290, 3, 55.41, 0, 210, 1215
2026/02/23 16:16:58.341, 0, 308.72, 100, 1410, 1215
2026/02/23 16:16:58.341, 1, 54.70, 0, 210, 1215
2026/02/23 16:16:58.341, 2, 57.28, 0, 210, 1215
2026/02/23 16:16:58.341, 3, 55.41, 0, 210, 1215
2026/02/23 16:16:58.391, 0, 308.72, 100, 1410, 1215
2026/02/23 16:16:58.391, 1, 54.70, 0, 210, 1215
2026/02/23 16:16:58.391, 2, 57.28, 0, 210, 1215
2026/02/23 16:16:58.391, 3, 55.41, 0, 210, 1215
2026/02/23 16:16:58.441, 0, 308.40, 100, 1410, 1215
2026/02/23 16:16:58.442, 1, 54.70, 0, 210, 1215
2026/02/23 16:16:58.442, 2, 57.28, 0, 210, 1215
2026/02/23 16:16:58.442, 3, 55.41, 0, 210, 1215
2026/02/23 16:16:58.492, 0, 308.40, 100, 1410, 1215
2026/02/23 16:16:58.492, 1, 54.70, 0, 210, 1215
2026/02/23 16:16:58.492, 2, 57.01, 0, 210, 1215
2026/02/23 16:16:58.492, 3, 55.35, 0, 210, 1215
2026/02/23 16:16:58.542, 0, 308.40, 100, 1410, 1215
2026/02/23 16:16:58.542, 1, 54.70, 0, 210, 1215
2026/02/23 16:16:58.543, 2, 57.01, 0, 210, 1215
2026/02/23 16:16:58.543, 3, 55.35, 0, 210, 1215
2026/02/23 16:16:58.593, 0, 308.40, 100, 1410, 1215
2026/02/23 16:16:58.593, 1, 54.97, 0, 210, 1215
2026/02/23 16:16:58.593, 2, 57.01, 0, 210, 1215
2026/02/23 16:16:58.593, 3, 55.41, 0, 210, 1215
2026/02/23 16:16:58.643, 0, 308.40, 100, 1410, 1215
2026/02/23 16:16:58.643, 1, 54.97, 0, 210, 1215
2026/02/23 16:16:58.643, 2, 57.01, 0, 210, 1215
2026/02/23 16:16:58.644, 3, 55.41, 0, 210, 1215
2026/02/23 16:16:58.694, 0, 308.40, 100, 1410, 1215
2026/02/23 16:16:58.694, 1, 54.97, 0, 210, 1215
2026/02/23 16:16:58.694, 2, 57.01, 0, 210, 1215
2026/02/23 16:16:58.694, 3, 55.41, 0, 210, 1215
2026/02/23 16:16:58.744, 0, 308.72, 100, 1410, 1215
2026/02/23 16:16:58.744, 1, 54.97, 0, 210, 1215
2026/02/23 16:16:58.744, 2, 57.01, 0, 210, 1215
2026/02/23 16:16:58.744, 3, 55.41, 0, 210, 1215
2026/02/23 16:16:58.795, 0, 308.72, 100, 1410, 1215
2026/02/23 16:16:58.795, 1, 54.70, 0, 210, 1215
2026/02/23 16:16:58.795, 2, 57.01, 0, 210, 1215
2026/02/23 16:16:58.795, 3, 55.41, 0, 210, 1215
2026/02/23 16:16:58.845, 0, 308.72, 100, 1410, 1215
2026/02/23 16:16:58.845, 1, 54.70, 0, 210, 1215
2026/02/23 16:16:58.845, 2, 57.01, 0, 210, 1215
2026/02/23 16:16:58.845, 3, 55.41, 0, 210, 1215
2026/02/23 16:16:58.896, 0, 308.72, 100, 1410, 1215
2026/02/23 16:16:58.896, 1, 54.97, 0, 210, 1215
2026/02/23 16:16:58.896, 2, 57.01, 0, 210, 1215
2026/02/23 16:16:58.896, 3, 55.35, 0, 210, 1215
2026/02/23 16:16:58.946, 0, 309.60, 100, 1410, 1215
2026/02/23 16:16:58.946, 1, 54.97, 0, 210, 1215
2026/02/23 16:16:58.946, 2, 57.01, 0, 210, 1215
2026/02/23 16:16:58.946, 3, 55.35, 0, 210, 1215
2026/02/23 16:16:58.996, 0, 309.60, 100, 1410, 1215
2026/02/23 16:16:58.997, 1, 54.70, 0, 210, 1215
2026/02/23 16:16:58.997, 2, 57.01, 0, 210, 1215
2026/02/23 16:16:58.997, 3, 55.41, 0, 210, 1215
2026/02/23 16:16:59.047, 0, 309.60, 100, 1410, 1215
2026/02/23 16:16:59.047, 1, 54.70, 0, 210, 1215
2026/02/23 16:16:59.047, 2, 57.01, 0, 210, 1215
2026/02/23 16:16:59.047, 3, 55.41, 0, 210, 1215
2026/02/23 16:16:59.097, 0, 309.60, 100, 1410, 1215
2026/02/23 16:16:59.097, 1, 54.97, 0, 210, 1215
2026/02/23 16:16:59.097, 2, 57.01, 0, 210, 1215
2026/02/23 16:16:59.098, 3, 55.41, 0, 210, 1215
2026/02/23 16:16:59.148, 0, 309.60, 100, 1410, 1215
2026/02/23 16:16:59.148, 1, 54.97, 0, 210, 1215
2026/02/23 16:16:59.148, 2, 57.01, 0, 210, 1215
2026/02/23 16:16:59.148, 3, 55.41, 0, 210, 1215
2026/02/23 16:16:59.198, 0, 309.60, 100, 1410, 1215
2026/02/23 16:16:59.198, 1, 54.75, 0, 210, 1215
2026/02/23 16:16:59.198, 2, 57.01, 0, 210, 1215
2026/02/23 16:16:59.198, 3, 55.41, 0, 210, 1215
2026/02/23 16:16:59.249, 0, 309.33, 100, 1410, 1215
2026/02/23 16:16:59.249, 1, 54.75, 0, 210, 1215
2026/02/23 16:16:59.249, 2, 57.01, 0, 210, 1215
2026/02/23 16:16:59.249, 3, 55.41, 0, 210, 1215
2026/02/23 16:16:59.299, 0, 309.33, 100, 1410, 1215
2026/02/23 16:16:59.299, 1, 55.03, 0, 210, 1215
2026/02/23 16:16:59.299, 2, 57.01, 0, 210, 1215
2026/02/23 16:16:59.299, 3, 55.41, 0, 210, 1215
2026/02/23 16:16:59.350, 0, 309.33, 100, 1410, 1215
2026/02/23 16:16:59.350, 1, 55.03, 0, 210, 1215
2026/02/23 16:16:59.350, 2, 57.01, 0, 210, 1215
2026/02/23 16:16:59.350, 3, 55.41, 0, 210, 1215
2026/02/23 16:16:59.400, 0, 309.33, 100, 1410, 1215
2026/02/23 16:16:59.400, 1, 54.75, 0, 210, 1215
2026/02/23 16:16:59.400, 2, 57.06, 0, 210, 1215
2026/02/23 16:16:59.400, 3, 55.41, 0, 210, 1215
2026/02/23 16:16:59.450, 0, 309.33, 100, 1410, 1215
2026/02/23 16:16:59.451, 1, 54.75, 0, 210, 1215
2026/02/23 16:16:59.451, 2, 57.06, 0, 210, 1215
2026/02/23 16:16:59.451, 3, 55.41, 0, 210, 1215
2026/02/23 16:16:59.501, 0, 309.33, 100, 1410, 1215
2026/02/23 16:16:59.501, 1, 54.75, 0, 210, 1215
2026/02/23 16:16:59.501, 2, 57.01, 0, 210, 1215
2026/02/23 16:16:59.501, 3, 55.41, 0, 210, 1215
2026/02/23 16:16:59.551, 0, 309.33, 100, 1410, 1215
2026/02/23 16:16:59.551, 1, 54.75, 0, 210, 1215
2026/02/23 16:16:59.552, 2, 57.01, 0, 210, 1215
2026/02/23 16:16:59.552, 3, 55.41, 0, 210, 1215
2026/02/23 16:16:59.602, 0, 309.33, 100, 1410, 1215
2026/02/23 16:16:59.602, 1, 55.03, 0, 210, 1215
2026/02/23 16:16:59.602, 2, 57.28, 0, 210, 1215
2026/02/23 16:16:59.602, 3, 55.41, 0, 210, 1215
2026/02/23 16:16:59.652, 0, 309.01, 100, 1410, 1215
2026/02/23 16:16:59.652, 1, 55.03, 0, 210, 1215
2026/02/23 16:16:59.652, 2, 57.28, 0, 210, 1215
2026/02/23 16:16:59.653, 3, 55.41, 0, 210, 1215
2026/02/23 16:16:59.703, 0, 309.01, 100, 1410, 1215
2026/02/23 16:16:59.703, 1, 54.97, 0, 210, 1215
2026/02/23 16:16:59.703, 2, 57.01, 0, 210, 1215
2026/02/23 16:16:59.703, 3, 55.41, 0, 210, 1215
2026/02/23 16:16:59.753, 0, 309.33, 100, 1410, 1215
2026/02/23 16:16:59.753, 1, 54.97, 0, 210, 1215
2026/02/23 16:16:59.753, 2, 57.01, 0, 210, 1215
2026/02/23 16:16:59.753, 3, 55.41, 0, 210, 1215
2026/02/23 16:16:59.804, 0, 309.33, 100, 1410, 1215
2026/02/23 16:16:59.804, 1, 55.03, 0, 210, 1215
2026/02/23 16:16:59.804, 2, 57.01, 0, 210, 1215
2026/02/23 16:16:59.804, 3, 55.41, 0, 210, 1215
2026/02/23 16:16:59.854, 0, 309.33, 100, 1410, 1215
2026/02/23 16:16:59.854, 1, 54.97, 0, 210, 1215
2026/02/23 16:16:59.854, 2, 57.01, 0, 210, 1215
2026/02/23 16:16:59.854, 3, 55.41, 0, 210, 1215
2026/02/23 16:16:59.905, 0, 309.33, 100, 1410, 1215
2026/02/23 16:16:59.905, 1, 54.97, 0, 210, 1215
2026/02/23 16:16:59.905, 2, 57.01, 0, 210, 1215
2026/02/23 16:16:59.905, 3, 55.35, 0, 210, 1215
2026/02/23 16:16:59.955, 0, 308.99, 100, 1410, 1215
2026/02/23 16:16:59.955, 1, 54.97, 0, 210, 1215
2026/02/23 16:16:59.955, 2, 57.01, 0, 210, 1215
2026/02/23 16:16:59.955, 3, 55.35, 0, 210, 1215
2026/02/23 16:17:00.005, 0, 308.99, 100, 1410, 1215
2026/02/23 16:17:00.006, 1, 54.97, 0, 210, 1215
2026/02/23 16:17:00.006, 2, 57.01, 0, 210, 1215
2026/02/23 16:17:00.006, 3, 55.41, 0, 210, 1215
2026/02/23 16:17:00.056, 0, 309.33, 100, 1410, 1215
2026/02/23 16:17:00.056, 1, 54.70, 0, 210, 1215
2026/02/23 16:17:00.056, 2, 57.01, 0, 210, 1215
2026/02/23 16:17:00.056, 3, 55.41, 0, 210, 1215
2026/02/23 16:17:00.106, 0, 309.33, 100, 1410, 1215
2026/02/23 16:17:00.106, 1, 54.70, 0, 210, 1215
2026/02/23 16:17:00.107, 2, 57.01, 0, 210, 1215
2026/02/23 16:17:00.107, 3, 55.41, 0, 210, 1215
2026/02/23 16:17:00.157, 0, 308.67, 100, 1410, 1215
2026/02/23 16:17:00.157, 1, 54.97, 0, 210, 1215
2026/02/23 16:17:00.157, 2, 57.01, 0, 210, 1215
2026/02/23 16:17:00.157, 3, 55.41, 0, 210, 1215
2026/02/23 16:17:00.207, 0, 308.67, 100, 1410, 1215
2026/02/23 16:17:00.207, 1, 54.97, 0, 210, 1215
2026/02/23 16:17:00.207, 2, 57.01, 0, 210, 1215
2026/02/23 16:17:00.208, 3, 55.35, 0, 210, 1215
2026/02/23 16:17:00.258, 0, 308.99, 100, 1410, 1215
2026/02/23 16:17:00.258, 1, 55.03, 0, 210, 1215
2026/02/23 16:17:00.258, 2, 57.01, 0, 210, 1215
2026/02/23 16:17:00.258, 3, 55.35, 0, 210, 1215
2026/02/23 16:17:00.308, 0, 308.99, 100, 1410, 1215
2026/02/23 16:17:00.308, 1, 55.03, 0, 210, 1215
2026/02/23 16:17:00.308, 2, 57.01, 0, 210, 1215
2026/02/23 16:17:00.308, 3, 55.41, 0, 210, 1215
2026/02/23 16:17:00.359, 0, 309.01, 100, 1410, 1215
2026/02/23 16:17:00.359, 1, 54.97, 0, 210, 1215
2026/02/23 16:17:00.359, 2, 57.01, 0, 210, 1215
2026/02/23 16:17:00.359, 3, 55.41, 0, 210, 1215
2026/02/23 16:17:00.409, 0, 309.01, 100, 1410, 1215
2026/02/23 16:17:00.409, 1, 54.97, 0, 210, 1215
2026/02/23 16:17:00.409, 2, 57.28, 0, 210, 1215
2026/02/23 16:17:00.409, 3, 55.35, 0, 210, 1215
2026/02/23 16:17:00.459, 0, 308.67, 100, 1410, 1215
2026/02/23 16:17:00.460, 1, 54.97, 0, 210, 1215
2026/02/23 16:17:00.460, 2, 57.28, 0, 210, 1215
2026/02/23 16:17:00.460, 3, 55.35, 0, 210, 1215
2026/02/23 16:17:00.510, 0, 308.67, 100, 1410, 1215
2026/02/23 16:17:00.510, 1, 54.97, 0, 210, 1215
2026/02/23 16:17:00.510, 2, 57.01, 0, 210, 1215
2026/02/23 16:17:00.510, 3, 55.35, 0, 210, 1215
2026/02/23 16:17:00.560, 0, 308.67, 100, 1410, 1215
2026/02/23 16:17:00.560, 1, 54.97, 0, 210, 1215
2026/02/23 16:17:00.561, 2, 57.01, 0, 210, 1215
2026/02/23 16:17:00.561, 3, 55.35, 0, 210, 1215
2026/02/23 16:17:00.611, 0, 308.67, 100, 1410, 1215
2026/02/23 16:17:00.611, 1, 54.97, 0, 210, 1215
2026/02/23 16:17:00.611, 2, 57.01, 0, 210, 1215
2026/02/23 16:17:00.611, 3, 55.41, 0, 210, 1215
2026/02/23 16:17:00.661, 0, 308.40, 100, 1410, 1215
2026/02/23 16:17:00.661, 1, 54.97, 0, 210, 1215
2026/02/23 16:17:00.661, 2, 57.01, 0, 210, 1215
2026/02/23 16:17:00.662, 3, 55.41, 0, 210, 1215
2026/02/23 16:17:00.712, 0, 308.40, 100, 1410, 1215
2026/02/23 16:17:00.712, 1, 54.97, 0, 210, 1215
2026/02/23 16:17:00.712, 2, 57.01, 0, 210, 1215
2026/02/23 16:17:00.712, 3, 55.41, 0, 210, 1215
2026/02/23 16:17:00.762, 0, 308.72, 100, 1410, 1215
2026/02/23 16:17:00.762, 1, 54.75, 0, 210, 1215
2026/02/23 16:17:00.762, 2, 57.01, 0, 210, 1215
2026/02/23 16:17:00.762, 3, 55.41, 0, 210, 1215
2026/02/23 16:17:00.813, 0, 308.72, 100, 1410, 1215
2026/02/23 16:17:00.813, 1, 54.75, 0, 210, 1215
2026/02/23 16:17:00.813, 2, 57.01, 0, 210, 1215
2026/02/23 16:17:00.813, 3, 55.41, 0, 210, 1215
2026/02/23 16:17:00.863, 0, 308.99, 100, 1410, 1215
2026/02/23 16:17:00.863, 1, 54.97, 0, 210, 1215
2026/02/23 16:17:00.863, 2, 57.01, 0, 210, 1215
2026/02/23 16:17:00.863, 3, 55.41, 0, 210, 1215
2026/02/23 16:17:00.914, 0, 308.99, 100, 1410, 1215
2026/02/23 16:17:00.914, 1, 54.97, 0, 210, 1215
2026/02/23 16:17:00.914, 2, 57.01, 0, 210, 1215
2026/02/23 16:17:00.914, 3, 55.41, 0, 210, 1215
2026/02/23 16:17:00.964, 0, 308.72, 100, 1410, 1215
2026/02/23 16:17:00.964, 1, 54.75, 0, 210, 1215
2026/02/23 16:17:00.964, 2, 57.01, 0, 210, 1215
2026/02/23 16:17:00.964, 3, 55.41, 0, 210, 1215
2026/02/23 16:17:01.014, 0, 308.72, 100, 1410, 1215
2026/02/23 16:17:01.015, 1, 54.75, 0, 210, 1215
2026/02/23 16:17:01.015, 2, 57.01, 0, 210, 1215
2026/02/23 16:17:01.015, 3, 55.41, 0, 210, 1215
2026/02/23 16:17:01.065, 0, 308.13, 100, 1410, 1215
2026/02/23 16:17:01.065, 1, 54.70, 0, 210, 1215
2026/02/23 16:17:01.065, 2, 57.01, 0, 210, 1215
2026/02/23 16:17:01.065, 3, 55.41, 0, 210, 1215
2026/02/23 16:17:01.115, 0, 308.13, 100, 1410, 1215
2026/02/23 16:17:01.115, 1, 54.70, 0, 210, 1215
2026/02/23 16:17:01.116, 2, 57.01, 0, 210, 1215
2026/02/23 16:17:01.116, 3, 55.35, 0, 210, 1215
2026/02/23 16:17:01.166, 0, 308.40, 100, 1410, 1215
2026/02/23 16:17:01.166, 1, 54.70, 0, 210, 1215
2026/02/23 16:17:01.166, 2, 57.01, 0, 210, 1215
2026/02/23 16:17:01.166, 3, 55.35, 0, 210, 1215
2026/02/23 16:17:01.216, 0, 308.40, 100, 1410, 1215
2026/02/23 16:17:01.216, 1, 54.70, 0, 210, 1215
2026/02/23 16:17:01.216, 2, 57.01, 0, 210, 1215
2026/02/23 16:17:01.217, 3, 55.35, 0, 210, 1215
2026/02/23 16:17:01.267, 0, 308.44, 100, 1410, 1215
2026/02/23 16:17:01.267, 1, 54.97, 0, 210, 1215
2026/02/23 16:17:01.267, 2, 57.01, 0, 210, 1215
2026/02/23 16:17:01.267, 3, 55.35, 0, 210, 1215
2026/02/23 16:17:01.317, 0, 308.44, 100, 1410, 1215
2026/02/23 16:17:01.317, 1, 54.97, 0, 210, 1215
2026/02/23 16:17:01.317, 2, 57.01, 0, 210, 1215
2026/02/23 16:17:01.317, 3, 55.35, 0, 210, 1215
2026/02/23 16:17:01.368, 0, 308.67, 100, 1410, 1215
2026/02/23 16:17:01.368, 1, 54.97, 0, 210, 1215
2026/02/23 16:17:01.368, 2, 57.01, 0, 210, 1215
2026/02/23 16:17:01.368, 3, 55.35, 0, 210, 1215
2026/02/23 16:17:01.418, 0, 308.67, 100, 1410, 1215
2026/02/23 16:17:01.418, 1, 54.97, 0, 210, 1215
2026/02/23 16:17:01.418, 2, 57.01, 0, 210, 1215
2026/02/23 16:17:01.418, 3, 55.41, 0, 210, 1215
2026/02/23 16:17:01.468, 0, 308.44, 100, 1410, 1215
2026/02/23 16:17:01.469, 1, 54.70, 0, 210, 1215
2026/02/23 16:17:01.469, 2, 57.01, 0, 210, 1215
2026/02/23 16:17:01.469, 3, 55.41, 0, 210, 1215
2026/02/23 16:17:01.519, 0, 308.44, 100, 1410, 1215
2026/02/23 16:17:01.519, 1, 54.70, 0, 210, 1215
2026/02/23 16:17:01.519, 2, 57.01, 0, 210, 1215
2026/02/23 16:17:01.519, 3, 55.35, 0, 210, 1215
2026/02/23 16:17:01.569, 0, 308.40, 100, 1410, 1215
2026/02/23 16:17:01.569, 1, 54.97, 0, 210, 1215
2026/02/23 16:17:01.570, 2, 57.01, 0, 210, 1215
2026/02/23 16:17:01.570, 3, 55.35, 0, 210, 1215
2026/02/23 16:17:01.620, 0, 308.40, 100, 1410, 1215
2026/02/23 16:17:01.620, 1, 54.97, 0, 210, 1215
2026/02/23 16:17:01.620, 2, 57.01, 0, 210, 1215
2026/02/23 16:17:01.620, 3, 55.35, 0, 210, 1215
2026/02/23 16:17:01.670, 0, 308.40, 100, 1410, 1215
2026/02/23 16:17:01.670, 1, 54.70, 0, 210, 1215
2026/02/23 16:17:01.670, 2, 57.01, 0, 210, 1215
2026/02/23 16:17:01.671, 3, 55.35, 0, 210, 1215
2026/02/23 16:17:01.721, 0, 308.40, 100, 1410, 1215
2026/02/23 16:17:01.721, 1, 54.70, 0, 210, 1215
2026/02/23 16:17:01.721, 2, 57.01, 0, 210, 1215
2026/02/23 16:17:01.721, 3, 55.35, 0, 210, 1215
2026/02/23 16:17:01.771, 0, 308.40, 100, 1410, 1215
2026/02/23 16:17:01.771, 1, 54.70, 0, 210, 1215
2026/02/23 16:17:01.771, 2, 57.01, 0, 210, 1215
2026/02/23 16:17:01.771, 3, 55.35, 0, 210, 1215
2026/02/23 16:17:01.822, 0, 308.40, 100, 1410, 1215
2026/02/23 16:17:01.822, 1, 54.70, 0, 210, 1215
2026/02/23 16:17:01.822, 2, 57.01, 0, 210, 1215
2026/02/23 16:17:01.822, 3, 55.41, 0, 210, 1215
2026/02/23 16:17:01.872, 0, 308.40, 100, 1410, 1215
2026/02/23 16:17:01.872, 1, 54.70, 0, 210, 1215
2026/02/23 16:17:01.872, 2, 57.28, 0, 210, 1215
2026/02/23 16:17:01.872, 3, 55.41, 0, 210, 1215
2026/02/23 16:17:01.923, 0, 308.40, 100, 1410, 1215
2026/02/23 16:17:01.923, 1, 54.70, 0, 210, 1215
2026/02/23 16:17:01.923, 2, 57.28, 0, 210, 1215
2026/02/23 16:17:01.923, 3, 55.35, 0, 210, 1215
2026/02/23 16:17:01.973, 0, 309.33, 100, 1410, 1215
2026/02/23 16:17:01.973, 1, 54.97, 0, 210, 1215
2026/02/23 16:17:01.973, 2, 57.28, 0, 210, 1215
2026/02/23 16:17:01.973, 3, 55.35, 0, 210, 1215
2026/02/23 16:17:02.023, 0, 309.33, 100, 1410, 1215
2026/02/23 16:17:02.024, 1, 54.97, 0, 210, 1215
2026/02/23 16:17:02.024, 2, 57.28, 0, 210, 1215
2026/02/23 16:17:02.024, 3, 55.41, 0, 210, 1215
2026/02/23 16:17:02.074, 0, 309.33, 100, 1410, 1215
2026/02/23 16:17:02.074, 1, 54.75, 0, 210, 1215
2026/02/23 16:17:02.074, 2, 57.06, 0, 210, 1215
2026/02/23 16:17:02.074, 3, 55.41, 0, 210, 1215
2026/02/23 16:17:02.124, 0, 309.33, 100, 1410, 1215
2026/02/23 16:17:02.124, 1, 54.75, 0, 210, 1215
2026/02/23 16:17:02.124, 2, 57.06, 0, 210, 1215
2026/02/23 16:17:02.125, 3, 55.41, 0, 210, 1215
2026/02/23 16:17:02.175, 0, 309.33, 100, 1410, 1215
2026/02/23 16:17:02.175, 1, 54.75, 0, 210, 1215
2026/02/23 16:17:02.175, 2, 57.01, 0, 210, 1215
2026/02/23 16:17:02.175, 3, 55.41, 0, 210, 1215
2026/02/23 16:17:02.225, 0, 309.33, 100, 1410, 1215
2026/02/23 16:17:02.225, 1, 54.75, 0, 210, 1215
2026/02/23 16:17:02.225, 2, 57.01, 0, 210, 1215
2026/02/23 16:17:02.225, 3, 55.41, 0, 210, 1215
2026/02/23 16:17:02.276, 0, 309.33, 100, 1410, 1215
2026/02/23 16:17:02.276, 1, 54.70, 0, 210, 1215
2026/02/23 16:17:02.276, 2, 57.01, 0, 210, 1215
2026/02/23 16:17:02.276, 3, 55.41, 0, 210, 1215
2026/02/23 16:17:02.326, 0, 309.33, 100, 1410, 1215
2026/02/23 16:17:02.327, 1, 54.70, 0, 210, 1215
2026/02/23 16:17:02.327, 2, 57.01, 0, 210, 1215
2026/02/23 16:17:02.327, 3, 55.41, 0, 210, 1215
2026/02/23 16:17:02.377, 0, 309.60, 100, 1410, 1215
2026/02/23 16:17:02.378, 1, 54.75, 0, 210, 1215
2026/02/23 16:17:02.378, 2, 57.01, 0, 210, 1215
2026/02/23 16:17:02.378, 3, 55.41, 0, 210, 1215
2026/02/23 16:17:02.428, 0, 309.60, 100, 1410, 1215
2026/02/23 16:17:02.428, 1, 54.75, 0, 210, 1215
2026/02/23 16:17:02.428, 2, 57.01, 0, 210, 1215
2026/02/23 16:17:02.428, 3, 55.41, 0, 210, 1215
2026/02/23 16:17:02.478, 0, 309.60, 100, 1410, 1215
2026/02/23 16:17:02.479, 1, 55.03, 0, 210, 1215
2026/02/23 16:17:02.479, 2, 57.06, 0, 210, 1215
2026/02/23 16:17:02.479, 3, 55.41, 0, 210, 1215
2026/02/23 16:17:02.529, 0, 309.60, 100, 1410, 1215
2026/02/23 16:17:02.529, 1, 55.03, 0, 210, 1215
2026/02/23 16:17:02.529, 2, 57.06, 0, 210, 1215
2026/02/23 16:17:02.529, 3, 55.41, 0, 210, 1215
2026/02/23 16:17:02.579, 0, 309.60, 100, 1410, 1215
2026/02/23 16:17:02.579, 1, 54.70, 0, 210, 1215
2026/02/23 16:17:02.580, 2, 57.01, 0, 210, 1215
2026/02/23 16:17:02.580, 3, 55.41, 0, 210, 1215
2026/02/23 16:17:02.630, 0, 309.28, 100, 1410, 1215
2026/02/23 16:17:02.630, 1, 54.70, 0, 210, 1215
2026/02/23 16:17:02.630, 2, 57.01, 0, 210, 1215
2026/02/23 16:17:02.630, 3, 55.41, 0, 210, 1215
2026/02/23 16:17:02.680, 0, 309.28, 100, 1410, 1215
2026/02/23 16:17:02.680, 1, 54.97, 0, 210, 1215
2026/02/23 16:17:02.680, 2, 57.01, 0, 210, 1215
2026/02/23 16:17:02.680, 3, 55.35, 0, 210, 1215
2026/02/23 16:17:02.731, 0, 309.33, 100, 1410, 1215
2026/02/23 16:17:02.731, 1, 54.97, 0, 210, 1215
2026/02/23 16:17:02.731, 2, 57.01, 0, 210, 1215
2026/02/23 16:17:02.731, 3, 55.35, 0, 210, 1215
2026/02/23 16:17:02.781, 0, 309.33, 100, 1410, 1215
2026/02/23 16:17:02.781, 1, 54.75, 0, 210, 1215
2026/02/23 16:17:02.781, 2, 57.01, 0, 210, 1215
2026/02/23 16:17:02.781, 3, 55.41, 0, 210, 1215
2026/02/23 16:17:02.832, 0, 309.60, 100, 1410, 1215
2026/02/23 16:17:02.832, 1, 54.75, 0, 210, 1215
2026/02/23 16:17:02.832, 2, 57.01, 0, 210, 1215
2026/02/23 16:17:02.832, 3, 55.41, 0, 210, 1215
2026/02/23 16:17:02.882, 0, 309.60, 100, 1410, 1215
2026/02/23 16:17:02.882, 1, 54.97, 0, 210, 1215
2026/02/23 16:17:02.882, 2, 57.01, 0, 210, 1215
2026/02/23 16:17:02.882, 3, 55.35, 0, 210, 1215
2026/02/23 16:17:02.932, 0, 309.28, 100, 1410, 1215
2026/02/23 16:17:02.933, 1, 54.97, 0, 210, 1215
2026/02/23 16:17:02.933, 2, 57.01, 0, 210, 1215
2026/02/23 16:17:02.933, 3, 55.35, 0, 210, 1215
2026/02/23 16:17:02.983, 0, 309.28, 100, 1410, 1215
2026/02/23 16:17:02.983, 1, 54.70, 0, 210, 1215
2026/02/23 16:17:02.983, 2, 57.01, 0, 210, 1215
2026/02/23 16:17:02.983, 3, 55.35, 0, 210, 1215
2026/02/23 16:17:03.033, 0, 309.33, 100, 1410, 1215
2026/02/23 16:17:03.033, 1, 54.70, 0, 210, 1215
2026/02/23 16:17:03.034, 2, 57.01, 0, 210, 1215
2026/02/23 16:17:03.034, 3, 55.35, 0, 210, 1215
2026/02/23 16:17:03.084, 0, 309.33, 100, 1410, 1215
2026/02/23 16:17:03.084, 1, 54.97, 0, 210, 1215
2026/02/23 16:17:03.084, 2, 57.28, 0, 210, 1215
2026/02/23 16:17:03.084, 3, 55.35, 0, 210, 1215
2026/02/23 16:17:03.134, 0, 309.01, 100, 1410, 1215
2026/02/23 16:17:03.134, 1, 54.97, 0, 210, 1215
2026/02/23 16:17:03.135, 2, 57.28, 0, 210, 1215
2026/02/23 16:17:03.135, 3, 55.35, 0, 210, 1215
2026/02/23 16:17:03.185, 0, 309.01, 100, 1410, 1215
2026/02/23 16:17:03.185, 1, 54.97, 0, 210, 1215
2026/02/23 16:17:03.185, 2, 57.28, 0, 210, 1215
2026/02/23 16:17:03.185, 3, 55.41, 0, 210, 1215
2026/02/23 16:17:03.235, 0, 309.33, 100, 1410, 1215
2026/02/23 16:17:03.235, 1, 54.97, 0, 210, 1215
2026/02/23 16:17:03.235, 2, 57.28, 0, 210, 1215
2026/02/23 16:17:03.236, 3, 55.41, 0, 210, 1215
2026/02/23 16:17:03.286, 0, 309.33, 100, 1410, 1215
2026/02/23 16:17:03.286, 1, 54.97, 0, 210, 1215
2026/02/23 16:17:03.286, 2, 57.01, 0, 210, 1215
2026/02/23 16:17:03.286, 3, 55.41, 0, 210, 1215
2026/02/23 16:17:03.336, 0, 309.01, 100, 1410, 1215
2026/02/23 16:17:03.336, 1, 54.97, 0, 210, 1215
2026/02/23 16:17:03.336, 2, 57.01, 0, 210, 1215
2026/02/23 16:17:03.336, 3, 55.41, 0, 210, 1215
2026/02/23 16:17:03.387, 0, 309.01, 100, 1410, 1215
2026/02/23 16:17:03.387, 1, 54.70, 0, 210, 1215
2026/02/23 16:17:03.387, 2, 57.28, 0, 210, 1215
2026/02/23 16:17:03.387, 3, 55.35, 0, 210, 1215
2026/02/23 16:17:03.437, 0, 308.99, 100, 1410, 1215
2026/02/23 16:17:03.437, 1, 54.70, 0, 210, 1215
2026/02/23 16:17:03.437, 2, 57.28, 0, 210, 1215
2026/02/23 16:17:03.437, 3, 55.35, 0, 210, 1215
2026/02/23 16:17:03.488, 0, 308.99, 100, 1410, 1215
2026/02/23 16:17:03.488, 1, 55.03, 0, 210, 1215
2026/02/23 16:17:03.488, 2, 57.01, 0, 210, 1215
2026/02/23 16:17:03.488, 3, 55.41, 0, 210, 1215
2026/02/23 16:17:03.538, 0, 308.67, 100, 1410, 1215
2026/02/23 16:17:03.538, 1, 55.03, 0, 210, 1215
2026/02/23 16:17:03.538, 2, 57.01, 0, 210, 1215
2026/02/23 16:17:03.538, 3, 55.41, 0, 210, 1215
2026/02/23 16:17:03.588, 0, 308.67, 100, 1410, 1215
2026/02/23 16:17:03.589, 1, 54.70, 0, 210, 1215
2026/02/23 16:17:03.589, 2, 57.28, 0, 210, 1215
2026/02/23 16:17:03.589, 3, 55.35, 0, 210, 1215
2026/02/23 16:17:03.639, 0, 308.67, 100, 1410, 1215
2026/02/23 16:17:03.639, 1, 54.70, 0, 210, 1215
2026/02/23 16:17:03.639, 2, 57.28, 0, 210, 1215
2026/02/23 16:17:03.639, 3, 55.35, 0, 210, 1215
2026/02/23 16:17:03.689, 0, 308.67, 100, 1410, 1215
2026/02/23 16:17:03.689, 1, 54.97, 0, 210, 1215
2026/02/23 16:17:03.689, 2, 57.28, 0, 210, 1215
2026/02/23 16:17:03.690, 3, 55.41, 0, 210, 1215
2026/02/23 16:17:03.740, 0, 308.67, 100, 1410, 1215
2026/02/23 16:17:03.740, 1, 54.97, 0, 210, 1215
2026/02/23 16:17:03.740, 2, 57.28, 0, 210, 1215
2026/02/23 16:17:03.740, 3, 55.41, 0, 210, 1215
2026/02/23 16:17:03.790, 0, 308.67, 100, 1410, 1215
2026/02/23 16:17:03.790, 1, 54.75, 0, 210, 1215
2026/02/23 16:17:03.790, 2, 57.28, 0, 210, 1215
2026/02/23 16:17:03.790, 3, 55.41, 0, 210, 1215
2026/02/23 16:17:03.841, 0, 308.67, 100, 1410, 1215
2026/02/23 16:17:03.841, 1, 54.75, 0, 210, 1215
2026/02/23 16:17:03.841, 2, 57.28, 0, 210, 1215
2026/02/23 16:17:03.841, 3, 55.41, 0, 210, 1215
2026/02/23 16:17:03.891, 0, 308.67, 100, 1410, 1215
2026/02/23 16:17:03.891, 1, 54.70, 0, 210, 1215
2026/02/23 16:17:03.891, 2, 57.28, 0, 210, 1215
2026/02/23 16:17:03.891, 3, 55.35, 0, 210, 1215
2026/02/23 16:17:03.942, 0, 308.99, 100, 1410, 1215
2026/02/23 16:17:03.942, 1, 54.70, 0, 210, 1215
2026/02/23 16:17:03.942, 2, 57.28, 0, 210, 1215
2026/02/23 16:17:03.942, 3, 55.35, 0, 210, 1215
2026/02/23 16:17:03.992, 0, 308.99, 100, 1410, 1215
2026/02/23 16:17:03.992, 1, 55.03, 0, 210, 1215
2026/02/23 16:17:03.992, 2, 57.01, 0, 210, 1215
2026/02/23 16:17:03.992, 3, 55.41, 0, 210, 1215
2026/02/23 16:17:04.042, 0, 308.99, 100, 1410, 1215
2026/02/23 16:17:04.043, 1, 55.03, 0, 210, 1215
2026/02/23 16:17:04.043, 2, 57.01, 0, 210, 1215
2026/02/23 16:17:04.043, 3, 55.41, 0, 210, 1215
2026/02/23 16:17:04.093, 0, 308.99, 100, 1410, 1215
2026/02/23 16:17:04.093, 1, 54.97, 0, 210, 1215
2026/02/23 16:17:04.093, 2, 57.28, 0, 210, 1215
2026/02/23 16:17:04.093, 3, 55.35, 0, 210, 1215
2026/02/23 16:17:04.143, 0, 308.67, 100, 1410, 1215
2026/02/23 16:17:04.143, 1, 54.97, 0, 210, 1215
2026/02/23 16:17:04.144, 2, 57.28, 0, 210, 1215
2026/02/23 16:17:04.144, 3, 55.35, 0, 210, 1215
2026/02/23 16:17:04.194, 0, 308.67, 100, 1410, 1215
2026/02/23 16:17:04.194, 1, 54.97, 0, 210, 1215
2026/02/23 16:17:04.194, 2, 57.28, 0, 210, 1215
2026/02/23 16:17:04.194, 3, 55.35, 0, 210, 1215
2026/02/23 16:17:04.244, 0, 308.99, 100, 1410, 1215
2026/02/23 16:17:04.244, 1, 54.97, 0, 210, 1215
2026/02/23 16:17:04.244, 2, 57.28, 0, 210, 1215
2026/02/23 16:17:04.245, 3, 55.35, 0, 210, 1215
2026/02/23 16:17:04.295, 0, 308.99, 100, 1410, 1215
2026/02/23 16:17:04.295, 1, 54.70, 0, 210, 1215
2026/02/23 16:17:04.295, 2, 57.01, 0, 210, 1215
2026/02/23 16:17:04.295, 3, 55.41, 0, 210, 1215
2026/02/23 16:17:04.345, 0, 308.67, 100, 1410, 1215
2026/02/23 16:17:04.345, 1, 54.70, 0, 210, 1215
2026/02/23 16:17:04.345, 2, 57.01, 0, 210, 1215
2026/02/23 16:17:04.345, 3, 55.41, 0, 210, 1215
2026/02/23 16:17:04.396, 0, 308.67, 100, 1410, 1215
2026/02/23 16:17:04.396, 1, 54.97, 0, 210, 1215
2026/02/23 16:17:04.396, 2, 57.01, 0, 210, 1215
2026/02/23 16:17:04.396, 3, 55.35, 0, 210, 1215
2026/02/23 16:17:04.446, 0, 309.01, 100, 1410, 1215
2026/02/23 16:17:04.446, 1, 54.97, 0, 210, 1215
2026/02/23 16:17:04.446, 2, 57.01, 0, 210, 1215
2026/02/23 16:17:04.446, 3, 55.35, 0, 210, 1215
2026/02/23 16:17:04.496, 0, 309.01, 100, 1410, 1215
2026/02/23 16:17:04.497, 1, 54.70, 0, 210, 1215
2026/02/23 16:17:04.497, 2, 57.28, 0, 210, 1215
2026/02/23 16:17:04.497, 3, 55.35, 0, 210, 1215
2026/02/23 16:17:04.547, 0, 308.72, 100, 1410, 1215
2026/02/23 16:17:04.547, 1, 54.70, 0, 210, 1215
2026/02/23 16:17:04.547, 2, 57.28, 0, 210, 1215
2026/02/23 16:17:04.547, 3, 55.35, 0, 210, 1215
2026/02/23 16:17:04.597, 0, 308.72, 100, 1410, 1215
2026/02/23 16:17:04.598, 1, 54.70, 0, 210, 1215
2026/02/23 16:17:04.598, 2, 57.01, 0, 210, 1215
2026/02/23 16:17:04.598, 3, 55.35, 0, 210, 1215
2026/02/23 16:17:04.648, 0, 308.67, 100, 1410, 1215
2026/02/23 16:17:04.648, 1, 54.70, 0, 210, 1215
2026/02/23 16:17:04.648, 2, 57.01, 0, 210, 1215
2026/02/23 16:17:04.648, 3, 55.35, 0, 210, 1215
2026/02/23 16:17:04.698, 0, 308.67, 100, 1410, 1215
2026/02/23 16:17:04.698, 1, 54.97, 0, 210, 1215
2026/02/23 16:17:04.698, 2, 57.28, 0, 210, 1215
2026/02/23 16:17:04.699, 3, 55.35, 0, 210, 1215
2026/02/23 16:17:04.749, 0, 308.40, 100, 1410, 1215
2026/02/23 16:17:04.749, 1, 54.97, 0, 210, 1215
2026/02/23 16:17:04.749, 2, 57.28, 0, 210, 1215
2026/02/23 16:17:04.749, 3, 55.35, 0, 210, 1215
2026/02/23 16:17:04.799, 0, 308.40, 100, 1410, 1215
2026/02/23 16:17:04.799, 1, 54.70, 0, 210, 1215
2026/02/23 16:17:04.799, 2, 57.01, 0, 210, 1215
2026/02/23 16:17:04.800, 3, 55.41, 0, 210, 1215
2026/02/23 16:17:04.850, 0, 308.40, 100, 1410, 1215
2026/02/23 16:17:04.850, 1, 54.70, 0, 210, 1215
2026/02/23 16:17:04.850, 2, 57.01, 0, 210, 1215
2026/02/23 16:17:04.850, 3, 55.41, 0, 210, 1215
2026/02/23 16:17:04.900, 0, 308.40, 100, 1410, 1215
2026/02/23 16:17:04.900, 1, 54.70, 0, 210, 1215
2026/02/23 16:17:04.900, 2, 57.01, 0, 210, 1215
2026/02/23 16:17:04.900, 3, 55.35, 0, 210, 1215
2026/02/23 16:17:04.951, 0, 308.72, 100, 1410, 1215
2026/02/23 16:17:04.951, 1, 54.70, 0, 210, 1215
2026/02/23 16:17:04.951, 2, 57.01, 0, 210, 1215
2026/02/23 16:17:04.951, 3, 55.35, 0, 210, 1215
2026/02/23 16:17:05.001, 0, 308.72, 100, 1410, 1215
2026/02/23 16:17:05.001, 1, 54.70, 0, 210, 1215
2026/02/23 16:17:05.001, 2, 57.28, 0, 210, 1215
2026/02/23 16:17:05.001, 3, 55.41, 0, 210, 1215
2026/02/23 16:17:05.051, 0, 308.99, 100, 1410, 1215
2026/02/23 16:17:05.052, 1, 54.70, 0, 210, 1215
2026/02/23 16:17:05.052, 2, 57.28, 0, 210, 1215
2026/02/23 16:17:05.052, 3, 55.41, 0, 210, 1215
2026/02/23 16:17:05.102, 0, 308.99, 100, 1410, 1215
2026/02/23 16:17:05.102, 1, 55.03, 0, 210, 1215
2026/02/23 16:17:05.102, 2, 57.28, 0, 210, 1215
2026/02/23 16:17:05.102, 3, 55.41, 0, 210, 1215
2026/02/23 16:17:05.152, 0, 308.72, 100, 1410, 1215
2026/02/23 16:17:05.152, 1, 55.03, 0, 210, 1215
2026/02/23 16:17:05.153, 2, 57.28, 0, 210, 1215
2026/02/23 16:17:05.153, 3, 55.41, 0, 210, 1215
2026/02/23 16:17:05.203, 0, 308.72, 100, 1410, 1215
2026/02/23 16:17:05.203, 1, 54.70, 0, 210, 1215
2026/02/23 16:17:05.203, 2, 57.28, 0, 210, 1215
2026/02/23 16:17:05.203, 3, 55.41, 0, 210, 1215
2026/02/23 16:17:05.253, 0, 308.72, 100, 1410, 1215
2026/02/23 16:17:05.253, 1, 54.70, 0, 210, 1215
2026/02/23 16:17:05.253, 2, 57.28, 0, 210, 1215
2026/02/23 16:17:05.254, 3, 55.41, 0, 210, 1215
2026/02/23 16:17:05.304, 0, 308.72, 100, 1410, 1215
2026/02/23 16:17:05.304, 1, 54.70, 0, 210, 1215
2026/02/23 16:17:05.304, 2, 57.28, 0, 210, 1215
2026/02/23 16:17:05.304, 3, 55.41, 0, 210, 1215
2026/02/23 16:17:05.354, 0, 308.72, 100, 1410, 1215
2026/02/23 16:17:05.354, 1, 54.70, 0, 210, 1215
2026/02/23 16:17:05.354, 2, 57.28, 0, 210, 1215
2026/02/23 16:17:05.354, 3, 55.41, 0, 210, 1215
2026/02/23 16:17:05.405, 0, 308.72, 100, 1410, 1215
2026/02/23 16:17:05.405, 1, 54.70, 0, 210, 1215
2026/02/23 16:17:05.405, 2, 57.28, 0, 210, 1215
2026/02/23 16:17:05.405, 3, 55.41, 0, 210, 1215
2026/02/23 16:17:05.455, 0, 308.72, 100, 1410, 1215
2026/02/23 16:17:05.455, 1, 54.70, 0, 210, 1215
2026/02/23 16:17:05.455, 2, 57.28, 0, 210, 1215
2026/02/23 16:17:05.455, 3, 55.41, 0, 210, 1215
2026/02/23 16:17:05.506, 0, 308.72, 100, 1410, 1215
2026/02/23 16:17:05.506, 1, 54.70, 0, 210, 1215
2026/02/23 16:17:05.506, 2, 57.28, 0, 210, 1215
2026/02/23 16:17:05.506, 3, 55.41, 0, 210, 1215
2026/02/23 16:17:05.556, 0, 309.60, 100, 1410, 1215
2026/02/23 16:17:05.556, 1, 54.70, 0, 210, 1215
2026/02/23 16:17:05.556, 2, 57.28, 0, 210, 1215
2026/02/23 16:17:05.556, 3, 55.41, 0, 210, 1215
2026/02/23 16:17:05.606, 0, 309.60, 100, 1410, 1215
2026/02/23 16:17:05.607, 1, 54.70, 0, 210, 1215
2026/02/23 16:17:05.607, 2, 57.28, 0, 210, 1215
2026/02/23 16:17:05.607, 3, 55.35, 0, 210, 1215
2026/02/23 16:17:05.657, 0, 309.28, 100, 1410, 1215
2026/02/23 16:17:05.657, 1, 54.70, 0, 210, 1215
2026/02/23 16:17:05.657, 2, 57.28, 0, 210, 1215
2026/02/23 16:17:05.657, 3, 55.35, 0, 210, 1215
2026/02/23 16:17:05.707, 0, 309.28, 100, 1410, 1215
2026/02/23 16:17:05.707, 1, 54.70, 0, 210, 1215
2026/02/23 16:17:05.708, 2, 57.28, 0, 210, 1215
2026/02/23 16:17:05.708, 3, 55.35, 0, 210, 1215
2026/02/23 16:17:05.758, 0, 309.28, 100, 1410, 1215
2026/02/23 16:17:05.758, 1, 54.70, 0, 210, 1215
2026/02/23 16:17:05.758, 2, 57.28, 0, 210, 1215
2026/02/23 16:17:05.758, 3, 55.35, 0, 210, 1215
2026/02/23 16:17:05.808, 0, 309.28, 100, 1410, 1215
2026/02/23 16:17:05.808, 1, 54.70, 0, 210, 1215
2026/02/23 16:17:05.808, 2, 57.28, 0, 210, 1215
2026/02/23 16:17:05.809, 3, 55.41, 0, 210, 1215
2026/02/23 16:17:05.859, 0, 309.28, 100, 1410, 1215
2026/02/23 16:17:05.859, 1, 54.70, 0, 210, 1215
2026/02/23 16:17:05.859, 2, 57.28, 0, 210, 1215
2026/02/23 16:17:05.859, 3, 55.41, 0, 210, 1215
2026/02/23 16:17:05.909, 0, 309.28, 100, 1410, 1215
2026/02/23 16:17:05.909, 1, 54.70, 0, 210, 1215
2026/02/23 16:17:05.909, 2, 57.28, 0, 210, 1215
2026/02/23 16:17:05.909, 3, 55.35, 0, 210, 1215
2026/02/23 16:17:05.960, 0, 309.60, 100, 1410, 1215
2026/02/23 16:17:05.960, 1, 54.75, 0, 210, 1215
2026/02/23 16:17:05.960, 2, 57.28, 0, 210, 1215
2026/02/23 16:17:05.960, 3, 55.35, 0, 210, 1215
2026/02/23 16:17:06.010, 0, 309.60, 100, 1410, 1215
2026/02/23 16:17:06.010, 1, 54.75, 0, 210, 1215
2026/02/23 16:17:06.010, 2, 57.28, 0, 210, 1215
2026/02/23 16:17:06.010, 3, 55.41, 0, 210, 1215
2026/02/23 16:17:06.061, 0, 309.61, 100, 1410, 1215
2026/02/23 16:17:06.061, 1, 54.70, 0, 210, 1215
2026/02/23 16:17:06.061, 2, 57.28, 0, 210, 1215
2026/02/23 16:17:06.061, 3, 55.41, 0, 210, 1215
2026/02/23 16:17:06.111, 0, 309.61, 100, 1410, 1215
2026/02/23 16:17:06.111, 1, 54.70, 0, 210, 1215
2026/02/23 16:17:06.111, 2, 57.28, 0, 210, 1215
2026/02/23 16:17:06.111, 3, 55.35, 0, 210, 1215
2026/02/23 16:17:06.161, 0, 309.28, 100, 1410, 1215
2026/02/23 16:17:06.162, 1, 54.70, 0, 210, 1215
2026/02/23 16:17:06.162, 2, 57.28, 0, 210, 1215
2026/02/23 16:17:06.162, 3, 55.35, 0, 210, 1215
2026/02/23 16:17:06.212, 0, 309.28, 100, 1410, 1215
2026/02/23 16:17:06.212, 1, 54.70, 0, 210, 1215
2026/02/23 16:17:06.212, 2, 57.28, 0, 210, 1215
2026/02/23 16:17:06.212, 3, 55.41, 0, 210, 1215
2026/02/23 16:17:06.262, 0, 309.60, 100, 1410, 1215
2026/02/23 16:17:06.262, 1, 54.70, 0, 210, 1215
2026/02/23 16:17:06.263, 2, 57.28, 0, 210, 1215
2026/02/23 16:17:06.263, 3, 55.41, 0, 210, 1215
2026/02/23 16:17:06.313, 0, 309.60, 100, 1410, 1215
2026/02/23 16:17:06.313, 1, 54.70, 0, 210, 1215
2026/02/23 16:17:06.313, 2, 57.28, 0, 210, 1215
2026/02/23 16:17:06.313, 3, 55.41, 0, 210, 1215
2026/02/23 16:17:06.363, 0, 309.60, 100, 1410, 1215
2026/02/23 16:17:06.363, 1, 54.70, 0, 210, 1215
2026/02/23 16:17:06.363, 2, 57.28, 0, 210, 1215
2026/02/23 16:17:06.363, 3, 55.41, 0, 210, 1215
2026/02/23 16:17:06.414, 0, 309.60, 100, 1410, 1215
2026/02/23 16:17:06.414, 1, 54.70, 0, 210, 1215
2026/02/23 16:17:06.414, 2, 57.28, 0, 210, 1215
2026/02/23 16:17:06.414, 3, 55.41, 0, 210, 1215
2026/02/23 16:17:06.464, 0, 309.92, 100, 1410, 1215
2026/02/23 16:17:06.464, 1, 54.70, 0, 210, 1215
2026/02/23 16:17:06.464, 2, 57.28, 0, 210, 1215
2026/02/23 16:17:06.464, 3, 55.41, 0, 210, 1215
2026/02/23 16:17:06.515, 0, 309.92, 100, 1410, 1215
2026/02/23 16:17:06.515, 1, 54.70, 0, 210, 1215
2026/02/23 16:17:06.515, 2, 57.28, 0, 210, 1215
2026/02/23 16:17:06.515, 3, 55.41, 0, 210, 1215
2026/02/23 16:17:06.565, 0, 309.60, 100, 1410, 1215
2026/02/23 16:17:06.565, 1, 54.97, 0, 210, 1215
2026/02/23 16:17:06.565, 2, 57.28, 0, 210, 1215
2026/02/23 16:17:06.565, 3, 55.41, 0, 210, 1215
2026/02/23 16:17:06.615, 0, 309.60, 100, 1410, 1215
2026/02/23 16:17:06.615, 1, 54.97, 0, 210, 1215
2026/02/23 16:17:06.615, 2, 57.28, 0, 210, 1215
2026/02/23 16:17:06.616, 3, 55.41, 0, 210, 1215
2026/02/23 16:17:06.666, 0, 309.60, 100, 1410, 1215
2026/02/23 16:17:06.666, 1, 54.70, 0, 210, 1215
2026/02/23 16:17:06.666, 2, 57.28, 0, 210, 1215
2026/02/23 16:17:06.666, 3, 55.41, 0, 210, 1215
2026/02/23 16:17:06.716, 0, 309.60, 100, 1410, 1215
2026/02/23 16:17:06.716, 1, 54.70, 0, 210, 1215
2026/02/23 16:17:06.716, 2, 57.28, 0, 210, 1215
2026/02/23 16:17:06.716, 3, 55.41, 0, 210, 1215
2026/02/23 16:17:06.767, 0, 309.28, 100, 1410, 1215
2026/02/23 16:17:06.767, 1, 54.70, 0, 210, 1215
2026/02/23 16:17:06.767, 2, 57.28, 0, 210, 1215
2026/02/23 16:17:06.767, 3, 55.41, 0, 210, 1215
2026/02/23 16:17:06.817, 0, 309.28, 100, 1410, 1215
2026/02/23 16:17:06.817, 1, 54.70, 0, 210, 1215
2026/02/23 16:17:06.817, 2, 57.28, 0, 210, 1215
2026/02/23 16:17:06.817, 3, 55.41, 0, 210, 1215
2026/02/23 16:17:06.868, 0, 309.61, 100, 1410, 1215
2026/02/23 16:17:06.868, 1, 54.70, 0, 210, 1215
2026/02/23 16:17:06.868, 2, 57.28, 0, 210, 1215
2026/02/23 16:17:06.868, 3, 55.41, 0, 210, 1215
2026/02/23 16:17:06.918, 0, 309.61, 100, 1410, 1215
2026/02/23 16:17:06.918, 1, 54.70, 0, 210, 1215
2026/02/23 16:17:06.918, 2, 57.28, 0, 210, 1215
2026/02/23 16:17:06.918, 3, 55.35, 0, 210, 1215
2026/02/23 16:17:06.968, 0, 309.60, 100, 1410, 1215
2026/02/23 16:17:06.969, 1, 54.70, 0, 210, 1215
2026/02/23 16:17:06.969, 2, 57.28, 0, 210, 1215
2026/02/23 16:17:06.969, 3, 55.35, 0, 210, 1215
2026/02/23 16:17:07.019, 0, 309.60, 100, 1410, 1215
2026/02/23 16:17:07.019, 1, 54.70, 0, 210, 1215
2026/02/23 16:17:07.019, 2, 57.28, 0, 210, 1215
2026/02/23 16:17:07.019, 3, 55.41, 0, 210, 1215
2026/02/23 16:17:07.069, 0, 309.28, 100, 1410, 1215
2026/02/23 16:17:07.069, 1, 54.70, 0, 210, 1215
2026/02/23 16:17:07.070, 2, 57.01, 0, 210, 1215
2026/02/23 16:17:07.070, 3, 55.41, 0, 210, 1215
2026/02/23 16:17:07.120, 0, 309.28, 100, 1410, 1215
2026/02/23 16:17:07.120, 1, 54.70, 0, 210, 1215
2026/02/23 16:17:07.120, 2, 57.01, 0, 210, 1215
2026/02/23 16:17:07.120, 3, 55.35, 0, 210, 1215
2026/02/23 16:17:07.170, 0, 309.28, 100, 1410, 1215
2026/02/23 16:17:07.170, 1, 54.97, 0, 210, 1215
2026/02/23 16:17:07.170, 2, 57.28, 0, 210, 1215
2026/02/23 16:17:07.171, 3, 55.35, 0, 210, 1215
2026/02/23 16:17:07.221, 0, 309.28, 100, 1410, 1215
2026/02/23 16:17:07.221, 1, 54.97, 0, 210, 1215
2026/02/23 16:17:07.221, 2, 57.28, 0, 210, 1215
2026/02/23 16:17:07.221, 3, 55.35, 0, 210, 1215
2026/02/23 16:17:07.271, 0, 309.28, 100, 1410, 1215
2026/02/23 16:17:07.271, 1, 54.70, 0, 210, 1215
2026/02/23 16:17:07.271, 2, 57.28, 0, 210, 1215
2026/02/23 16:17:07.271, 3, 55.35, 0, 210, 1215
2026/02/23 16:17:07.322, 0, 309.28, 100, 1410, 1215
2026/02/23 16:17:07.322, 1, 54.70, 0, 210, 1215
2026/02/23 16:17:07.322, 2, 57.28, 0, 210, 1215
2026/02/23 16:17:07.322, 3, 55.35, 0, 210, 1215
2026/02/23 16:17:07.372, 0, 309.28, 100, 1410, 1215
2026/02/23 16:17:07.372, 1, 54.70, 0, 210, 1215
2026/02/23 16:17:07.372, 2, 57.28, 0, 210, 1215
2026/02/23 16:17:07.372, 3, 55.35, 0, 210, 1215
2026/02/23 16:17:07.423, 0, 309.28, 100, 1410, 1215
2026/02/23 16:17:07.423, 1, 54.70, 0, 210, 1215
2026/02/23 16:17:07.423, 2, 57.28, 0, 210, 1215
2026/02/23 16:17:07.423, 3, 55.35, 0, 210, 1215
2026/02/23 16:17:07.473, 0, 309.28, 100, 1410, 1215
2026/02/23 16:17:07.473, 1, 54.70, 0, 210, 1215
2026/02/23 16:17:07.473, 2, 57.28, 0, 210, 1215
2026/02/23 16:17:07.473, 3, 55.35, 0, 210, 1215
2026/02/23 16:17:07.523, 0, 309.28, 100, 1410, 1215
2026/02/23 16:17:07.524, 1, 54.70, 0, 210, 1215
2026/02/23 16:17:07.524, 2, 57.28, 0, 210, 1215
2026/02/23 16:17:07.524, 3, 55.35, 0, 210, 1215
2026/02/23 16:17:07.574, 0, 309.01, 100, 1410, 1215
2026/02/23 16:17:07.574, 1, 54.97, 0, 210, 1215
2026/02/23 16:17:07.574, 2, 57.01, 0, 210, 1215
2026/02/23 16:17:07.574, 3, 55.35, 0, 210, 1215
2026/02/23 16:17:07.624, 0, 309.01, 100, 1410, 1215
2026/02/23 16:17:07.624, 1, 54.97, 0, 210, 1215
2026/02/23 16:17:07.625, 2, 57.01, 0, 210, 1215
2026/02/23 16:17:07.625, 3, 55.41, 0, 210, 1215
2026/02/23 16:17:07.675, 0, 309.33, 100, 1410, 1215
2026/02/23 16:17:07.675, 1, 54.97, 0, 210, 1215
2026/02/23 16:17:07.675, 2, 57.28, 0, 210, 1215
2026/02/23 16:17:07.675, 3, 55.41, 0, 210, 1215
2026/02/23 16:17:07.725, 0, 309.33, 100, 1410, 1215
2026/02/23 16:17:07.725, 1, 54.97, 0, 210, 1215
2026/02/23 16:17:07.725, 2, 57.28, 0, 210, 1215
2026/02/23 16:17:07.726, 3, 55.35, 0, 210, 1215
2026/02/23 16:17:07.776, 0, 309.01, 100, 1410, 1215
2026/02/23 16:17:07.776, 1, 54.97, 0, 210, 1215
2026/02/23 16:17:07.776, 2, 57.28, 0, 210, 1215
2026/02/23 16:17:07.776, 3, 55.35, 0, 210, 1215
2026/02/23 16:17:07.826, 0, 309.01, 100, 1410, 1215
2026/02/23 16:17:07.826, 1, 54.97, 0, 210, 1215
2026/02/23 16:17:07.826, 2, 57.28, 0, 210, 1215
2026/02/23 16:17:07.826, 3, 55.35, 0, 210, 1215
2026/02/23 16:17:07.877, 0, 309.01, 100, 1410, 1215
2026/02/23 16:17:07.877, 1, 54.97, 0, 210, 1215
2026/02/23 16:17:07.877, 2, 57.28, 0, 210, 1215
2026/02/23 16:17:07.877, 3, 55.35, 0, 210, 1215
2026/02/23 16:17:07.927, 0, 309.01, 100, 1410, 1215
2026/02/23 16:17:07.927, 1, 54.97, 0, 210, 1215
2026/02/23 16:17:07.927, 2, 57.28, 0, 210, 1215
2026/02/23 16:17:07.927, 3, 55.41, 0, 210, 1215
2026/02/23 16:17:07.978, 0, 308.67, 100, 1410, 1215
2026/02/23 16:17:07.978, 1, 54.70, 0, 210, 1215
2026/02/23 16:17:07.978, 2, 57.28, 0, 210, 1215
2026/02/23 16:17:07.978, 3, 55.41, 0, 210, 1215
2026/02/23 16:17:08.028, 0, 308.67, 100, 1410, 1215
2026/02/23 16:17:08.028, 1, 54.70, 0, 210, 1215
2026/02/23 16:17:08.028, 2, 57.28, 0, 210, 1215
2026/02/23 16:17:08.028, 3, 55.41, 0, 210, 1215
2026/02/23 16:17:08.078, 0, 308.99, 100, 1410, 1215
2026/02/23 16:17:08.079, 1, 54.70, 0, 210, 1215
2026/02/23 16:17:08.079, 2, 57.01, 0, 210, 1215
2026/02/23 16:17:08.079, 3, 55.41, 0, 210, 1215
2026/02/23 16:17:08.129, 0, 308.67, 100, 1410, 1215
2026/02/23 16:17:08.129, 1, 54.70, 0, 210, 1215
2026/02/23 16:17:08.129, 2, 57.01, 0, 210, 1215
2026/02/23 16:17:08.129, 3, 55.41, 0, 210, 1215
2026/02/23 16:17:08.179, 0, 308.67, 100, 1410, 1215
2026/02/23 16:17:08.179, 1, 54.70, 0, 210, 1215
2026/02/23 16:17:08.180, 2, 57.01, 0, 210, 1215
2026/02/23 16:17:08.180, 3, 55.41, 0, 210, 1215
2026/02/23 16:17:08.230, 0, 309.33, 100, 1410, 1215
2026/02/23 16:17:08.230, 1, 54.70, 0, 210, 1215
2026/02/23 16:17:08.230, 2, 57.01, 0, 210, 1215
2026/02/23 16:17:08.230, 3, 55.41, 0, 210, 1215
2026/02/23 16:17:08.280, 0, 309.33, 100, 1410, 1215
2026/02/23 16:17:08.280, 1, 54.97, 0, 210, 1215
2026/02/23 16:17:08.280, 2, 57.28, 0, 210, 1215
2026/02/23 16:17:08.280, 3, 55.35, 0, 210, 1215
2026/02/23 16:17:08.331, 0, 308.99, 100, 1410, 1215
2026/02/23 16:17:08.331, 1, 54.97, 0, 210, 1215
2026/02/23 16:17:08.331, 2, 57.28, 0, 210, 1215
2026/02/23 16:17:08.331, 3, 55.35, 0, 210, 1215
2026/02/23 16:17:08.381, 0, 308.99, 100, 1410, 1215
2026/02/23 16:17:08.381, 1, 54.70, 0, 210, 1215
2026/02/23 16:17:08.381, 2, 57.28, 0, 210, 1215
2026/02/23 16:17:08.381, 3, 55.41, 0, 210, 1215
2026/02/23 16:17:08.432, 0, 308.67, 100, 1410, 1215
2026/02/23 16:17:08.432, 1, 54.70, 0, 210, 1215
2026/02/23 16:17:08.432, 2, 57.28, 0, 210, 1215
2026/02/23 16:17:08.432, 3, 55.41, 0, 210, 1215
2026/02/23 16:17:08.482, 0, 308.67, 100, 1410, 1215
2026/02/23 16:17:08.482, 1, 54.70, 0, 210, 1215
2026/02/23 16:17:08.482, 2, 57.01, 0, 210, 1215
2026/02/23 16:17:08.482, 3, 55.35, 0, 210, 1215
2026/02/23 16:17:08.532, 0, 308.67, 100, 1410, 1215
2026/02/23 16:17:08.533, 1, 54.70, 0, 210, 1215
2026/02/23 16:17:08.533, 2, 57.01, 0, 210, 1215
2026/02/23 16:17:08.533, 3, 55.35, 0, 210, 1215
2026/02/23 16:17:08.583, 0, 308.67, 100, 1410, 1215
2026/02/23 16:17:08.583, 1, 54.70, 0, 210, 1215
2026/02/23 16:17:08.583, 2, 57.28, 0, 210, 1215
2026/02/23 16:17:08.583, 3, 55.35, 0, 210, 1215
2026/02/23 16:17:08.633, 0, 308.67, 100, 1410, 1215
2026/02/23 16:17:08.633, 1, 54.70, 0, 210, 1215
2026/02/23 16:17:08.634, 2, 57.28, 0, 210, 1215
2026/02/23 16:17:08.634, 3, 55.35, 0, 210, 1215
2026/02/23 16:17:08.684, 0, 308.67, 100, 1410, 1215
2026/02/23 16:17:08.684, 1, 54.70, 0, 210, 1215
2026/02/23 16:17:08.684, 2, 57.01, 0, 210, 1215
2026/02/23 16:17:08.684, 3, 55.35, 0, 210, 1215
2026/02/23 16:17:08.734, 0, 308.67, 100, 1410, 1215
2026/02/23 16:17:08.734, 1, 54.70, 0, 210, 1215
2026/02/23 16:17:08.734, 2, 57.01, 0, 210, 1215
2026/02/23 16:17:08.735, 3, 55.35, 0, 210, 1215
2026/02/23 16:17:08.785, 0, 308.67, 100, 1410, 1215
2026/02/23 16:17:08.785, 1, 54.70, 0, 210, 1215
2026/02/23 16:17:08.785, 2, 57.01, 0, 210, 1215
2026/02/23 16:17:08.785, 3, 55.41, 0, 210, 1215
2026/02/23 16:17:08.835, 0, 309.01, 100, 1410, 1215
2026/02/23 16:17:08.835, 1, 54.70, 0, 210, 1215
2026/02/23 16:17:08.835, 2, 57.01, 0, 210, 1215
2026/02/23 16:17:08.835, 3, 55.41, 0, 210, 1215
2026/02/23 16:17:08.886, 0, 309.01, 100, 1410, 1215
2026/02/23 16:17:08.886, 1, 54.70, 0, 210, 1215
2026/02/23 16:17:08.886, 2, 57.28, 0, 210, 1215
2026/02/23 16:17:08.886, 3, 55.41, 0, 210, 1215
2026/02/23 16:17:08.936, 0, 308.67, 100, 1410, 1215
2026/02/23 16:17:08.936, 1, 54.70, 0, 210, 1215
2026/02/23 16:17:08.936, 2, 57.28, 0, 210, 1215
2026/02/23 16:17:08.936, 3, 55.41, 0, 210, 1215
2026/02/23 16:17:08.987, 0, 308.67, 100, 1410, 1215
2026/02/23 16:17:08.987, 1, 54.70, 0, 210, 1215
2026/02/23 16:17:08.987, 2, 57.28, 0, 210, 1215
2026/02/23 16:17:08.987, 3, 55.41, 0, 210, 1215
2026/02/23 16:17:09.037, 0, 308.99, 100, 1410, 1215
2026/02/23 16:17:09.037, 1, 54.70, 0, 210, 1215
2026/02/23 16:17:09.037, 2, 57.28, 0, 210, 1215
2026/02/23 16:17:09.037, 3, 55.41, 0, 210, 1215
2026/02/23 16:17:09.087, 0, 308.99, 100, 1410, 1215
2026/02/23 16:17:09.088, 1, 54.75, 0, 210, 1215
2026/02/23 16:17:09.088, 2, 57.28, 0, 210, 1215
2026/02/23 16:17:09.088, 3, 55.41, 0, 210, 1215
2026/02/23 16:17:09.138, 0, 308.99, 100, 1410, 1215
2026/02/23 16:17:09.138, 1, 54.75, 0, 210, 1215
2026/02/23 16:17:09.138, 2, 57.28, 0, 210, 1215
2026/02/23 16:17:09.138, 3, 55.41, 0, 210, 1215
2026/02/23 16:17:09.188, 0, 308.99, 100, 1410, 1215
2026/02/23 16:17:09.188, 1, 54.70, 0, 210, 1215
2026/02/23 16:17:09.189, 2, 57.28, 0, 210, 1215
2026/02/23 16:17:09.189, 3, 55.41, 0, 210, 1215
2026/02/23 16:17:09.239, 0, 308.72, 100, 1410, 1215
2026/02/23 16:17:09.239, 1, 54.70, 0, 210, 1215
2026/02/23 16:17:09.239, 2, 57.28, 0, 210, 1215
2026/02/23 16:17:09.239, 3, 55.41, 0, 210, 1215
2026/02/23 16:17:09.289, 0, 308.72, 100, 1410, 1215
2026/02/23 16:17:09.289, 1, 54.70, 0, 210, 1215
2026/02/23 16:17:09.289, 2, 57.34, 0, 210, 1215
2026/02/23 16:17:09.289, 3, 55.41, 0, 210, 1215
2026/02/23 16:17:09.340, 0, 308.72, 100, 1410, 1215
2026/02/23 16:17:09.340, 1, 54.70, 0, 210, 1215
2026/02/23 16:17:09.340, 2, 57.34, 0, 210, 1215
2026/02/23 16:17:09.340, 3, 55.41, 0, 210, 1215
2026/02/23 16:17:09.390, 0, 308.72, 100, 1410, 1215
2026/02/23 16:17:09.390, 1, 54.70, 0, 210, 1215
2026/02/23 16:17:09.390, 2, 57.01, 0, 210, 1215
2026/02/23 16:17:09.390, 3, 55.41, 0, 210, 1215
2026/02/23 16:17:09.441, 0, 308.67, 100, 1410, 1215
2026/02/23 16:17:09.441, 1, 54.70, 0, 210, 1215
2026/02/23 16:17:09.441, 2, 57.01, 0, 210, 1215
2026/02/23 16:17:09.441, 3, 55.41, 0, 210, 1215
2026/02/23 16:17:09.491, 0, 308.67, 100, 1410, 1215
2026/02/23 16:17:09.491, 1, 54.75, 0, 210, 1215
2026/02/23 16:17:09.491, 2, 57.01, 0, 210, 1215
2026/02/23 16:17:09.491, 3, 55.41, 0, 210, 1215
2026/02/23 16:17:09.541, 0, 308.99, 100, 1410, 1215
2026/02/23 16:17:09.542, 1, 54.75, 0, 210, 1215
2026/02/23 16:17:09.542, 2, 57.01, 0, 210, 1215
2026/02/23 16:17:09.542, 3, 55.41, 0, 210, 1215
2026/02/23 16:17:09.592, 0, 308.99, 100, 1410, 1215
2026/02/23 16:17:09.592, 1, 54.75, 0, 210, 1215
2026/02/23 16:17:09.592, 2, 57.28, 0, 210, 1215
2026/02/23 16:17:09.592, 3, 55.41, 0, 210, 1215
2026/02/23 16:17:09.642, 0, 309.33, 100, 1410, 1215
2026/02/23 16:17:09.643, 1, 54.75, 0, 210, 1215
2026/02/23 16:17:09.643, 2, 57.28, 0, 210, 1215
2026/02/23 16:17:09.643, 3, 55.41, 0, 210, 1215
2026/02/23 16:17:09.693, 0, 309.33, 100, 1410, 1215
2026/02/23 16:17:09.693, 1, 54.70, 0, 210, 1215
2026/02/23 16:17:09.693, 2, 57.28, 0, 210, 1215
2026/02/23 16:17:09.693, 3, 55.41, 0, 210, 1215
2026/02/23 16:17:09.743, 0, 308.99, 100, 1410, 1215
2026/02/23 16:17:09.743, 1, 54.70, 0, 210, 1215
2026/02/23 16:17:09.744, 2, 57.28, 0, 210, 1215
2026/02/23 16:17:09.744, 3, 55.41, 0, 210, 1215
2026/02/23 16:17:09.794, 0, 308.99, 100, 1410, 1215
2026/02/23 16:17:09.794, 1, 54.75, 0, 210, 1215
2026/02/23 16:17:09.794, 2, 57.01, 0, 210, 1215
2026/02/23 16:17:09.794, 3, 55.41, 0, 210, 1215
2026/02/23 16:17:09.844, 0, 309.33, 100, 1410, 1215
2026/02/23 16:17:09.844, 1, 54.75, 0, 210, 1215
2026/02/23 16:17:09.844, 2, 57.01, 0, 210, 1215
2026/02/23 16:17:09.845, 3, 55.41, 0, 210, 1215
2026/02/23 16:17:09.895, 0, 309.33, 100, 1410, 1215
2026/02/23 16:17:09.895, 1, 54.70, 0, 210, 1215
2026/02/23 16:17:09.895, 2, 57.28, 0, 210, 1215
2026/02/23 16:17:09.895, 3, 55.41, 0, 210, 1215
2026/02/23 16:17:09.945, 0, 309.01, 100, 1410, 1215
2026/02/23 16:17:09.945, 1, 54.70, 0, 210, 1215
2026/02/23 16:17:09.945, 2, 57.28, 0, 210, 1215
2026/02/23 16:17:09.945, 3, 55.41, 0, 210, 1215
2026/02/23 16:17:09.996, 0, 309.01, 100, 1410, 1215
2026/02/23 16:17:09.996, 1, 54.70, 0, 210, 1215
2026/02/23 16:17:09.996, 2, 57.28, 0, 210, 1215
2026/02/23 16:17:09.996, 3, 55.35, 0, 210, 1215
2026/02/23 16:17:10.046, 0, 308.99, 100, 1410, 1215
2026/02/23 16:17:10.046, 1, 54.70, 0, 210, 1215
2026/02/23 16:17:10.046, 2, 57.28, 0, 210, 1215
2026/02/23 16:17:10.046, 3, 55.35, 0, 210, 1215
2026/02/23 16:17:10.097, 0, 308.99, 100, 1410, 1215
2026/02/23 16:17:10.097, 1, 54.70, 0, 210, 1215
2026/02/23 16:17:10.097, 2, 57.28, 0, 210, 1215
2026/02/23 16:17:10.097, 3, 55.35, 0, 210, 1215
2026/02/23 16:17:10.147, 0, 309.01, 100, 1410, 1215
2026/02/23 16:17:10.147, 1, 54.70, 0, 210, 1215
2026/02/23 16:17:10.147, 2, 57.28, 0, 210, 1215
2026/02/23 16:17:10.147, 3, 55.35, 0, 210, 1215
2026/02/23 16:17:10.197, 0, 309.01, 100, 1410, 1215
2026/02/23 16:17:10.198, 1, 54.70, 0, 210, 1215
2026/02/23 16:17:10.198, 2, 57.28, 0, 210, 1215
2026/02/23 16:17:10.198, 3, 55.35, 0, 210, 1215
2026/02/23 16:17:10.248, 0, 309.92, 100, 1410, 1215
2026/02/23 16:17:10.248, 1, 54.70, 0, 210, 1215
2026/02/23 16:17:10.248, 2, 57.28, 0, 210, 1215
2026/02/23 16:17:10.248, 3, 55.35, 0, 210, 1215
2026/02/23 16:17:10.298, 0, 309.92, 100, 1410, 1215
2026/02/23 16:17:10.298, 1, 54.70, 0, 210, 1215
2026/02/23 16:17:10.299, 2, 57.28, 0, 210, 1215
2026/02/23 16:17:10.299, 3, 55.41, 0, 210, 1215
2026/02/23 16:17:10.349, 0, 309.92, 100, 1410, 1215
2026/02/23 16:17:10.349, 1, 54.70, 0, 210, 1215
2026/02/23 16:17:10.349, 2, 57.28, 0, 210, 1215
2026/02/23 16:17:10.349, 3, 55.41, 0, 210, 1215
2026/02/23 16:17:10.399, 0, 309.92, 100, 1410, 1215
2026/02/23 16:17:10.399, 1, 54.70, 0, 210, 1215
2026/02/23 16:17:10.399, 2, 57.28, 0, 210, 1215
2026/02/23 16:17:10.400, 3, 55.41, 0, 210, 1215
2026/02/23 16:17:10.450, 0, 309.92, 100, 1410, 1215
2026/02/23 16:17:10.450, 1, 54.70, 0, 210, 1215
2026/02/23 16:17:10.450, 2, 57.28, 0, 210, 1215
2026/02/23 16:17:10.450, 3, 55.41, 0, 210, 1215
2026/02/23 16:17:10.500, 0, 309.92, 100, 1410, 1215
2026/02/23 16:17:10.500, 1, 54.70, 0, 210, 1215
2026/02/23 16:17:10.500, 2, 57.28, 0, 210, 1215
2026/02/23 16:17:10.500, 3, 55.41, 0, 210, 1215
2026/02/23 16:17:10.551, 0, 309.92, 100, 1410, 1215
2026/02/23 16:17:10.551, 1, 54.70, 0, 210, 1215
2026/02/23 16:17:10.551, 2, 57.28, 0, 210, 1215
2026/02/23 16:17:10.551, 3, 55.41, 0, 210, 1215
2026/02/23 16:17:10.601, 0, 309.92, 100, 1410, 1215
2026/02/23 16:17:10.601, 1, 54.75, 0, 210, 1215
2026/02/23 16:17:10.601, 2, 57.28, 0, 210, 1215
2026/02/23 16:17:10.601, 3, 55.35, 0, 210, 1215
2026/02/23 16:17:10.652, 0, 309.61, 100, 1410, 1215
2026/02/23 16:17:10.652, 1, 54.75, 0, 210, 1215
2026/02/23 16:17:10.652, 2, 57.28, 0, 210, 1215
2026/02/23 16:17:10.652, 3, 55.35, 0, 210, 1215
2026/02/23 16:17:10.702, 0, 309.61, 100, 1410, 1215
2026/02/23 16:17:10.702, 1, 54.70, 0, 210, 1215
2026/02/23 16:17:10.702, 2, 57.28, 0, 210, 1215
2026/02/23 16:17:10.702, 3, 55.35, 0, 210, 1215
2026/02/23 16:17:10.752, 0, 309.61, 100, 1410, 1215
2026/02/23 16:17:10.753, 1, 54.70, 0, 210, 1215
2026/02/23 16:17:10.753, 2, 57.28, 0, 210, 1215
2026/02/23 16:17:10.753, 3, 55.35, 0, 210, 1215
2026/02/23 16:17:10.803, 0, 309.61, 100, 1410, 1215
2026/02/23 16:17:10.803, 1, 54.70, 0, 210, 1215
2026/02/23 16:17:10.803, 2, 57.28, 0, 210, 1215
2026/02/23 16:17:10.803, 3, 55.41, 0, 210, 1215
2026/02/23 16:17:10.853, 0, 309.92, 100, 1410, 1215
2026/02/23 16:17:10.853, 1, 54.70, 0, 210, 1215
2026/02/23 16:17:10.854, 2, 57.28, 0, 210, 1215
2026/02/23 16:17:10.854, 3, 55.41, 0, 210, 1215
2026/02/23 16:17:10.904, 0, 309.92, 100, 1410, 1215
2026/02/23 16:17:10.904, 1, 54.70, 0, 210, 1215
2026/02/23 16:17:10.904, 2, 57.28, 0, 210, 1215
2026/02/23 16:17:10.904, 3, 55.41, 0, 210, 1215
2026/02/23 16:17:10.954, 0, 309.92, 100, 1410, 1215
2026/02/23 16:17:10.954, 1, 54.70, 0, 210, 1215
2026/02/23 16:17:10.954, 2, 57.28, 0, 210, 1215
2026/02/23 16:17:10.955, 3, 55.41, 0, 210, 1215
2026/02/23 16:17:11.005, 0, 309.92, 100, 1410, 1215
2026/02/23 16:17:11.005, 1, 54.70, 0, 210, 1215
2026/02/23 16:17:11.005, 2, 57.28, 0, 210, 1215
2026/02/23 16:17:11.005, 3, 55.35, 0, 210, 1215
2026/02/23 16:17:11.055, 0, 309.61, 100, 1410, 1215
2026/02/23 16:17:11.055, 1, 54.75, 0, 210, 1215
2026/02/23 16:17:11.055, 2, 57.28, 0, 210, 1215
2026/02/23 16:17:11.055, 3, 55.35, 0, 210, 1215
2026/02/23 16:17:11.106, 0, 309.61, 100, 1410, 1215
2026/02/23 16:17:11.106, 1, 54.75, 0, 210, 1215
2026/02/23 16:17:11.106, 2, 57.28, 0, 210, 1215
2026/02/23 16:17:11.106, 3, 55.41, 0, 210, 1215
2026/02/23 16:17:11.156, 0, 309.61, 100, 1410, 1215
2026/02/23 16:17:11.156, 1, 54.70, 0, 210, 1215
2026/02/23 16:17:11.156, 2, 57.28, 0, 210, 1215
2026/02/23 16:17:11.156, 3, 55.41, 0, 210, 1215
2026/02/23 16:17:11.207, 0, 309.61, 100, 1410, 1215
2026/02/23 16:17:11.207, 1, 54.70, 0, 210, 1215
2026/02/23 16:17:11.207, 2, 57.28, 0, 210, 1215
2026/02/23 16:17:11.207, 3, 55.35, 0, 210, 1215
2026/02/23 16:17:11.257, 0, 309.61, 100, 1410, 1215
2026/02/23 16:17:11.257, 1, 54.70, 0, 210, 1215
2026/02/23 16:17:11.257, 2, 57.28, 0, 210, 1215
2026/02/23 16:17:11.257, 3, 55.35, 0, 210, 1215
2026/02/23 16:17:11.307, 0, 309.61, 100, 1410, 1215
2026/02/23 16:17:11.308, 1, 54.70, 0, 210, 1215
2026/02/23 16:17:11.308, 2, 57.01, 0, 210, 1215
2026/02/23 16:17:11.308, 3, 55.35, 0, 210, 1215
2026/02/23 16:17:11.358, 0, 309.61, 100, 1410, 1215
2026/02/23 16:17:11.358, 1, 54.75, 0, 210, 1215
2026/02/23 16:17:11.358, 2, 57.01, 0, 210, 1215
2026/02/23 16:17:11.358, 3, 55.35, 0, 210, 1215
2026/02/23 16:17:11.408, 0, 309.61, 100, 1410, 1215
2026/02/23 16:17:11.408, 1, 54.75, 0, 210, 1215
2026/02/23 16:17:11.409, 2, 57.28, 0, 210, 1215
2026/02/23 16:17:11.409, 3, 55.41, 0, 210, 1215
2026/02/23 16:17:11.459, 0, 309.60, 100, 1410, 1215
2026/02/23 16:17:11.459, 1, 54.70, 0, 210, 1215
2026/02/23 16:17:11.459, 2, 57.28, 0, 210, 1215
2026/02/23 16:17:11.459, 3, 55.41, 0, 210, 1215
2026/02/23 16:17:11.509, 0, 309.60, 100, 1410, 1215
2026/02/23 16:17:11.509, 1, 54.70, 0, 210, 1215
2026/02/23 16:17:11.509, 2, 57.28, 0, 210, 1215
2026/02/23 16:17:11.510, 3, 55.35, 0, 210, 1215
2026/02/23 16:17:11.560, 0, 309.28, 100, 1410, 1215
2026/02/23 16:17:11.560, 1, 54.75, 0, 210, 1215
2026/02/23 16:17:11.560, 2, 57.28, 0, 210, 1215
2026/02/23 16:17:11.560, 3, 55.35, 0, 210, 1215
2026/02/23 16:17:11.610, 0, 309.28, 100, 1410, 1215
2026/02/23 16:17:11.610, 1, 54.75, 0, 210, 1215
2026/02/23 16:17:11.610, 2, 57.01, 0, 210, 1215
2026/02/23 16:17:11.610, 3, 55.41, 0, 210, 1215
2026/02/23 16:17:11.661, 0, 309.28, 100, 1410, 1215
2026/02/23 16:17:11.661, 1, 54.70, 0, 210, 1215
2026/02/23 16:17:11.661, 2, 57.01, 0, 210, 1215
2026/02/23 16:17:11.661, 3, 55.41, 0, 210, 1215
2026/02/23 16:17:11.711, 0, 309.28, 100, 1410, 1215
2026/02/23 16:17:11.711, 1, 54.70, 0, 210, 1215
2026/02/23 16:17:11.711, 2, 57.28, 0, 210, 1215
2026/02/23 16:17:11.711, 3, 55.35, 0, 210, 1215
2026/02/23 16:17:11.761, 0, 309.61, 100, 1410, 1215
2026/02/23 16:17:11.762, 1, 54.70, 0, 210, 1215
2026/02/23 16:17:11.762, 2, 57.28, 0, 210, 1215
2026/02/23 16:17:11.762, 3, 55.35, 0, 210, 1215
2026/02/23 16:17:11.812, 0, 309.61, 100, 1410, 1215
2026/02/23 16:17:11.812, 1, 54.70, 0, 210, 1215
2026/02/23 16:17:11.812, 2, 57.28, 0, 210, 1215
2026/02/23 16:17:11.812, 3, 55.41, 0, 210, 1215
2026/02/23 16:17:11.862, 0, 309.92, 100, 1410, 1215
2026/02/23 16:17:11.863, 1, 54.75, 0, 210, 1215
2026/02/23 16:17:11.863, 2, 57.28, 0, 210, 1215
2026/02/23 16:17:11.863, 3, 55.41, 0, 210, 1215
2026/02/23 16:17:11.913, 0, 309.92, 100, 1410, 1215
2026/02/23 16:17:11.913, 1, 54.75, 0, 210, 1215
2026/02/23 16:17:11.913, 2, 57.28, 0, 210, 1215
2026/02/23 16:17:11.913, 3, 55.41, 0, 210, 1215
2026/02/23 16:17:11.963, 0, 309.60, 100, 1410, 1215
2026/02/23 16:17:11.963, 1, 54.75, 0, 210, 1215
2026/02/23 16:17:11.963, 2, 57.28, 0, 210, 1215
2026/02/23 16:17:11.964, 3, 55.41, 0, 210, 1215
2026/02/23 16:17:12.014, 0, 309.60, 100, 1410, 1215
2026/02/23 16:17:12.014, 1, 54.75, 0, 210, 1215
2026/02/23 16:17:12.014, 2, 57.01, 0, 210, 1215
2026/02/23 16:17:12.014, 3, 55.41, 0, 210, 1215
2026/02/23 16:17:12.064, 0, 309.33, 100, 1410, 1215
2026/02/23 16:17:12.064, 1, 54.75, 0, 210, 1215
2026/02/23 16:17:12.064, 2, 57.01, 0, 210, 1215
2026/02/23 16:17:12.064, 3, 55.41, 0, 210, 1215
2026/02/23 16:17:12.115, 0, 309.33, 100, 1410, 1215
2026/02/23 16:17:12.115, 1, 54.75, 0, 210, 1215
2026/02/23 16:17:12.115, 2, 57.28, 0, 210, 1215
2026/02/23 16:17:12.115, 3, 55.41, 0, 210, 1215
2026/02/23 16:17:12.165, 0, 309.33, 100, 1410, 1215
2026/02/23 16:17:12.165, 1, 54.70, 0, 210, 1215
2026/02/23 16:17:12.165, 2, 57.06, 0, 210, 1215
2026/02/23 16:17:12.165, 3, 55.41, 0, 210, 1215
2026/02/23 16:17:12.216, 0, 309.33, 100, 1410, 1215
2026/02/23 16:17:12.216, 1, 54.70, 0, 210, 1215
2026/02/23 16:17:12.216, 2, 57.06, 0, 210, 1215
2026/02/23 16:17:12.216, 3, 55.41, 0, 210, 1215
2026/02/23 16:17:12.266, 0, 309.33, 100, 1410, 1215
2026/02/23 16:17:12.266, 1, 54.70, 0, 210, 1215
2026/02/23 16:17:12.266, 2, 57.01, 0, 210, 1215
2026/02/23 16:17:12.266, 3, 55.41, 0, 210, 1215
2026/02/23 16:17:12.316, 0, 309.33, 100, 1410, 1215
2026/02/23 16:17:12.316, 1, 54.70, 0, 210, 1215
2026/02/23 16:17:12.316, 2, 57.01, 0, 210, 1215
2026/02/23 16:17:12.317, 3, 55.41, 0, 210, 1215
2026/02/23 16:17:12.367, 0, 309.33, 100, 1410, 1215
2026/02/23 16:17:12.367, 1, 54.70, 0, 210, 1215
2026/02/23 16:17:12.367, 2, 57.28, 0, 210, 1215
2026/02/23 16:17:12.367, 3, 55.41, 0, 210, 1215
2026/02/23 16:17:12.417, 0, 309.33, 100, 1410, 1215
2026/02/23 16:17:12.418, 1, 54.70, 0, 210, 1215
2026/02/23 16:17:12.418, 2, 57.28, 0, 210, 1215
2026/02/23 16:17:12.418, 3, 55.41, 0, 210, 1215
2026/02/23 16:17:12.469, 0, 309.60, 100, 1410, 1215
2026/02/23 16:17:12.469, 1, 54.70, 0, 210, 1215
2026/02/23 16:17:12.469, 2, 57.28, 0, 210, 1215
2026/02/23 16:17:12.469, 3, 55.41, 0, 210, 1215
2026/02/23 16:17:12.519, 0, 309.60, 100, 1410, 1215
2026/02/23 16:17:12.519, 1, 54.70, 0, 210, 1215
2026/02/23 16:17:12.519, 2, 57.28, 0, 210, 1215
2026/02/23 16:17:12.519, 3, 55.41, 0, 210, 1215
2026/02/23 16:17:12.569, 0, 309.28, 100, 1410, 1215
2026/02/23 16:17:12.570, 1, 54.75, 0, 210, 1215
2026/02/23 16:17:12.570, 2, 57.28, 0, 210, 1215
2026/02/23 16:17:12.570, 3, 55.41, 0, 210, 1215
2026/02/23 16:17:12.620, 0, 309.28, 100, 1410, 1215
2026/02/23 16:17:12.620, 1, 54.75, 0, 210, 1215
2026/02/23 16:17:12.620, 2, 57.28, 0, 210, 1215
2026/02/23 16:17:12.620, 3, 55.41, 0, 210, 1215
2026/02/23 16:17:12.670, 0, 309.28, 100, 1410, 1215
2026/02/23 16:17:12.670, 1, 54.70, 0, 210, 1215
2026/02/23 16:17:12.671, 2, 57.28, 0, 210, 1215
2026/02/23 16:17:12.671, 3, 55.41, 0, 210, 1215
2026/02/23 16:17:12.721, 0, 309.28, 100, 1410, 1215
2026/02/23 16:17:12.721, 1, 54.70, 0, 210, 1215
2026/02/23 16:17:12.721, 2, 57.28, 0, 210, 1215
2026/02/23 16:17:12.721, 3, 55.41, 0, 210, 1215
2026/02/23 16:17:12.771, 0, 309.33, 100, 1410, 1215
2026/02/23 16:17:12.771, 1, 54.75, 0, 210, 1215
2026/02/23 16:17:12.771, 2, 57.01, 0, 210, 1215
2026/02/23 16:17:12.772, 3, 55.41, 0, 210, 1215
2026/02/23 16:17:12.822, 0, 309.33, 100, 1410, 1215
2026/02/23 16:17:12.822, 1, 54.75, 0, 210, 1215
2026/02/23 16:17:12.822, 2, 57.01, 0, 210, 1215
2026/02/23 16:17:12.822, 3, 55.41, 0, 210, 1215
2026/02/23 16:17:12.872, 0, 309.33, 100, 1410, 1215
2026/02/23 16:17:12.872, 1, 54.70, 0, 210, 1215
2026/02/23 16:17:12.872, 2, 57.28, 0, 210, 1215
2026/02/23 16:17:12.872, 3, 55.41, 0, 210, 1215
2026/02/23 16:17:12.923, 0, 309.33, 100, 1410, 1215
2026/02/23 16:17:12.923, 1, 54.70, 0, 210, 1215
2026/02/23 16:17:12.923, 2, 57.28, 0, 210, 1215
2026/02/23 16:17:12.923, 3, 55.35, 0, 210, 1215
2026/02/23 16:17:12.973, 0, 309.28, 100, 1410, 1215
2026/02/23 16:17:12.973, 1, 54.70, 0, 210, 1215
2026/02/23 16:17:12.973, 2, 57.28, 0, 210, 1215
2026/02/23 16:17:12.973, 3, 55.35, 0, 210, 1215
2026/02/23 16:17:13.024, 0, 309.28, 100, 1410, 1215
2026/02/23 16:17:13.024, 1, 54.70, 0, 210, 1215
2026/02/23 16:17:13.024, 2, 57.28, 0, 210, 1215
2026/02/23 16:17:13.024, 3, 55.41, 0, 210, 1215
2026/02/23 16:17:13.074, 0, 309.33, 100, 1410, 1215
2026/02/23 16:17:13.074, 1, 54.97, 0, 210, 1215
2026/02/23 16:17:13.074, 2, 57.28, 0, 210, 1215
2026/02/23 16:17:13.074, 3, 55.41, 0, 210, 1215
2026/02/23 16:17:13.124, 0, 309.33, 100, 1410, 1215
2026/02/23 16:17:13.125, 1, 54.97, 0, 210, 1215
2026/02/23 16:17:13.125, 2, 57.28, 0, 210, 1215
2026/02/23 16:17:13.125, 3, 55.35, 0, 210, 1215
2026/02/23 16:17:13.175, 0, 309.33, 100, 1410, 1215
2026/02/23 16:17:13.175, 1, 54.75, 0, 210, 1215
2026/02/23 16:17:13.175, 2, 57.28, 0, 210, 1215
2026/02/23 16:17:13.175, 3, 55.35, 0, 210, 1215
2026/02/23 16:17:13.225, 0, 309.33, 100, 1410, 1215
2026/02/23 16:17:13.225, 1, 54.75, 0, 210, 1215
2026/02/23 16:17:13.226, 2, 57.28, 0, 210, 1215
2026/02/23 16:17:13.226, 3, 55.41, 0, 210, 1215
2026/02/23 16:17:13.276, 0, 308.99, 100, 1410, 1215
2026/02/23 16:17:13.276, 1, 54.75, 0, 210, 1215
2026/02/23 16:17:13.276, 2, 57.34, 0, 210, 1215
2026/02/23 16:17:13.276, 3, 55.41, 0, 210, 1215
2026/02/23 16:17:13.326, 0, 308.99, 100, 1410, 1215
2026/02/23 16:17:13.326, 1, 54.75, 0, 210, 1215
2026/02/23 16:17:13.326, 2, 57.34, 0, 210, 1215
2026/02/23 16:17:13.327, 3, 55.41, 0, 210, 1215
2026/02/23 16:17:13.377, 0, 308.99, 100, 1410, 1215
2026/02/23 16:17:13.377, 1, 54.70, 0, 210, 1215
2026/02/23 16:17:13.377, 2, 57.28, 0, 210, 1215
2026/02/23 16:17:13.377, 3, 55.41, 0, 210, 1215
2026/02/23 16:17:13.427, 0, 308.99, 100, 1410, 1215
2026/02/23 16:17:13.427, 1, 54.70, 0, 210, 1215
2026/02/23 16:17:13.427, 2, 57.28, 0, 210, 1215
2026/02/23 16:17:13.427, 3, 55.41, 0, 210, 1215
2026/02/23 16:17:13.478, 0, 308.99, 100, 1410, 1215
2026/02/23 16:17:13.478, 1, 54.75, 0, 210, 1215
2026/02/23 16:17:13.478, 2, 57.28, 0, 210, 1215
2026/02/23 16:17:13.478, 3, 55.41, 0, 210, 1215
2026/02/23 16:17:13.528, 0, 308.99, 100, 1410, 1215
2026/02/23 16:17:13.528, 1, 54.75, 0, 210, 1215
2026/02/23 16:17:13.528, 2, 57.28, 0, 210, 1215
2026/02/23 16:17:13.528, 3, 55.41, 0, 210, 1215
2026/02/23 16:17:13.579, 0, 308.99, 100, 1410, 1215
2026/02/23 16:17:13.579, 1, 54.70, 0, 210, 1215
2026/02/23 16:17:13.579, 2, 57.28, 0, 210, 1215
2026/02/23 16:17:13.579, 3, 55.35, 0, 210, 1215
2026/02/23 16:17:13.629, 0, 308.99, 100, 1410, 1215
2026/02/23 16:17:13.629, 1, 54.70, 0, 210, 1215
2026/02/23 16:17:13.629, 2, 57.28, 0, 210, 1215
2026/02/23 16:17:13.629, 3, 55.35, 0, 210, 1215
2026/02/23 16:17:13.679, 0, 308.67, 100, 1410, 1215
2026/02/23 16:17:13.680, 1, 54.70, 0, 210, 1215
2026/02/23 16:17:13.680, 2, 57.28, 0, 210, 1215
2026/02/23 16:17:13.680, 3, 55.35, 0, 210, 1215
2026/02/23 16:17:13.730, 0, 308.99, 100, 1410, 1215
2026/02/23 16:17:13.730, 1, 54.70, 0, 210, 1215
2026/02/23 16:17:13.730, 2, 57.28, 0, 210, 1215
2026/02/23 16:17:13.730, 3, 55.35, 0, 210, 1215
2026/02/23 16:17:13.780, 0, 308.99, 100, 1410, 1215
2026/02/23 16:17:13.780, 1, 54.70, 0, 210, 1215
2026/02/23 16:17:13.781, 2, 57.28, 0, 210, 1215
2026/02/23 16:17:13.781, 3, 55.41, 0, 210, 1215
2026/02/23 16:17:13.831, 0, 308.72, 100, 1410, 1215
2026/02/23 16:17:13.831, 1, 54.70, 0, 210, 1215
2026/02/23 16:17:13.831, 2, 57.28, 0, 210, 1215
2026/02/23 16:17:13.831, 3, 55.41, 0, 210, 1215
2026/02/23 16:17:13.881, 0, 308.72, 100, 1410, 1215
2026/02/23 16:17:13.881, 1, 54.70, 0, 210, 1215
2026/02/23 16:17:13.881, 2, 57.28, 0, 210, 1215
2026/02/23 16:17:13.881, 3, 55.41, 0, 210, 1215
2026/02/23 16:17:13.932, 0, 309.33, 100, 1410, 1215
2026/02/23 16:17:13.932, 1, 54.70, 0, 210, 1215
2026/02/23 16:17:13.932, 2, 57.28, 0, 210, 1215
2026/02/23 16:17:13.932, 3, 55.41, 0, 210, 1215
2026/02/23 16:17:13.982, 0, 309.33, 100, 1410, 1215
2026/02/23 16:17:13.982, 1, 54.70, 0, 210, 1215
2026/02/23 16:17:13.982, 2, 57.28, 0, 210, 1215
2026/02/23 16:17:13.982, 3, 55.41, 0, 210, 1215
2026/02/23 16:17:14.033, 0, 308.67, 100, 1410, 1215
2026/02/23 16:17:14.033, 1, 54.70, 0, 210, 1215
2026/02/23 16:17:14.033, 2, 57.28, 0, 210, 1215
2026/02/23 16:17:14.033, 3, 55.41, 0, 210, 1215
2026/02/23 16:17:14.083, 0, 308.67, 100, 1410, 1215
2026/02/23 16:17:14.083, 1, 54.75, 0, 210, 1215
2026/02/23 16:17:14.083, 2, 57.28, 0, 210, 1215
2026/02/23 16:17:14.083, 3, 55.35, 0, 210, 1215
2026/02/23 16:17:14.133, 0, 308.72, 100, 1410, 1215
2026/02/23 16:17:14.134, 1, 54.75, 0, 210, 1215
2026/02/23 16:17:14.134, 2, 57.28, 0, 210, 1215
2026/02/23 16:17:14.134, 3, 55.35, 0, 210, 1215
2026/02/23 16:17:14.184, 0, 308.72, 100, 1410, 1215
2026/02/23 16:17:14.184, 1, 54.97, 0, 210, 1215
2026/02/23 16:17:14.184, 2, 57.28, 0, 210, 1215
2026/02/23 16:17:14.184, 3, 55.41, 0, 210, 1215
2026/02/23 16:17:14.234, 0, 308.72, 100, 1410, 1215
2026/02/23 16:17:14.234, 1, 54.97, 0, 210, 1215
2026/02/23 16:17:14.235, 2, 57.28, 0, 210, 1215
2026/02/23 16:17:14.235, 3, 55.41, 0, 210, 1215
2026/02/23 16:17:14.285, 0, 308.72, 100, 1410, 1215
2026/02/23 16:17:14.285, 1, 54.70, 0, 210, 1215
2026/02/23 16:17:14.285, 2, 57.28, 0, 210, 1215
2026/02/23 16:17:14.285, 3, 55.35, 0, 210, 1215
2026/02/23 16:17:14.335, 0, 308.67, 100, 1410, 1215
2026/02/23 16:17:14.335, 1, 54.70, 0, 210, 1215
2026/02/23 16:17:14.335, 2, 57.28, 0, 210, 1215
2026/02/23 16:17:14.336, 3, 55.35, 0, 210, 1215
2026/02/23 16:17:14.386, 0, 308.67, 100, 1410, 1215
2026/02/23 16:17:14.386, 1, 54.70, 0, 210, 1215
2026/02/23 16:17:14.386, 2, 57.28, 0, 210, 1215
2026/02/23 16:17:14.386, 3, 55.41, 0, 210, 1215
2026/02/23 16:17:14.436, 0, 308.99, 100, 1410, 1215
2026/02/23 16:17:14.436, 1, 54.70, 0, 210, 1215
2026/02/23 16:17:14.436, 2, 57.28, 0, 210, 1215
2026/02/23 16:17:14.436, 3, 55.41, 0, 210, 1215
2026/02/23 16:17:14.487, 0, 308.99, 100, 1410, 1215
2026/02/23 16:17:14.487, 1, 54.70, 0, 210, 1215
2026/02/23 16:17:14.487, 2, 57.28, 0, 210, 1215
2026/02/23 16:17:14.487, 3, 55.41, 0, 210, 1215
2026/02/23 16:17:14.537, 0, 308.72, 100, 1410, 1215
2026/02/23 16:17:14.537, 1, 54.70, 0, 210, 1215
2026/02/23 16:17:14.537, 2, 57.28, 0, 210, 1215
2026/02/23 16:17:14.537, 3, 55.41, 0, 210, 1215
2026/02/23 16:17:14.588, 0, 308.72, 100, 1410, 1215
2026/02/23 16:17:14.588, 1, 54.75, 0, 210, 1215
2026/02/23 16:17:14.588, 2, 57.28, 0, 210, 1215
2026/02/23 16:17:14.588, 3, 55.41, 0, 210, 1215
2026/02/23 16:17:14.638, 0, 308.99, 100, 1410, 1215
2026/02/23 16:17:14.638, 1, 54.75, 0, 210, 1215
2026/02/23 16:17:14.638, 2, 57.28, 0, 210, 1215
2026/02/23 16:17:14.638, 3, 55.41, 0, 210, 1215
2026/02/23 16:17:14.688, 0, 308.99, 100, 1410, 1215
2026/02/23 16:17:14.688, 1, 54.70, 0, 210, 1215
2026/02/23 16:17:14.689, 2, 57.28, 0, 210, 1215
2026/02/23 16:17:14.689, 3, 55.41, 0, 210, 1215
2026/02/23 16:17:14.739, 0, 308.72, 100, 1410, 1215
2026/02/23 16:17:14.739, 1, 54.70, 0, 210, 1215
2026/02/23 16:17:14.739, 2, 57.28, 0, 210, 1215
2026/02/23 16:17:14.739, 3, 55.41, 0, 210, 1215
2026/02/23 16:17:14.789, 0, 308.72, 100, 1410, 1215
2026/02/23 16:17:14.789, 1, 54.75, 0, 210, 1215
2026/02/23 16:17:14.789, 2, 57.34, 0, 210, 1215
2026/02/23 16:17:14.790, 3, 55.41, 0, 210, 1215
2026/02/23 16:17:14.840, 0, 308.99, 100, 1410, 1215
2026/02/23 16:17:14.840, 1, 54.75, 0, 210, 1215
2026/02/23 16:17:14.840, 2, 57.34, 0, 210, 1215
2026/02/23 16:17:14.840, 3, 55.41, 0, 210, 1215
2026/02/23 16:17:14.890, 0, 308.99, 100, 1410, 1215
2026/02/23 16:17:14.890, 1, 54.70, 0, 210, 1215
2026/02/23 16:17:14.890, 2, 57.28, 0, 210, 1215
2026/02/23 16:17:14.890, 3, 55.41, 0, 210, 1215
2026/02/23 16:17:14.941, 0, 308.99, 100, 1410, 1215
2026/02/23 16:17:14.941, 1, 54.70, 0, 210, 1215
2026/02/23 16:17:14.941, 2, 57.28, 0, 210, 1215
2026/02/23 16:17:14.941, 3, 55.41, 0, 210, 1215
2026/02/23 16:17:14.991, 0, 308.99, 100, 1410, 1215
2026/02/23 16:17:14.991, 1, 54.75, 0, 210, 1215
2026/02/23 16:17:14.991, 2, 57.34, 0, 210, 1215
2026/02/23 16:17:14.991, 3, 55.41, 0, 210, 1215
2026/02/23 16:17:15.041, 0, 308.99, 100, 1410, 1215
2026/02/23 16:17:15.042, 1, 54.75, 0, 210, 1215
2026/02/23 16:17:15.042, 2, 57.34, 0, 210, 1215
2026/02/23 16:17:15.042, 3, 55.41, 0, 210, 1215
2026/02/23 16:17:15.092, 0, 308.99, 100, 1410, 1215
2026/02/23 16:17:15.092, 1, 54.75, 0, 210, 1215
2026/02/23 16:17:15.092, 2, 57.28, 0, 210, 1215
2026/02/23 16:17:15.092, 3, 55.41, 0, 210, 1215
2026/02/23 16:17:15.142, 0, 308.99, 100, 1410, 1215
2026/02/23 16:17:15.142, 1, 54.75, 0, 210, 1215
2026/02/23 16:17:15.143, 2, 57.28, 0, 210, 1215
2026/02/23 16:17:15.143, 3, 55.41, 0, 210, 1215
2026/02/23 16:17:15.193, 0, 308.99, 100, 1410, 1215
2026/02/23 16:17:15.193, 1, 54.70, 0, 210, 1215
2026/02/23 16:17:15.193, 2, 57.28, 0, 210, 1215
2026/02/23 16:17:15.193, 3, 55.41, 0, 210, 1215
2026/02/23 16:17:15.243, 0, 309.33, 100, 1410, 1215
2026/02/23 16:17:15.243, 1, 54.70, 0, 210, 1215
2026/02/23 16:17:15.243, 2, 57.28, 0, 210, 1215
2026/02/23 16:17:15.244, 3, 55.41, 0, 210, 1215
2026/02/23 16:17:15.294, 0, 309.33, 100, 1410, 1215
2026/02/23 16:17:15.294, 1, 54.70, 0, 210, 1215
2026/02/23 16:17:15.294, 2, 57.06, 0, 210, 1215
2026/02/23 16:17:15.294, 3, 55.41, 0, 210, 1215
2026/02/23 16:17:15.344, 0, 308.99, 100, 1410, 1215
2026/02/23 16:17:15.344, 1, 54.70, 0, 210, 1215
2026/02/23 16:17:15.344, 2, 57.06, 0, 210, 1215
2026/02/23 16:17:15.344, 3, 55.41, 0, 210, 1215
2026/02/23 16:17:15.395, 0, 308.99, 100, 1410, 1215
2026/02/23 16:17:15.395, 1, 54.70, 0, 210, 1215
2026/02/23 16:17:15.395, 2, 57.28, 0, 210, 1215
2026/02/23 16:17:15.395, 3, 55.41, 0, 210, 1215
2026/02/23 16:17:15.445, 0, 309.33, 100, 1410, 1215
2026/02/23 16:17:15.445, 1, 54.70, 0, 210, 1215
2026/02/23 16:17:15.445, 2, 57.28, 0, 210, 1215
2026/02/23 16:17:15.445, 3, 55.41, 0, 210, 1215
2026/02/23 16:17:15.495, 0, 309.33, 100, 1410, 1215
2026/02/23 16:17:15.496, 1, 54.75, 0, 210, 1215
2026/02/23 16:17:15.496, 2, 57.28, 0, 210, 1215
2026/02/23 16:17:15.496, 3, 55.41, 0, 210, 1215
2026/02/23 16:17:15.546, 0, 309.33, 100, 1410, 1215
2026/02/23 16:17:15.546, 1, 54.75, 0, 210, 1215
2026/02/23 16:17:15.546, 2, 57.28, 0, 210, 1215
2026/02/23 16:17:15.546, 3, 55.41, 0, 210, 1215
2026/02/23 16:17:15.596, 0, 309.33, 100, 1410, 1215
2026/02/23 16:17:15.597, 1, 54.70, 0, 210, 1215
2026/02/23 16:17:15.597, 2, 57.28, 0, 210, 1215
2026/02/23 16:17:15.597, 3, 55.41, 0, 210, 1215
2026/02/23 16:17:15.647, 0, 309.61, 100, 1410, 1215
2026/02/23 16:17:15.647, 1, 54.70, 0, 210, 1215
2026/02/23 16:17:15.647, 2, 57.28, 0, 210, 1215
2026/02/23 16:17:15.647, 3, 55.41, 0, 210, 1215
2026/02/23 16:17:15.697, 0, 309.61, 100, 1410, 1215
2026/02/23 16:17:15.697, 1, 54.70, 0, 210, 1215
2026/02/23 16:17:15.698, 2, 57.28, 0, 210, 1215
2026/02/23 16:17:15.698, 3, 55.35, 0, 210, 1215
2026/02/23 16:17:15.748, 0, 309.61, 100, 1410, 1215
2026/02/23 16:17:15.748, 1, 54.70, 0, 210, 1215
2026/02/23 16:17:15.748, 2, 57.28, 0, 210, 1215
2026/02/23 16:17:15.748, 3, 55.35, 0, 210, 1215
2026/02/23 16:17:15.798, 0, 309.61, 100, 1410, 1215
2026/02/23 16:17:15.798, 1, 54.70, 0, 210, 1215
2026/02/23 16:17:15.798, 2, 57.28, 0, 210, 1215
2026/02/23 16:17:15.798, 3, 55.35, 0, 210, 1215
2026/02/23 16:17:15.849, 0, 309.28, 100, 1410, 1215
2026/02/23 16:17:15.849, 1, 54.70, 0, 210, 1215
2026/02/23 16:17:15.849, 2, 57.28, 0, 210, 1215
2026/02/23 16:17:15.849, 3, 55.35, 0, 210, 1215
2026/02/23 16:17:15.899, 0, 309.28, 100, 1410, 1215
2026/02/23 16:17:15.899, 1, 54.70, 0, 210, 1215
2026/02/23 16:17:15.899, 2, 57.28, 0, 210, 1215
2026/02/23 16:17:15.899, 3, 55.41, 0, 210, 1215
2026/02/23 16:17:15.950, 0, 309.60, 100, 1410, 1215
2026/02/23 16:17:15.950, 1, 54.70, 0, 210, 1215
2026/02/23 16:17:15.950, 2, 57.28, 0, 210, 1215
2026/02/23 16:17:15.950, 3, 55.41, 0, 210, 1215
2026/02/23 16:17:16.000, 0, 309.60, 100, 1410, 1215
2026/02/23 16:17:16.000, 1, 54.97, 0, 210, 1215
2026/02/23 16:17:16.000, 2, 57.01, 0, 210, 1215
2026/02/23 16:17:16.000, 3, 55.41, 0, 210, 1215
2026/02/23 16:17:16.050, 0, 309.92, 100, 1410, 1215
2026/02/23 16:17:16.051, 1, 54.97, 0, 210, 1215
2026/02/23 16:17:16.051, 2, 57.01, 0, 210, 1215
2026/02/23 16:17:16.051, 3, 55.41, 0, 210, 1215
2026/02/23 16:17:16.101, 0, 309.92, 100, 1410, 1215
2026/02/23 16:17:16.101, 1, 55.03, 0, 210, 1215
2026/02/23 16:17:16.101, 2, 57.01, 0, 210, 1215
2026/02/23 16:17:16.101, 3, 55.41, 0, 210, 1215
2026/02/23 16:17:16.151, 0, 309.33, 100, 1410, 1215
2026/02/23 16:17:16.151, 1, 55.03, 0, 210, 1215
2026/02/23 16:17:16.152, 2, 57.01, 0, 210, 1215
2026/02/23 16:17:16.152, 3, 55.41, 0, 210, 1215
2026/02/23 16:17:16.202, 0, 309.33, 100, 1410, 1215
2026/02/23 16:17:16.202, 1, 55.03, 0, 210, 1215
2026/02/23 16:17:16.202, 2, 57.34, 0, 210, 1215
2026/02/23 16:17:16.202, 3, 55.41, 0, 210, 1215
2026/02/23 16:17:16.252, 0, 309.33, 100, 1410, 1215
2026/02/23 16:17:16.252, 1, 55.03, 0, 210, 1215
2026/02/23 16:17:16.253, 2, 57.34, 0, 210, 1215
2026/02/23 16:17:16.253, 3, 55.41, 0, 210, 1215
2026/02/23 16:17:16.303, 0, 309.33, 100, 1410, 1215
2026/02/23 16:17:16.303, 1, 55.03, 0, 210, 1215
2026/02/23 16:17:16.303, 2, 57.28, 0, 210, 1215
2026/02/23 16:17:16.303, 3, 55.41, 0, 210, 1215
2026/02/23 16:17:16.353, 0, 309.33, 100, 1410, 1215
2026/02/23 16:17:16.353, 1, 55.03, 0, 210, 1215
2026/02/23 16:17:16.353, 2, 57.28, 0, 210, 1215
2026/02/23 16:17:16.354, 3, 55.41, 0, 210, 1215
2026/02/23 16:17:16.404, 0, 309.33, 100, 1410, 1215
2026/02/23 16:17:16.404, 1, 54.70, 0, 210, 1215
2026/02/23 16:17:16.404, 2, 57.28, 0, 210, 1215
2026/02/23 16:17:16.404, 3, 55.41, 0, 210, 1215
2026/02/23 16:17:16.454, 0, 309.33, 100, 1410, 1215
2026/02/23 16:17:16.454, 1, 54.70, 0, 210, 1215
2026/02/23 16:17:16.454, 2, 57.28, 0, 210, 1215
2026/02/23 16:17:16.454, 3, 55.41, 0, 210, 1215
2026/02/23 16:17:16.505, 0, 309.33, 100, 1410, 1215
2026/02/23 16:17:16.505, 1, 54.97, 0, 210, 1215
2026/02/23 16:17:16.505, 2, 57.28, 0, 210, 1215
2026/02/23 16:17:16.505, 3, 55.41, 0, 210, 1215
2026/02/23 16:17:16.555, 0, 309.33, 100, 1410, 1215
2026/02/23 16:17:16.555, 1, 54.97, 0, 210, 1215
2026/02/23 16:17:16.555, 2, 57.28, 0, 210, 1215
2026/02/23 16:17:16.555, 3, 55.41, 0, 210, 1215
2026/02/23 16:17:16.606, 0, 309.33, 100, 1410, 1215
2026/02/23 16:17:16.606, 1, 54.75, 0, 210, 1215
2026/02/23 16:17:16.606, 2, 57.28, 0, 210, 1215
2026/02/23 16:17:16.606, 3, 55.41, 0, 210, 1215
2026/02/23 16:17:16.656, 0, 309.01, 100, 1410, 1215
2026/02/23 16:17:16.656, 1, 54.70, 0, 210, 1215
2026/02/23 16:17:16.656, 2, 57.28, 0, 210, 1215
2026/02/23 16:17:16.656, 3, 55.41, 0, 210, 1215
2026/02/23 16:17:16.706, 0, 309.01, 100, 1410, 1215
2026/02/23 16:17:16.707, 1, 54.70, 0, 210, 1215
2026/02/23 16:17:16.707, 2, 57.28, 0, 210, 1215
2026/02/23 16:17:16.707, 3, 55.35, 0, 210, 1215
2026/02/23 16:17:16.757, 0, 308.67, 100, 1410, 1215
2026/02/23 16:17:16.757, 1, 54.70, 0, 210, 1215
2026/02/23 16:17:16.757, 2, 57.28, 0, 210, 1215
2026/02/23 16:17:16.757, 3, 55.35, 0, 210, 1215
2026/02/23 16:17:16.807, 0, 308.67, 100, 1410, 1215
2026/02/23 16:17:16.807, 1, 54.70, 0, 210, 1215
2026/02/23 16:17:16.808, 2, 57.28, 0, 210, 1215
2026/02/23 16:17:16.808, 3, 55.35, 0, 210, 1215
2026/02/23 16:17:16.858, 0, 309.01, 100, 1410, 1215
2026/02/23 16:17:16.858, 1, 54.70, 0, 210, 1215
2026/02/23 16:17:16.858, 2, 57.28, 0, 210, 1215
2026/02/23 16:17:16.858, 3, 55.35, 0, 210, 1215
2026/02/23 16:17:16.908, 0, 309.01, 100, 1410, 1215
2026/02/23 16:17:16.908, 1, 54.70, 0, 210, 1215
2026/02/23 16:17:16.908, 2, 57.28, 0, 210, 1215
2026/02/23 16:17:16.909, 3, 55.35, 0, 210, 1215
2026/02/23 16:17:16.959, 0, 309.33, 100, 1410, 1215
2026/02/23 16:17:16.959, 1, 54.97, 0, 210, 1215
2026/02/23 16:17:16.959, 2, 57.28, 0, 210, 1215
2026/02/23 16:17:16.959, 3, 55.35, 0, 210, 1215
2026/02/23 16:17:17.009, 0, 309.33, 100, 1410, 1215
2026/02/23 16:17:17.009, 1, 54.97, 0, 210, 1215
2026/02/23 16:17:17.009, 2, 57.28, 0, 210, 1215
2026/02/23 16:17:17.009, 3, 55.41, 0, 210, 1215
2026/02/23 16:17:17.060, 0, 308.99, 100, 1410, 1215
2026/02/23 16:17:17.060, 1, 54.75, 0, 210, 1215
2026/02/23 16:17:17.060, 2, 57.28, 0, 210, 1215
2026/02/23 16:17:17.060, 3, 55.41, 0, 210, 1215
2026/02/23 16:17:17.110, 0, 308.99, 100, 1410, 1215
2026/02/23 16:17:17.110, 1, 54.75, 0, 210, 1215
2026/02/23 16:17:17.110, 2, 57.28, 0, 210, 1215
2026/02/23 16:17:17.110, 3, 55.41, 0, 210, 1215
2026/02/23 16:17:17.161, 0, 308.72, 100, 1410, 1215
2026/02/23 16:17:17.161, 1, 54.70, 0, 210, 1215
2026/02/23 16:17:17.161, 2, 57.28, 0, 210, 1215
2026/02/23 16:17:17.161, 3, 55.41, 0, 210, 1215
2026/02/23 16:17:17.211, 0, 308.72, 100, 1410, 1215
2026/02/23 16:17:17.211, 1, 54.70, 0, 210, 1215
2026/02/23 16:17:17.211, 2, 57.28, 0, 210, 1215
2026/02/23 16:17:17.211, 3, 55.41, 0, 210, 1215
2026/02/23 16:17:17.261, 0, 308.67, 100, 1410, 1215
2026/02/23 16:17:17.262, 1, 54.70, 0, 210, 1215
2026/02/23 16:17:17.262, 2, 57.28, 0, 210, 1215
2026/02/23 16:17:17.262, 3, 55.41, 0, 210, 1215
2026/02/23 16:17:17.312, 0, 308.67, 100, 1410, 1215
2026/02/23 16:17:17.312, 1, 54.70, 0, 210, 1215
2026/02/23 16:17:17.312, 2, 57.28, 0, 210, 1215
2026/02/23 16:17:17.312, 3, 55.35, 0, 210, 1215
2026/02/23 16:17:17.362, 0, 308.72, 100, 1410, 1215
2026/02/23 16:17:17.362, 1, 54.70, 0, 210, 1215
2026/02/23 16:17:17.363, 2, 57.28, 0, 210, 1215
2026/02/23 16:17:17.363, 3, 55.35, 0, 210, 1215
2026/02/23 16:17:17.413, 0, 308.72, 100, 1410, 1215
2026/02/23 16:17:17.413, 1, 54.70, 0, 210, 1215
2026/02/23 16:17:17.413, 2, 57.28, 0, 210, 1215
2026/02/23 16:17:17.413, 3, 55.41, 0, 210, 1215
2026/02/23 16:17:17.463, 0, 308.99, 100, 1410, 1215
2026/02/23 16:17:17.463, 1, 55.03, 0, 210, 1215
2026/02/23 16:17:17.463, 2, 57.28, 0, 210, 1215
2026/02/23 16:17:17.464, 3, 55.41, 0, 210, 1215
2026/02/23 16:17:17.514, 0, 308.99, 100, 1410, 1215
2026/02/23 16:17:17.514, 1, 55.03, 0, 210, 1215
2026/02/23 16:17:17.514, 2, 57.34, 0, 210, 1215
2026/02/23 16:17:17.514, 3, 55.41, 0, 210, 1215
2026/02/23 16:17:17.564, 0, 308.72, 100, 1410, 1215
2026/02/23 16:17:17.564, 1, 54.75, 0, 210, 1215
2026/02/23 16:17:17.564, 2, 57.34, 0, 210, 1215
2026/02/23 16:17:17.564, 3, 55.41, 0, 210, 1215
2026/02/23 16:17:17.615, 0, 308.72, 100, 1410, 1215
2026/02/23 16:17:17.615, 1, 54.75, 0, 210, 1215
2026/02/23 16:17:17.615, 2, 57.28, 0, 210, 1215
2026/02/23 16:17:17.615, 3, 55.41, 0, 210, 1215
2026/02/23 16:17:17.665, 0, 308.99, 100, 1410, 1215
2026/02/23 16:17:17.665, 1, 54.75, 0, 210, 1215
2026/02/23 16:17:17.665, 2, 57.28, 0, 210, 1215
2026/02/23 16:17:17.665, 3, 55.41, 0, 210, 1215
2026/02/23 16:17:17.715, 0, 308.99, 100, 1410, 1215
2026/02/23 16:17:17.716, 1, 54.75, 0, 210, 1215
2026/02/23 16:17:17.716, 2, 57.34, 0, 210, 1215
2026/02/23 16:17:17.716, 3, 55.41, 0, 210, 1215
2026/02/23 16:17:17.766, 0, 308.99, 100, 1410, 1215
2026/02/23 16:17:17.766, 1, 54.70, 0, 210, 1215
2026/02/23 16:17:17.766, 2, 57.34, 0, 210, 1215
2026/02/23 16:17:17.766, 3, 55.41, 0, 210, 1215
2026/02/23 16:17:17.816, 0, 308.99, 100, 1410, 1215
2026/02/23 16:17:17.816, 1, 54.70, 0, 210, 1215
2026/02/23 16:17:17.817, 2, 57.28, 0, 210, 1215
2026/02/23 16:17:17.817, 3, 55.41, 0, 210, 1215
2026/02/23 16:17:17.867, 0, 308.99, 100, 1410, 1215
2026/02/23 16:17:17.867, 1, 54.75, 0, 210, 1215
2026/02/23 16:17:17.867, 2, 57.28, 0, 210, 1215
2026/02/23 16:17:17.867, 3, 55.41, 0, 210, 1215
2026/02/23 16:17:17.917, 0, 308.99, 100, 1410, 1215
2026/02/23 16:17:17.917, 1, 54.75, 0, 210, 1215
2026/02/23 16:17:17.917, 2, 57.28, 0, 210, 1215
2026/02/23 16:17:17.918, 3, 55.41, 0, 210, 1215
2026/02/23 16:17:17.968, 0, 308.72, 100, 1410, 1215
2026/02/23 16:17:17.968, 1, 54.70, 0, 210, 1215
2026/02/23 16:17:17.968, 2, 57.28, 0, 210, 1215
2026/02/23 16:17:17.968, 3, 55.41, 0, 210, 1215
2026/02/23 16:17:18.018, 0, 308.72, 100, 1410, 1215
2026/02/23 16:17:18.018, 1, 54.70, 0, 210, 1215
2026/02/23 16:17:18.018, 2, 57.28, 0, 210, 1215
2026/02/23 16:17:18.018, 3, 55.41, 0, 210, 1215
2026/02/23 16:17:18.069, 0, 309.33, 100, 1410, 1215
2026/02/23 16:17:18.069, 1, 54.75, 0, 210, 1215
2026/02/23 16:17:18.069, 2, 57.28, 0, 210, 1215
2026/02/23 16:17:18.069, 3, 55.41, 0, 210, 1215
2026/02/23 16:17:18.119, 0, 309.33, 100, 1410, 1215
2026/02/23 16:17:18.119, 1, 54.75, 0, 210, 1215
2026/02/23 16:17:18.119, 2, 57.28, 0, 210, 1215
2026/02/23 16:17:18.119, 3, 55.41, 0, 210, 1215
2026/02/23 16:17:18.170, 0, 309.33, 100, 1410, 1215
2026/02/23 16:17:18.170, 1, 54.75, 0, 210, 1215
2026/02/23 16:17:18.170, 2, 57.28, 0, 210, 1215
2026/02/23 16:17:18.170, 3, 55.41, 0, 210, 1215
2026/02/23 16:17:18.220, 0, 309.33, 100, 1410, 1215
2026/02/23 16:17:18.220, 1, 54.75, 0, 210, 1215
2026/02/23 16:17:18.220, 2, 57.28, 0, 210, 1215
2026/02/23 16:17:18.220, 3, 55.41, 0, 210, 1215
2026/02/23 16:17:18.270, 0, 308.99, 100, 1410, 1215
2026/02/23 16:17:18.271, 1, 54.75, 0, 210, 1215
2026/02/23 16:17:18.271, 2, 57.28, 0, 210, 1215
2026/02/23 16:17:18.271, 3, 55.41, 0, 210, 1215
2026/02/23 16:17:18.321, 0, 308.99, 100, 1410, 1215
2026/02/23 16:17:18.321, 1, 54.75, 0, 210, 1215
2026/02/23 16:17:18.321, 2, 57.28, 0, 210, 1215
2026/02/23 16:17:18.321, 3, 55.41, 0, 210, 1215
2026/02/23 16:17:18.371, 0, 308.99, 100, 1410, 1215
2026/02/23 16:17:18.371, 1, 54.70, 0, 210, 1215
2026/02/23 16:17:18.371, 2, 57.28, 0, 210, 1215
2026/02/23 16:17:18.372, 3, 55.41, 0, 210, 1215
2026/02/23 16:17:18.422, 0, 308.99, 100, 1410, 1215
2026/02/23 16:17:18.422, 1, 54.70, 0, 210, 1215
2026/02/23 16:17:18.422, 2, 57.28, 0, 210, 1215
2026/02/23 16:17:18.422, 3, 55.41, 0, 210, 1215
2026/02/23 16:17:18.472, 0, 309.01, 100, 1410, 1215
2026/02/23 16:17:18.472, 1, 54.70, 0, 210, 1215
2026/02/23 16:17:18.472, 2, 57.28, 0, 210, 1215
2026/02/23 16:17:18.472, 3, 55.41, 0, 210, 1215
2026/02/23 16:17:18.523, 0, 309.01, 100, 1410, 1215
2026/02/23 16:17:18.523, 1, 54.70, 0, 210, 1215
2026/02/23 16:17:18.523, 2, 57.28, 0, 210, 1215
2026/02/23 16:17:18.523, 3, 55.35, 0, 210, 1215
2026/02/23 16:17:18.573, 0, 309.33, 100, 1410, 1215
2026/02/23 16:17:18.573, 1, 54.70, 0, 210, 1215
2026/02/23 16:17:18.573, 2, 57.28, 0, 210, 1215
2026/02/23 16:17:18.573, 3, 55.35, 0, 210, 1215
2026/02/23 16:17:18.624, 0, 309.33, 100, 1410, 1215
2026/02/23 16:17:18.624, 1, 54.70, 0, 210, 1215
2026/02/23 16:17:18.624, 2, 57.28, 0, 210, 1215
2026/02/23 16:17:18.624, 3, 55.41, 0, 210, 1215
2026/02/23 16:17:18.674, 0, 309.88, 100, 1410, 1215
2026/02/23 16:17:18.674, 1, 54.70, 0, 210, 1215
2026/02/23 16:17:18.674, 2, 57.28, 0, 210, 1215
2026/02/23 16:17:18.674, 3, 55.41, 0, 210, 1215
2026/02/23 16:17:18.724, 0, 309.88, 100, 1410, 1215
2026/02/23 16:17:18.724, 1, 54.70, 0, 210, 1215
2026/02/23 16:17:18.725, 2, 57.28, 0, 210, 1215
2026/02/23 16:17:18.725, 3, 55.35, 0, 210, 1215
2026/02/23 16:17:18.775, 0, 309.92, 100, 1410, 1215
2026/02/23 16:17:18.775, 1, 54.75, 0, 210, 1215
2026/02/23 16:17:18.775, 2, 57.01, 0, 210, 1215
2026/02/23 16:17:18.775, 3, 55.35, 0, 210, 1215
2026/02/23 16:17:18.825, 0, 309.92, 100, 1410, 1215
2026/02/23 16:17:18.825, 1, 54.75, 0, 210, 1215
2026/02/23 16:17:18.825, 2, 57.01, 0, 210, 1215
2026/02/23 16:17:18.825, 3, 55.41, 0, 210, 1215
2026/02/23 16:17:18.876, 0, 309.92, 100, 1410, 1215
2026/02/23 16:17:18.876, 1, 54.75, 0, 210, 1215
2026/02/23 16:17:18.876, 2, 57.01, 0, 210, 1215
2026/02/23 16:17:18.876, 3, 55.41, 0, 210, 1215
2026/02/23 16:17:18.926, 0, 309.92, 100, 1410, 1215
2026/02/23 16:17:18.926, 1, 54.75, 0, 210, 1215
2026/02/23 16:17:18.926, 2, 57.01, 0, 210, 1215
2026/02/23 16:17:18.926, 3, 55.41, 0, 210, 1215
2026/02/23 16:17:18.977, 0, 309.92, 100, 1410, 1215
2026/02/23 16:17:18.977, 1, 54.70, 0, 210, 1215
2026/02/23 16:17:18.977, 2, 57.28, 0, 210, 1215
2026/02/23 16:17:18.977, 3, 55.41, 0, 210, 1215
2026/02/23 16:17:19.027, 0, 309.92, 100, 1410, 1215
2026/02/23 16:17:19.027, 1, 54.70, 0, 210, 1215
2026/02/23 16:17:19.027, 2, 57.28, 0, 210, 1215
2026/02/23 16:17:19.027, 3, 55.41, 0, 210, 1215
2026/02/23 16:17:19.077, 0, 309.92, 100, 1410, 1215
2026/02/23 16:17:19.078, 1, 54.70, 0, 210, 1215
2026/02/23 16:17:19.078, 2, 57.28, 0, 210, 1215
2026/02/23 16:17:19.078, 3, 55.41, 0, 210, 1215
2026/02/23 16:17:19.128, 0, 309.92, 100, 1410, 1215
2026/02/23 16:17:19.128, 1, 54.70, 0, 210, 1215
2026/02/23 16:17:19.128, 2, 57.28, 0, 210, 1215
2026/02/23 16:17:19.128, 3, 55.41, 0, 210, 1215
2026/02/23 16:17:19.178, 0, 309.88, 100, 1410, 1215
2026/02/23 16:17:19.178, 1, 54.70, 0, 210, 1215
2026/02/23 16:17:19.179, 2, 57.28, 0, 210, 1215
2026/02/23 16:17:19.179, 3, 55.41, 0, 210, 1215
2026/02/23 16:17:19.229, 0, 309.88, 100, 1410, 1215
2026/02/23 16:17:19.229, 1, 54.70, 0, 210, 1215
2026/02/23 16:17:19.229, 2, 57.28, 0, 210, 1215
2026/02/23 16:17:19.229, 3, 55.41, 0, 210, 1215
2026/02/23 16:17:19.279, 0, 309.92, 100, 1410, 1215
2026/02/23 16:17:19.279, 1, 54.70, 0, 210, 1215
2026/02/23 16:17:19.279, 2, 57.28, 0, 210, 1215
2026/02/23 16:17:19.279, 3, 55.41, 0, 210, 1215
2026/02/23 16:17:19.330, 0, 309.61, 100, 1410, 1215
2026/02/23 16:17:19.330, 1, 54.70, 0, 210, 1215
2026/02/23 16:17:19.330, 2, 57.28, 0, 210, 1215
2026/02/23 16:17:19.330, 3, 55.41, 0, 210, 1215
2026/02/23 16:17:19.380, 0, 309.61, 100, 1410, 1215
2026/02/23 16:17:19.380, 1, 54.75, 0, 210, 1215
2026/02/23 16:17:19.380, 2, 57.28, 0, 210, 1215
2026/02/23 16:17:19.380, 3, 55.41, 0, 210, 1215
2026/02/23 16:17:19.431, 0, 309.92, 100, 1410, 1215
2026/02/23 16:17:19.431, 1, 54.75, 0, 210, 1215
2026/02/23 16:17:19.431, 2, 57.28, 0, 210, 1215
2026/02/23 16:17:19.431, 3, 55.41, 0, 210, 1215
2026/02/23 16:17:19.481, 0, 309.92, 100, 1410, 1215
2026/02/23 16:17:19.481, 1, 54.75, 0, 210, 1215
2026/02/23 16:17:19.481, 2, 57.34, 0, 210, 1215
2026/02/23 16:17:19.481, 3, 55.41, 0, 210, 1215
2026/02/23 16:17:19.531, 0, 309.92, 100, 1410, 1215
2026/02/23 16:17:19.532, 1, 54.75, 0, 210, 1215
2026/02/23 16:17:19.532, 2, 57.34, 0, 210, 1215
2026/02/23 16:17:19.532, 3, 55.41, 0, 210, 1215
2026/02/23 16:17:19.582, 0, 309.92, 100, 1410, 1215
2026/02/23 16:17:19.582, 1, 54.97, 0, 210, 1215
2026/02/23 16:17:19.582, 2, 57.28, 0, 210, 1215
2026/02/23 16:17:19.582, 3, 55.41, 0, 210, 1215
2026/02/23 16:17:19.632, 0, 309.60, 100, 1410, 1215
2026/02/23 16:17:19.632, 1, 54.97, 0, 210, 1215
2026/02/23 16:17:19.633, 2, 57.28, 0, 210, 1215
2026/02/23 16:17:19.633, 3, 55.41, 0, 210, 1215
2026/02/23 16:17:19.683, 0, 309.60, 100, 1410, 1215
2026/02/23 16:17:19.683, 1, 54.70, 0, 210, 1215
2026/02/23 16:17:19.683, 2, 57.28, 0, 210, 1215
2026/02/23 16:17:19.683, 3, 55.35, 0, 210, 1215
2026/02/23 16:17:19.733, 0, 309.33, 100, 1410, 1215
2026/02/23 16:17:19.733, 1, 54.70, 0, 210, 1215
2026/02/23 16:17:19.733, 2, 57.28, 0, 210, 1215
2026/02/23 16:17:19.734, 3, 55.35, 0, 210, 1215
2026/02/23 16:17:19.784, 0, 309.33, 100, 1410, 1215
2026/02/23 16:17:19.784, 1, 54.70, 0, 210, 1215
2026/02/23 16:17:19.784, 2, 57.28, 0, 210, 1215
2026/02/23 16:17:19.784, 3, 55.35, 0, 210, 1215
2026/02/23 16:17:19.834, 0, 309.60, 100, 1410, 1215
2026/02/23 16:17:19.834, 1, 54.70, 0, 210, 1215
2026/02/23 16:17:19.834, 2, 57.28, 0, 210, 1215
2026/02/23 16:17:19.834, 3, 55.35, 0, 210, 1215
2026/02/23 16:17:19.885, 0, 309.60, 100, 1410, 1215
2026/02/23 16:17:19.885, 1, 54.70, 0, 210, 1215
2026/02/23 16:17:19.885, 2, 57.28, 0, 210, 1215
2026/02/23 16:17:19.885, 3, 55.41, 0, 210, 1215
2026/02/23 16:17:19.935, 0, 309.61, 100, 1410, 1215
2026/02/23 16:17:19.935, 1, 54.70, 0, 210, 1215
2026/02/23 16:17:19.935, 2, 57.28, 0, 210, 1215
2026/02/23 16:17:19.935, 3, 55.41, 0, 210, 1215
2026/02/23 16:17:19.986, 0, 309.61, 100, 1410, 1215
2026/02/23 16:17:19.986, 1, 54.70, 0, 210, 1215
2026/02/23 16:17:19.986, 2, 57.28, 0, 210, 1215
2026/02/23 16:17:19.986, 3, 55.41, 0, 210, 1215
2026/02/23 16:17:20.036, 0, 309.33, 100, 1410, 1215
2026/02/23 16:17:20.036, 1, 54.70, 0, 210, 1215
2026/02/23 16:17:20.036, 2, 57.28, 0, 210, 1215
2026/02/23 16:17:20.036, 3, 55.41, 0, 210, 1215
2026/02/23 16:17:20.086, 0, 309.33, 100, 1410, 1215
2026/02/23 16:17:20.087, 1, 54.75, 0, 210, 1215
2026/02/23 16:17:20.087, 2, 57.28, 0, 210, 1215
2026/02/23 16:17:20.087, 3, 55.41, 0, 210, 1215
2026/02/23 16:17:20.137, 0, 308.99, 100, 1410, 1215
2026/02/23 16:17:20.137, 1, 54.75, 0, 210, 1215
2026/02/23 16:17:20.137, 2, 57.28, 0, 210, 1215
2026/02/23 16:17:20.137, 3, 55.41, 0, 210, 1215
2026/02/23 16:17:20.187, 0, 308.99, 100, 1410, 1215
2026/02/23 16:17:20.187, 1, 54.75, 0, 210, 1215
2026/02/23 16:17:20.188, 2, 57.34, 0, 210, 1215
2026/02/23 16:17:20.188, 3, 55.41, 0, 210, 1215
2026/02/23 16:17:20.238, 0, 309.01, 100, 1410, 1215
2026/02/23 16:17:20.238, 1, 54.75, 0, 210, 1215
2026/02/23 16:17:20.238, 2, 57.34, 0, 210, 1215
2026/02/23 16:17:20.238, 3, 55.41, 0, 210, 1215
2026/02/23 16:17:20.288, 0, 309.01, 100, 1410, 1215
2026/02/23 16:17:20.288, 1, 54.70, 0, 210, 1215
2026/02/23 16:17:20.288, 2, 57.28, 0, 210, 1215
2026/02/23 16:17:20.289, 3, 55.41, 0, 210, 1215
2026/02/23 16:17:20.339, 0, 309.33, 100, 1410, 1215
2026/02/23 16:17:20.339, 1, 54.70, 0, 210, 1215
2026/02/23 16:17:20.339, 2, 57.28, 0, 210, 1215
2026/02/23 16:17:20.339, 3, 55.41, 0, 210, 1215
2026/02/23 16:17:20.389, 0, 309.33, 100, 1410, 1215
2026/02/23 16:17:20.389, 1, 54.75, 0, 210, 1215
2026/02/23 16:17:20.389, 2, 57.34, 0, 210, 1215
2026/02/23 16:17:20.389, 3, 55.41, 0, 210, 1215
2026/02/23 16:17:20.440, 0, 309.33, 100, 1410, 1215
2026/02/23 16:17:20.440, 1, 54.75, 0, 210, 1215
2026/02/23 16:17:20.440, 2, 57.34, 0, 210, 1215
2026/02/23 16:17:20.440, 3, 55.41, 0, 210, 1215
2026/02/23 16:17:20.490, 0, 309.33, 100, 1410, 1215
2026/02/23 16:17:20.490, 1, 54.75, 0, 210, 1215
2026/02/23 16:17:20.490, 2, 57.34, 0, 210, 1215
2026/02/23 16:17:20.490, 3, 55.41, 0, 210, 1215
2026/02/23 16:17:20.541, 0, 309.33, 100, 1410, 1215
2026/02/23 16:17:20.541, 1, 54.75, 0, 210, 1215
2026/02/23 16:17:20.541, 2, 57.34, 0, 210, 1215
2026/02/23 16:17:20.541, 3, 55.41, 0, 210, 1215
2026/02/23 16:17:20.591, 0, 309.33, 100, 1410, 1215
2026/02/23 16:17:20.591, 1, 54.75, 0, 210, 1215
2026/02/23 16:17:20.591, 2, 57.28, 0, 210, 1215
2026/02/23 16:17:20.591, 3, 55.41, 0, 210, 1215
2026/02/23 16:17:20.641, 0, 308.99, 100, 1410, 1215
2026/02/23 16:17:20.642, 1, 54.75, 0, 210, 1215
2026/02/23 16:17:20.642, 2, 57.28, 0, 210, 1215
2026/02/23 16:17:20.642, 3, 55.41, 0, 210, 1215
2026/02/23 16:17:20.692, 0, 308.99, 100, 1410, 1215
2026/02/23 16:17:20.692, 1, 54.75, 0, 210, 1215
2026/02/23 16:17:20.692, 2, 57.28, 0, 210, 1215
2026/02/23 16:17:20.692, 3, 55.41, 0, 210, 1215
2026/02/23 16:17:20.742, 0, 309.33, 100, 1410, 1215
2026/02/23 16:17:20.742, 1, 54.75, 0, 210, 1215
2026/02/23 16:17:20.742, 2, 57.28, 0, 210, 1215
2026/02/23 16:17:20.743, 3, 55.41, 0, 210, 1215
2026/02/23 16:17:20.793, 0, 309.33, 100, 1410, 1215
2026/02/23 16:17:20.793, 1, 54.75, 0, 210, 1215
2026/02/23 16:17:20.793, 2, 57.06, 0, 210, 1215
2026/02/23 16:17:20.793, 3, 55.41, 0, 210, 1215
2026/02/23 16:17:20.843, 0, 308.72, 100, 1410, 1215
2026/02/23 16:17:20.843, 1, 54.75, 0, 210, 1215
2026/02/23 16:17:20.843, 2, 57.06, 0, 210, 1215
2026/02/23 16:17:20.843, 3, 55.41, 0, 210, 1215
2026/02/23 16:17:20.894, 0, 308.72, 100, 1410, 1215
2026/02/23 16:17:20.894, 1, 54.75, 0, 210, 1215
2026/02/23 16:17:20.894, 2, 57.28, 0, 210, 1215
2026/02/23 16:17:20.894, 3, 55.41, 0, 210, 1215
2026/02/23 16:17:20.944, 0, 308.72, 100, 1410, 1215
2026/02/23 16:17:20.944, 1, 54.75, 0, 210, 1215
2026/02/23 16:17:20.944, 2, 57.28, 0, 210, 1215
2026/02/23 16:17:20.944, 3, 55.41, 0, 210, 1215
2026/02/23 16:17:20.995, 0, 308.72, 100, 1410, 1215
2026/02/23 16:17:20.995, 1, 54.70, 0, 210, 1215
2026/02/23 16:17:20.995, 2, 57.28, 0, 210, 1215
2026/02/23 16:17:20.995, 3, 55.41, 0, 210, 1215
2026/02/23 16:17:21.045, 0, 308.99, 100, 1410, 1215
2026/02/23 16:17:21.045, 1, 54.70, 0, 210, 1215
2026/02/23 16:17:21.045, 2, 57.28, 0, 210, 1215
2026/02/23 16:17:21.045, 3, 55.41, 0, 210, 1215
2026/02/23 16:17:21.095, 0, 308.99, 100, 1410, 1215
2026/02/23 16:17:21.096, 1, 54.70, 0, 210, 1215
2026/02/23 16:17:21.096, 2, 57.34, 0, 210, 1215
2026/02/23 16:17:21.096, 3, 55.41, 0, 210, 1215
2026/02/23 16:17:21.146, 0, 308.99, 100, 1410, 1215
2026/02/23 16:17:21.146, 1, 54.70, 0, 210, 1215
2026/02/23 16:17:21.146, 2, 57.34, 0, 210, 1215
2026/02/23 16:17:21.146, 3, 55.41, 0, 210, 1215
2026/02/23 16:17:21.196, 0, 308.99, 100, 1410, 1215
2026/02/23 16:17:21.196, 1, 54.70, 0, 210, 1215
2026/02/23 16:17:21.197, 2, 57.28, 0, 210, 1215
2026/02/23 16:17:21.197, 3, 55.35, 0, 210, 1215
2026/02/23 16:17:21.247, 0, 308.99, 100, 1410, 1215
2026/02/23 16:17:21.247, 1, 54.70, 0, 210, 1215
2026/02/23 16:17:21.247, 2, 57.28, 0, 210, 1215
2026/02/23 16:17:21.247, 3, 55.35, 0, 210, 1215
2026/02/23 16:17:21.297, 0, 308.99, 100, 1410, 1215
2026/02/23 16:17:21.297, 1, 54.70, 0, 210, 1215
2026/02/23 16:17:21.297, 2, 57.28, 0, 210, 1215
2026/02/23 16:17:21.298, 3, 55.41, 0, 210, 1215
2026/02/23 16:17:21.348, 0, 308.40, 100, 1410, 1215
2026/02/23 16:17:21.348, 1, 54.70, 0, 210, 1215
2026/02/23 16:17:21.348, 2, 57.28, 0, 210, 1215
2026/02/23 16:17:21.348, 3, 55.41, 0, 210, 1215
2026/02/23 16:17:21.398, 0, 308.40, 100, 1410, 1215
2026/02/23 16:17:21.398, 1, 54.70, 0, 210, 1215
2026/02/23 16:17:21.398, 2, 57.28, 0, 210, 1215
2026/02/23 16:17:21.398, 3, 55.35, 0, 210, 1215
2026/02/23 16:17:21.449, 0, 308.99, 100, 1410, 1215
2026/02/23 16:17:21.449, 1, 54.70, 0, 210, 1215
2026/02/23 16:17:21.449, 2, 57.28, 0, 210, 1215
2026/02/23 16:17:21.449, 3, 55.35, 0, 210, 1215
2026/02/23 16:17:21.499, 0, 308.99, 100, 1410, 1215
2026/02/23 16:17:21.499, 1, 54.70, 0, 210, 1215
2026/02/23 16:17:21.499, 2, 57.28, 0, 210, 1215
2026/02/23 16:17:21.499, 3, 55.41, 0, 210, 1215
2026/02/23 16:17:21.550, 0, 309.33, 100, 1410, 1215
2026/02/23 16:17:21.550, 1, 54.70, 0, 210, 1215
2026/02/23 16:17:21.550, 2, 57.28, 0, 210, 1215
2026/02/23 16:17:21.550, 3, 55.41, 0, 210, 1215
2026/02/23 16:17:21.600, 0, 309.33, 100, 1410, 1215
2026/02/23 16:17:21.600, 1, 54.70, 0, 210, 1215
2026/02/23 16:17:21.600, 2, 57.34, 0, 210, 1215
2026/02/23 16:17:21.600, 3, 55.41, 0, 210, 1215
2026/02/23 16:17:21.650, 0, 308.99, 100, 1410, 1215
2026/02/23 16:17:21.651, 1, 54.70, 0, 210, 1215
2026/02/23 16:17:21.651, 2, 57.34, 0, 210, 1215
2026/02/23 16:17:21.651, 3, 55.41, 0, 210, 1215
2026/02/23 16:17:21.701, 0, 308.99, 100, 1410, 1215
2026/02/23 16:17:21.701, 1, 54.70, 0, 210, 1215
2026/02/23 16:17:21.701, 2, 57.28, 0, 210, 1215
2026/02/23 16:17:21.701, 3, 55.41, 0, 210, 1215
2026/02/23 16:17:21.751, 0, 309.33, 100, 1410, 1215
2026/02/23 16:17:21.751, 1, 54.70, 0, 210, 1215
2026/02/23 16:17:21.752, 2, 57.28, 0, 210, 1215
2026/02/23 16:17:21.752, 3, 55.41, 0, 210, 1215
2026/02/23 16:17:21.802, 0, 309.33, 100, 1410, 1215
2026/02/23 16:17:21.802, 1, 54.97, 0, 210, 1215
2026/02/23 16:17:21.802, 2, 57.28, 0, 210, 1215
2026/02/23 16:17:21.802, 3, 55.41, 0, 210, 1215
2026/02/23 16:17:21.852, 0, 308.99, 100, 1410, 1215
2026/02/23 16:17:21.852, 1, 54.97, 0, 210, 1215
2026/02/23 16:17:21.852, 2, 57.28, 0, 210, 1215
2026/02/23 16:17:21.852, 3, 55.41, 0, 210, 1215
2026/02/23 16:17:21.903, 0, 308.99, 100, 1410, 1215
2026/02/23 16:17:21.903, 1, 54.70, 0, 210, 1215
2026/02/23 16:17:21.903, 2, 57.28, 0, 210, 1215
2026/02/23 16:17:21.903, 3, 55.41, 0, 210, 1215
2026/02/23 16:17:21.953, 0, 308.99, 100, 1410, 1215
2026/02/23 16:17:21.953, 1, 54.70, 0, 210, 1215
2026/02/23 16:17:21.953, 2, 57.28, 0, 210, 1215
2026/02/23 16:17:21.953, 3, 55.41, 0, 210, 1215
2026/02/23 16:17:22.004, 0, 308.99, 100, 1410, 1215
2026/02/23 16:17:22.004, 1, 54.97, 0, 210, 1215
2026/02/23 16:17:22.004, 2, 57.28, 0, 210, 1215
2026/02/23 16:17:22.004, 3, 55.41, 0, 210, 1215
2026/02/23 16:17:22.054, 0, 309.92, 100, 1410, 1215
2026/02/23 16:17:22.054, 1, 54.97, 0, 210, 1215
2026/02/23 16:17:22.054, 2, 57.28, 0, 210, 1215
2026/02/23 16:17:22.054, 3, 55.41, 0, 210, 1215
2026/02/23 16:17:22.104, 0, 309.92, 100, 1410, 1215
2026/02/23 16:17:22.105, 1, 54.70, 0, 210, 1215
2026/02/23 16:17:22.105, 2, 57.28, 0, 210, 1215
2026/02/23 16:17:22.105, 3, 55.41, 0, 210, 1215
2026/02/23 16:17:22.155, 0, 309.92, 100, 1410, 1215
2026/02/23 16:17:22.155, 1, 54.70, 0, 210, 1215
2026/02/23 16:17:22.155, 2, 57.28, 0, 210, 1215
2026/02/23 16:17:22.155, 3, 55.41, 0, 210, 1215
2026/02/23 16:17:22.205, 0, 309.92, 100, 1410, 1215
2026/02/23 16:17:22.205, 1, 54.97, 0, 210, 1215
2026/02/23 16:17:22.206, 2, 57.28, 0, 210, 1215
2026/02/23 16:17:22.206, 3, 55.41, 0, 210, 1215
2026/02/23 16:17:22.256, 0, 310.20, 100, 1410, 1215
2026/02/23 16:17:22.256, 1, 54.97, 0, 210, 1215
2026/02/23 16:17:22.256, 2, 57.28, 0, 210, 1215
2026/02/23 16:17:22.256, 3, 55.41, 0, 210, 1215
2026/02/23 16:17:22.306, 0, 310.20, 100, 1410, 1215
2026/02/23 16:17:22.306, 1, 54.70, 0, 210, 1215
2026/02/23 16:17:22.306, 2, 57.28, 0, 210, 1215
2026/02/23 16:17:22.307, 3, 55.41, 0, 210, 1215
2026/02/23 16:17:22.357, 0, 310.20, 100, 1410, 1215
2026/02/23 16:17:22.357, 1, 54.97, 0, 210, 1215
2026/02/23 16:17:22.357, 2, 57.28, 0, 210, 1215
2026/02/23 16:17:22.357, 3, 55.41, 0, 210, 1215
2026/02/23 16:17:22.407, 0, 310.20, 100, 1410, 1215
2026/02/23 16:17:22.407, 1, 54.97, 0, 210, 1215
2026/02/23 16:17:22.407, 2, 57.28, 0, 210, 1215
2026/02/23 16:17:22.407, 3, 55.35, 0, 210, 1215
2026/02/23 16:17:22.458, 0, 310.20, 100, 1410, 1215
2026/02/23 16:17:22.458, 1, 54.70, 0, 210, 1215
2026/02/23 16:17:22.458, 2, 57.28, 0, 210, 1215
2026/02/23 16:17:22.458, 3, 55.35, 0, 210, 1215
2026/02/23 16:17:22.508, 0, 310.20, 100, 1410, 1215
2026/02/23 16:17:22.508, 1, 54.70, 0, 210, 1215
2026/02/23 16:17:22.508, 2, 57.01, 0, 210, 1215
2026/02/23 16:17:22.508, 3, 55.41, 0, 210, 1215
2026/02/23 16:17:22.559, 0, 310.20, 100, 1410, 1215
2026/02/23 16:17:22.560, 1, 54.70, 0, 210, 1215
2026/02/23 16:17:22.560, 2, 57.01, 0, 210, 1215
2026/02/23 16:17:22.560, 3, 55.41, 0, 210, 1215
2026/02/23 16:17:22.610, 0, 310.20, 100, 1410, 1215
2026/02/23 16:17:22.610, 1, 54.70, 0, 210, 1215
2026/02/23 16:17:22.610, 2, 57.28, 0, 210, 1215
2026/02/23 16:17:22.610, 3, 55.41, 0, 210, 1215
2026/02/23 16:17:22.660, 0, 309.92, 100, 1410, 1215
2026/02/23 16:17:22.660, 1, 54.70, 0, 210, 1215
2026/02/23 16:17:22.661, 2, 57.28, 0, 210, 1215
2026/02/23 16:17:22.661, 3, 55.41, 0, 210, 1215
2026/02/23 16:17:22.711, 0, 309.92, 100, 1410, 1215
2026/02/23 16:17:22.711, 1, 54.70, 0, 210, 1215
2026/02/23 16:17:22.711, 2, 57.01, 0, 210, 1215
2026/02/23 16:17:22.711, 3, 55.41, 0, 210, 1215
2026/02/23 16:17:22.761, 0, 310.20, 100, 1410, 1215
2026/02/23 16:17:22.761, 1, 54.75, 0, 210, 1215
2026/02/23 16:17:22.761, 2, 57.01, 0, 210, 1215
2026/02/23 16:17:22.762, 3, 55.41, 0, 210, 1215
2026/02/23 16:17:22.812, 0, 310.20, 100, 1410, 1215
2026/02/23 16:17:22.812, 1, 54.75, 0, 210, 1215
2026/02/23 16:17:22.812, 2, 57.28, 0, 210, 1215
2026/02/23 16:17:22.812, 3, 55.41, 0, 210, 1215
2026/02/23 16:17:22.862, 0, 309.92, 100, 1410, 1215
2026/02/23 16:17:22.862, 1, 54.70, 0, 210, 1215
2026/02/23 16:17:22.862, 2, 57.28, 0, 210, 1215
2026/02/23 16:17:22.862, 3, 55.41, 0, 210, 1215
2026/02/23 16:17:22.913, 0, 309.92, 100, 1410, 1215
2026/02/23 16:17:22.913, 1, 54.70, 0, 210, 1215
2026/02/23 16:17:22.913, 2, 57.01, 0, 210, 1215
2026/02/23 16:17:22.913, 3, 55.41, 0, 210, 1215
2026/02/23 16:17:22.963, 0, 309.92, 100, 1410, 1215
2026/02/23 16:17:22.963, 1, 54.70, 0, 210, 1215
2026/02/23 16:17:22.963, 2, 57.01, 0, 210, 1215
2026/02/23 16:17:22.963, 3, 55.41, 0, 210, 1215
2026/02/23 16:17:23.014, 0, 309.92, 100, 1410, 1215
2026/02/23 16:17:23.014, 1, 54.70, 0, 210, 1215
2026/02/23 16:17:23.014, 2, 57.28, 0, 210, 1215
2026/02/23 16:17:23.014, 3, 55.41, 0, 210, 1215
2026/02/23 16:17:23.064, 0, 309.92, 100, 1410, 1215
2026/02/23 16:17:23.064, 1, 54.75, 0, 210, 1215
2026/02/23 16:17:23.064, 2, 57.28, 0, 210, 1215
2026/02/23 16:17:23.064, 3, 55.41, 0, 210, 1215
2026/02/23 16:17:23.114, 0, 309.92, 100, 1410, 1215
2026/02/23 16:17:23.114, 1, 54.75, 0, 210, 1215
2026/02/23 16:17:23.115, 2, 57.06, 0, 210, 1215
2026/02/23 16:17:23.115, 3, 55.41, 0, 210, 1215
2026/02/23 16:17:23.165, 0, 309.92, 100, 1410, 1215
2026/02/23 16:17:23.165, 1, 54.75, 0, 210, 1215
2026/02/23 16:17:23.165, 2, 57.06, 0, 210, 1215
2026/02/23 16:17:23.165, 3, 55.41, 0, 210, 1215
2026/02/23 16:17:23.215, 0, 309.92, 100, 1410, 1215
2026/02/23 16:17:23.215, 1, 54.75, 0, 210, 1215
2026/02/23 16:17:23.215, 2, 57.28, 0, 210, 1215
2026/02/23 16:17:23.216, 3, 55.41, 0, 210, 1215
2026/02/23 16:17:23.266, 0, 309.92, 100, 1410, 1215
2026/02/23 16:17:23.266, 1, 54.75, 0, 210, 1215
2026/02/23 16:17:23.266, 2, 57.28, 0, 210, 1215
2026/02/23 16:17:23.266, 3, 55.41, 0, 210, 1215
2026/02/23 16:17:23.316, 0, 309.92, 100, 1410, 1215
2026/02/23 16:17:23.316, 1, 54.75, 0, 210, 1215
2026/02/23 16:17:23.316, 2, 57.28, 0, 210, 1215
2026/02/23 16:17:23.316, 3, 55.41, 0, 210, 1215
2026/02/23 16:17:23.367, 0, 309.60, 100, 1410, 1215
2026/02/23 16:17:23.367, 1, 54.75, 0, 210, 1215
2026/02/23 16:17:23.367, 2, 57.01, 0, 210, 1215
2026/02/23 16:17:23.367, 3, 55.41, 0, 210, 1215
2026/02/23 16:17:23.417, 0, 309.60, 100, 1410, 1215
2026/02/23 16:17:23.417, 1, 54.75, 0, 210, 1215
2026/02/23 16:17:23.417, 2, 57.01, 0, 210, 1215
2026/02/23 16:17:23.417, 3, 55.41, 0, 210, 1215
2026/02/23 16:17:23.468, 0, 309.60, 100, 1410, 1215
2026/02/23 16:17:23.468, 1, 54.70, 0, 210, 1215
2026/02/23 16:17:23.468, 2, 57.28, 0, 210, 1215
2026/02/23 16:17:23.468, 3, 55.41, 0, 210, 1215
2026/02/23 16:17:23.518, 0, 309.60, 100, 1410, 1215
2026/02/23 16:17:23.518, 1, 54.70, 0, 210, 1215
2026/02/23 16:17:23.518, 2, 57.28, 0, 210, 1215
2026/02/23 16:17:23.518, 3, 55.41, 0, 210, 1215
2026/02/23 16:17:23.568, 0, 309.60, 100, 1410, 1215
2026/02/23 16:17:23.569, 1, 54.75, 0, 210, 1215
2026/02/23 16:17:23.569, 2, 57.34, 0, 210, 1215
2026/02/23 16:17:23.569, 3, 55.41, 0, 210, 1215
2026/02/23 16:17:23.619, 0, 309.60, 100, 1410, 1215
2026/02/23 16:17:23.619, 1, 54.75, 0, 210, 1215
2026/02/23 16:17:23.619, 2, 57.34, 0, 210, 1215
2026/02/23 16:17:23.619, 3, 55.41, 0, 210, 1215
2026/02/23 16:17:23.669, 0, 309.92, 100, 1410, 1215
2026/02/23 16:17:23.669, 1, 54.75, 0, 210, 1215
2026/02/23 16:17:23.670, 2, 57.06, 0, 210, 1215
2026/02/23 16:17:23.670, 3, 55.41, 0, 210, 1215
2026/02/23 16:17:23.720, 0, 309.92, 100, 1410, 1215
2026/02/23 16:17:23.720, 1, 54.75, 0, 210, 1215
2026/02/23 16:17:23.720, 2, 57.06, 0, 210, 1215
2026/02/23 16:17:23.720, 3, 55.41, 0, 210, 1215
2026/02/23 16:17:23.770, 0, 309.33, 100, 1410, 1215
2026/02/23 16:17:23.770, 1, 54.70, 0, 210, 1215
2026/02/23 16:17:23.770, 2, 57.06, 0, 210, 1215
2026/02/23 16:17:23.771, 3, 55.41, 0, 210, 1215
2026/02/23 16:17:23.821, 0, 309.33, 100, 1410, 1215
2026/02/23 16:17:23.821, 1, 54.70, 0, 210, 1215
2026/02/23 16:17:23.821, 2, 57.06, 0, 210, 1215
2026/02/23 16:17:23.821, 3, 55.41, 0, 210, 1215
2026/02/23 16:17:23.871, 0, 309.60, 100, 1410, 1215
2026/02/23 16:17:23.871, 1, 54.75, 0, 210, 1215
2026/02/23 16:17:23.871, 2, 57.01, 0, 210, 1215
2026/02/23 16:17:23.871, 3, 55.41, 0, 210, 1215
2026/02/23 16:17:23.922, 0, 309.60, 100, 1410, 1215
2026/02/23 16:17:23.922, 1, 54.75, 0, 210, 1215
2026/02/23 16:17:23.922, 2, 57.01, 0, 210, 1215
2026/02/23 16:17:23.922, 3, 55.41, 0, 210, 1215
2026/02/23 16:17:23.972, 0, 309.33, 100, 1410, 1215
2026/02/23 16:17:23.972, 1, 54.75, 0, 210, 1215
2026/02/23 16:17:23.972, 2, 57.06, 0, 210, 1215
2026/02/23 16:17:23.972, 3, 55.41, 0, 210, 1215
2026/02/23 16:17:24.023, 0, 309.33, 100, 1410, 1215
2026/02/23 16:17:24.023, 1, 54.75, 0, 210, 1215
2026/02/23 16:17:24.023, 2, 57.06, 0, 210, 1215
2026/02/23 16:17:24.023, 3, 55.41, 0, 210, 1215
2026/02/23 16:17:24.073, 0, 309.60, 100, 1410, 1215
2026/02/23 16:17:24.073, 1, 54.97, 0, 210, 1215
2026/02/23 16:17:24.073, 2, 57.01, 0, 210, 1215
2026/02/23 16:17:24.073, 3, 55.41, 0, 210, 1215
2026/02/23 16:17:24.123, 0, 309.60, 100, 1410, 1215
2026/02/23 16:17:24.124, 1, 54.97, 0, 210, 1215
2026/02/23 16:17:24.124, 2, 57.01, 0, 210, 1215
2026/02/23 16:17:24.124, 3, 55.41, 0, 210, 1215
2026/02/23 16:17:24.174, 0, 309.33, 100, 1410, 1215
2026/02/23 16:17:24.174, 1, 55.03, 0, 210, 1215
2026/02/23 16:17:24.174, 2, 57.01, 0, 210, 1215
2026/02/23 16:17:24.174, 3, 55.41, 0, 210, 1215
2026/02/23 16:17:24.224, 0, 309.33, 100, 1410, 1215
2026/02/23 16:17:24.224, 1, 55.03, 0, 210, 1215
2026/02/23 16:17:24.225, 2, 57.01, 0, 210, 1215
2026/02/23 16:17:24.225, 3, 55.41, 0, 210, 1215
2026/02/23 16:17:24.275, 0, 309.33, 100, 1410, 1215
2026/02/23 16:17:24.275, 1, 54.97, 0, 210, 1215
2026/02/23 16:17:24.275, 2, 57.01, 0, 210, 1215
2026/02/23 16:17:24.275, 3, 55.41, 0, 210, 1215
2026/02/23 16:17:24.325, 0, 309.33, 100, 1410, 1215
2026/02/23 16:17:24.325, 1, 54.97, 0, 210, 1215
2026/02/23 16:17:24.325, 2, 57.01, 0, 210, 1215
2026/02/23 16:17:24.326, 3, 55.41, 0, 210, 1215
2026/02/23 16:17:24.376, 0, 309.33, 100, 1410, 1215
2026/02/23 16:17:24.376, 1, 54.97, 0, 210, 1215
2026/02/23 16:17:24.376, 2, 57.28, 0, 210, 1215
2026/02/23 16:17:24.376, 3, 55.41, 0, 210, 1215
2026/02/23 16:17:24.426, 0, 309.33, 100, 1410, 1215
2026/02/23 16:17:24.426, 1, 54.97, 0, 210, 1215
2026/02/23 16:17:24.426, 2, 57.28, 0, 210, 1215
2026/02/23 16:17:24.426, 3, 55.41, 0, 210, 1215
2026/02/23 16:17:24.477, 0, 309.33, 100, 1410, 1215
2026/02/23 16:17:24.477, 1, 55.03, 0, 210, 1215
2026/02/23 16:17:24.477, 2, 57.34, 0, 210, 1215
2026/02/23 16:17:24.477, 3, 55.41, 0, 210, 1215
2026/02/23 16:17:24.527, 0, 309.33, 100, 1410, 1215
2026/02/23 16:17:24.527, 1, 55.03, 0, 210, 1215
2026/02/23 16:17:24.527, 2, 57.34, 0, 210, 1215
2026/02/23 16:17:24.527, 3, 55.41, 0, 210, 1215
2026/02/23 16:17:24.577, 0, 308.72, 100, 1410, 1215
2026/02/23 16:17:24.578, 1, 55.03, 0, 210, 1215
2026/02/23 16:17:24.578, 2, 57.01, 0, 210, 1215
2026/02/23 16:17:24.578, 3, 55.41, 0, 210, 1215
2026/02/23 16:17:24.628, 0, 308.72, 100, 1410, 1215
2026/02/23 16:17:24.628, 1, 55.03, 0, 210, 1215
2026/02/23 16:17:24.628, 2, 57.01, 0, 210, 1215
2026/02/23 16:17:24.628, 3, 55.41, 0, 210, 1215
2026/02/23 16:17:24.678, 0, 308.72, 100, 1410, 1215
2026/02/23 16:17:24.679, 1, 55.03, 0, 210, 1215
2026/02/23 16:17:24.679, 2, 57.06, 0, 210, 1215
2026/02/23 16:17:24.679, 3, 55.41, 0, 210, 1215
2026/02/23 16:17:24.729, 0, 308.72, 100, 1410, 1215
2026/02/23 16:17:24.729, 1, 55.03, 0, 210, 1215
2026/02/23 16:17:24.729, 2, 57.06, 0, 210, 1215
2026/02/23 16:17:24.729, 3, 55.41, 0, 210, 1215
2026/02/23 16:17:24.779, 0, 308.72, 100, 1410, 1215
2026/02/23 16:17:24.779, 1, 55.03, 0, 210, 1215
2026/02/23 16:17:24.780, 2, 57.28, 0, 210, 1215
2026/02/23 16:17:24.780, 3, 55.41, 0, 210, 1215
2026/02/23 16:17:24.830, 0, 308.72, 100, 1410, 1215
2026/02/23 16:17:24.830, 1, 55.03, 0, 210, 1215
2026/02/23 16:17:24.830, 2, 57.28, 0, 210, 1215
2026/02/23 16:17:24.830, 3, 55.41, 0, 210, 1215
2026/02/23 16:17:24.880, 0, 308.72, 100, 1410, 1215
2026/02/23 16:17:24.880, 1, 54.70, 0, 210, 1215
2026/02/23 16:17:24.880, 2, 57.01, 0, 210, 1215
2026/02/23 16:17:24.881, 3, 55.41, 0, 210, 1215
2026/02/23 16:17:24.931, 0, 308.99, 100, 1410, 1215
2026/02/23 16:17:24.931, 1, 54.70, 0, 210, 1215
2026/02/23 16:17:24.931, 2, 57.01, 0, 210, 1215
2026/02/23 16:17:24.931, 3, 55.41, 0, 210, 1215
2026/02/23 16:17:24.981, 0, 308.99, 100, 1410, 1215
2026/02/23 16:17:24.981, 1, 55.03, 0, 210, 1215
2026/02/23 16:17:24.981, 2, 57.06, 0, 210, 1215
2026/02/23 16:17:24.981, 3, 55.41, 0, 210, 1215
2026/02/23 16:17:25.032, 0, 308.99, 100, 1410, 1215
2026/02/23 16:17:25.032, 1, 55.03, 0, 210, 1215
2026/02/23 16:17:25.032, 2, 57.06, 0, 210, 1215
2026/02/23 16:17:25.032, 3, 55.41, 0, 210, 1215
2026/02/23 16:17:25.082, 0, 308.99, 100, 1410, 1215
2026/02/23 16:17:25.082, 1, 54.75, 0, 210, 1215
2026/02/23 16:17:25.082, 2, 57.01, 0, 210, 1215
2026/02/23 16:17:25.082, 3, 55.41, 0, 210, 1215
2026/02/23 16:17:25.133, 0, 308.99, 100, 1410, 1215
2026/02/23 16:17:25.133, 1, 54.75, 0, 210, 1215
2026/02/23 16:17:25.133, 2, 57.01, 0, 210, 1215
2026/02/23 16:17:25.133, 3, 55.41, 0, 210, 1215
2026/02/23 16:17:25.183, 0, 308.99, 100, 1410, 1215
2026/02/23 16:17:25.183, 1, 55.03, 0, 210, 1215
2026/02/23 16:17:25.183, 2, 57.28, 0, 210, 1215
2026/02/23 16:17:25.183, 3, 55.41, 0, 210, 1215
2026/02/23 16:17:25.233, 0, 308.99, 100, 1410, 1215
2026/02/23 16:17:25.234, 1, 55.03, 0, 210, 1215
2026/02/23 16:17:25.234, 2, 57.28, 0, 210, 1215
2026/02/23 16:17:25.234, 3, 55.41, 0, 210, 1215
2026/02/23 16:17:25.284, 0, 308.99, 100, 1410, 1215
2026/02/23 16:17:25.284, 1, 54.75, 0, 210, 1215
2026/02/23 16:17:25.284, 2, 57.01, 0, 210, 1215
2026/02/23 16:17:25.284, 3, 55.41, 0, 210, 1215
2026/02/23 16:17:25.334, 0, 308.99, 100, 1410, 1215
2026/02/23 16:17:25.334, 1, 54.75, 0, 210, 1215
2026/02/23 16:17:25.334, 2, 57.01, 0, 210, 1215
2026/02/23 16:17:25.335, 3, 55.41, 0, 210, 1215
2026/02/23 16:17:25.385, 0, 308.99, 100, 1410, 1215
2026/02/23 16:17:25.385, 1, 54.97, 0, 210, 1215
2026/02/23 16:17:25.385, 2, 57.01, 0, 210, 1215
2026/02/23 16:17:25.385, 3, 55.41, 0, 210, 1215
2026/02/23 16:17:25.435, 0, 309.33, 100, 1410, 1215
2026/02/23 16:17:25.435, 1, 54.97, 0, 210, 1215
2026/02/23 16:17:25.435, 2, 57.01, 0, 210, 1215
2026/02/23 16:17:25.435, 3, 55.41, 0, 210, 1215
2026/02/23 16:17:25.486, 0, 309.33, 100, 1410, 1215
2026/02/23 16:17:25.486, 1, 54.70, 0, 210, 1215
2026/02/23 16:17:25.486, 2, 57.28, 0, 210, 1215
2026/02/23 16:17:25.486, 3, 55.41, 0, 210, 1215
2026/02/23 16:17:25.536, 0, 309.28, 100, 1410, 1215
2026/02/23 16:17:25.536, 1, 54.70, 0, 210, 1215
2026/02/23 16:17:25.536, 2, 57.28, 0, 210, 1215
2026/02/23 16:17:25.536, 3, 55.41, 0, 210, 1215
2026/02/23 16:17:25.587, 0, 309.28, 100, 1410, 1215
2026/02/23 16:17:25.587, 1, 54.97, 0, 210, 1215
2026/02/23 16:17:25.587, 2, 57.28, 0, 210, 1215
2026/02/23 16:17:25.587, 3, 55.41, 0, 210, 1215
2026/02/23 16:17:25.637, 0, 309.33, 100, 1410, 1215
2026/02/23 16:17:25.637, 1, 54.97, 0, 210, 1215
2026/02/23 16:17:25.637, 2, 57.28, 0, 210, 1215
2026/02/23 16:17:25.637, 3, 55.41, 0, 210, 1215
2026/02/23 16:17:25.687, 0, 309.33, 100, 1410, 1215
2026/02/23 16:17:25.688, 1, 54.75, 0, 210, 1215
2026/02/23 16:17:25.688, 2, 57.06, 0, 210, 1215
2026/02/23 16:17:25.688, 3, 55.41, 0, 210, 1215
2026/02/23 16:17:25.738, 0, 310.20, 100, 1410, 1215
2026/02/23 16:17:25.738, 1, 54.75, 0, 210, 1215
2026/02/23 16:17:25.738, 2, 57.06, 0, 210, 1215
2026/02/23 16:17:25.738, 3, 55.41, 0, 210, 1215
2026/02/23 16:17:25.788, 0, 310.20, 100, 1410, 1215
2026/02/23 16:17:25.788, 1, 54.97, 0, 210, 1215
2026/02/23 16:17:25.789, 2, 57.01, 0, 210, 1215
2026/02/23 16:17:25.789, 3, 55.41, 0, 210, 1215
2026/02/23 16:17:25.839, 0, 310.15, 100, 1410, 1215
2026/02/23 16:17:25.839, 1, 54.97, 0, 210, 1215
2026/02/23 16:17:25.839, 2, 57.01, 0, 210, 1215
2026/02/23 16:17:25.839, 3, 55.41, 0, 210, 1215
2026/02/23 16:17:25.889, 0, 310.15, 100, 1410, 1215
2026/02/23 16:17:25.889, 1, 54.70, 0, 210, 1215
2026/02/23 16:17:25.889, 2, 57.28, 0, 210, 1215
2026/02/23 16:17:25.890, 3, 55.41, 0, 210, 1215
2026/02/23 16:17:25.940, 0, 310.20, 100, 1410, 1215
2026/02/23 16:17:25.940, 1, 54.70, 0, 210, 1215
2026/02/23 16:17:25.940, 2, 57.28, 0, 210, 1215
2026/02/23 16:17:25.940, 3, 55.41, 0, 210, 1215
2026/02/23 16:17:25.990, 0, 310.20, 100, 1410, 1215
2026/02/23 16:17:25.990, 1, 54.97, 0, 210, 1215
2026/02/23 16:17:25.990, 2, 57.28, 0, 210, 1215
2026/02/23 16:17:25.990, 3, 55.41, 0, 210, 1215
2026/02/23 16:17:26.041, 0, 310.20, 100, 1410, 1215
2026/02/23 16:17:26.041, 1, 54.97, 0, 210, 1215
2026/02/23 16:17:26.041, 2, 57.28, 0, 210, 1215
2026/02/23 16:17:26.041, 3, 55.41, 0, 210, 1215
2026/02/23 16:17:26.091, 0, 310.20, 100, 1410, 1215
2026/02/23 16:17:26.091, 1, 54.70, 0, 210, 1215
2026/02/23 16:17:26.091, 2, 57.01, 0, 210, 1215
2026/02/23 16:17:26.091, 3, 55.41, 0, 210, 1215
2026/02/23 16:17:26.142, 0, 310.20, 100, 1410, 1215
2026/02/23 16:17:26.142, 1, 54.70, 0, 210, 1215
2026/02/23 16:17:26.142, 2, 57.01, 0, 210, 1215
2026/02/23 16:17:26.142, 3, 55.41, 0, 210, 1215
2026/02/23 16:17:26.192, 0, 310.20, 100, 1410, 1215
2026/02/23 16:17:26.192, 1, 54.75, 0, 210, 1215
2026/02/23 16:17:26.192, 2, 57.28, 0, 210, 1215
2026/02/23 16:17:26.192, 3, 55.41, 0, 210, 1215
2026/02/23 16:17:26.242, 0, 310.20, 100, 1410, 1215
2026/02/23 16:17:26.243, 1, 54.75, 0, 210, 1215
2026/02/23 16:17:26.243, 2, 57.28, 0, 210, 1215
2026/02/23 16:17:26.243, 3, 55.41, 0, 210, 1215
2026/02/23 16:17:26.293, 0, 310.20, 100, 1410, 1215
2026/02/23 16:17:26.293, 1, 54.70, 0, 210, 1215
2026/02/23 16:17:26.293, 2, 57.01, 0, 210, 1215
2026/02/23 16:17:26.293, 3, 55.41, 0, 210, 1215
2026/02/23 16:17:26.343, 0, 309.92, 100, 1410, 1215
2026/02/23 16:17:26.343, 1, 54.70, 0, 210, 1215
2026/02/23 16:17:26.344, 2, 57.01, 0, 210, 1215
2026/02/23 16:17:26.344, 3, 55.41, 0, 210, 1215
2026/02/23 16:17:26.394, 0, 309.92, 100, 1410, 1215
2026/02/23 16:17:26.394, 1, 54.75, 0, 210, 1215
2026/02/23 16:17:26.394, 2, 57.28, 0, 210, 1215
2026/02/23 16:17:26.394, 3, 55.41, 0, 210, 1215
2026/02/23 16:17:26.444, 0, 309.60, 100, 1410, 1215
2026/02/23 16:17:26.444, 1, 54.75, 0, 210, 1215
2026/02/23 16:17:26.444, 2, 57.28, 0, 210, 1215
2026/02/23 16:17:26.444, 3, 55.41, 0, 210, 1215
2026/02/23 16:17:26.495, 0, 309.60, 100, 1410, 1215
2026/02/23 16:17:26.495, 1, 54.75, 0, 210, 1215
2026/02/23 16:17:26.495, 2, 57.28, 0, 210, 1215
2026/02/23 16:17:26.495, 3, 55.41, 0, 210, 1215
2026/02/23 16:17:26.545, 0, 309.61, 100, 1410, 1215
2026/02/23 16:17:26.545, 1, 54.75, 0, 210, 1215
2026/02/23 16:17:26.545, 2, 57.28, 0, 210, 1215
2026/02/23 16:17:26.545, 3, 55.41, 0, 210, 1215
2026/02/23 16:17:26.596, 0, 309.61, 100, 1410, 1215
2026/02/23 16:17:26.596, 1, 54.97, 0, 210, 1215
2026/02/23 16:17:26.596, 2, 57.28, 0, 210, 1215
2026/02/23 16:17:26.596, 3, 55.41, 0, 210, 1215
2026/02/23 16:17:26.646, 0, 309.92, 100, 1410, 1215
2026/02/23 16:17:26.646, 1, 54.97, 0, 210, 1215
2026/02/23 16:17:26.646, 2, 57.28, 0, 210, 1215
2026/02/23 16:17:26.646, 3, 55.41, 0, 210, 1215
2026/02/23 16:17:26.696, 0, 309.92, 100, 1410, 1215
2026/02/23 16:17:26.697, 1, 54.75, 0, 210, 1215
2026/02/23 16:17:26.697, 2, 57.06, 0, 210, 1215
2026/02/23 16:17:26.697, 3, 55.41, 0, 210, 1215
2026/02/23 16:17:26.747, 0, 309.92, 100, 1410, 1215
2026/02/23 16:17:26.747, 1, 54.75, 0, 210, 1215
2026/02/23 16:17:26.747, 2, 57.06, 0, 210, 1215
2026/02/23 16:17:26.747, 3, 55.41, 0, 210, 1215
2026/02/23 16:17:26.797, 0, 309.92, 100, 1410, 1215
2026/02/23 16:17:26.797, 1, 54.75, 0, 210, 1215
2026/02/23 16:17:26.798, 2, 57.06, 0, 210, 1215
2026/02/23 16:17:26.798, 3, 55.41, 0, 210, 1215
2026/02/23 16:17:26.848, 0, 309.60, 100, 1410, 1215
2026/02/23 16:17:26.848, 1, 54.75, 0, 210, 1215
2026/02/23 16:17:26.848, 2, 57.06, 0, 210, 1215
2026/02/23 16:17:26.848, 3, 55.41, 0, 210, 1215
2026/02/23 16:17:26.898, 0, 309.60, 100, 1410, 1215
2026/02/23 16:17:26.898, 1, 54.97, 0, 210, 1215
2026/02/23 16:17:26.898, 2, 57.28, 0, 210, 1215
2026/02/23 16:17:26.898, 3, 55.41, 0, 210, 1215
2026/02/23 16:17:26.949, 0, 309.92, 100, 1410, 1215
2026/02/23 16:17:26.949, 1, 54.97, 0, 210, 1215
2026/02/23 16:17:26.949, 2, 57.28, 0, 210, 1215
2026/02/23 16:17:26.949, 3, 55.41, 0, 210, 1215
2026/02/23 16:17:26.999, 0, 309.92, 100, 1410, 1215
2026/02/23 16:17:26.999, 1, 54.70, 0, 210, 1215
2026/02/23 16:17:26.999, 2, 57.28, 0, 210, 1215
2026/02/23 16:17:26.999, 3, 55.41, 0, 210, 1215
2026/02/23 16:17:27.049, 0, 309.33, 100, 1410, 1215
2026/02/23 16:17:27.050, 1, 54.70, 0, 210, 1215
2026/02/23 16:17:27.050, 2, 57.28, 0, 210, 1215
2026/02/23 16:17:27.050, 3, 55.41, 0, 210, 1215
2026/02/23 16:17:27.100, 0, 309.33, 100, 1410, 1215
2026/02/23 16:17:27.100, 1, 54.70, 0, 210, 1215
2026/02/23 16:17:27.100, 2, 57.06, 0, 210, 1215
2026/02/23 16:17:27.100, 3, 55.41, 0, 210, 1215
2026/02/23 16:17:27.150, 0, 309.33, 100, 1410, 1215
2026/02/23 16:17:27.150, 1, 54.70, 0, 210, 1215
2026/02/23 16:17:27.151, 2, 57.06, 0, 210, 1215
2026/02/23 16:17:27.151, 3, 55.41, 0, 210, 1215
2026/02/23 16:17:27.201, 0, 309.33, 100, 1410, 1215
2026/02/23 16:17:27.201, 1, 54.75, 0, 210, 1215
2026/02/23 16:17:27.201, 2, 57.01, 0, 210, 1215
2026/02/23 16:17:27.201, 3, 55.41, 0, 210, 1215
2026/02/23 16:17:27.251, 0, 309.60, 100, 1410, 1215
2026/02/23 16:17:27.251, 1, 54.75, 0, 210, 1215
2026/02/23 16:17:27.251, 2, 57.01, 0, 210, 1215
2026/02/23 16:17:27.252, 3, 55.41, 0, 210, 1215
2026/02/23 16:17:27.302, 0, 309.60, 100, 1410, 1215
2026/02/23 16:17:27.302, 1, 54.75, 0, 210, 1215
2026/02/23 16:17:27.302, 2, 57.06, 0, 210, 1215
2026/02/23 16:17:27.302, 3, 55.41, 0, 210, 1215
2026/02/23 16:17:27.352, 0, 309.33, 100, 1410, 1215
2026/02/23 16:17:27.352, 1, 54.75, 0, 210, 1215
2026/02/23 16:17:27.352, 2, 57.06, 0, 210, 1215
2026/02/23 16:17:27.352, 3, 55.41, 0, 210, 1215
2026/02/23 16:17:27.403, 0, 309.33, 100, 1410, 1215
2026/02/23 16:17:27.403, 1, 54.75, 0, 210, 1215
2026/02/23 16:17:27.403, 2, 57.01, 0, 210, 1215
2026/02/23 16:17:27.403, 3, 55.41, 0, 210, 1215
2026/02/23 16:17:27.453, 0, 309.60, 100, 1410, 1215
2026/02/23 16:17:27.453, 1, 54.75, 0, 210, 1215
2026/02/23 16:17:27.453, 2, 57.01, 0, 210, 1215
2026/02/23 16:17:27.453, 3, 55.41, 0, 210, 1215
2026/02/23 16:17:27.504, 0, 309.60, 100, 1410, 1215
2026/02/23 16:17:27.504, 1, 54.70, 0, 210, 1215
2026/02/23 16:17:27.504, 2, 57.28, 0, 210, 1215
2026/02/23 16:17:27.504, 3, 55.41, 0, 210, 1215
2026/02/23 16:17:27.554, 0, 309.33, 100, 1410, 1215
2026/02/23 16:17:27.554, 1, 54.70, 0, 210, 1215
2026/02/23 16:17:27.554, 2, 57.28, 0, 210, 1215
2026/02/23 16:17:27.554, 3, 55.41, 0, 210, 1215
2026/02/23 16:17:27.604, 0, 309.33, 100, 1410, 1215
2026/02/23 16:17:27.605, 1, 55.03, 0, 210, 1215
2026/02/23 16:17:27.605, 2, 57.01, 0, 210, 1215
2026/02/23 16:17:27.605, 3, 55.41, 0, 210, 1215
2026/02/23 16:17:27.655, 0, 309.33, 100, 1410, 1215
2026/02/23 16:17:27.655, 1, 55.03, 0, 210, 1215
2026/02/23 16:17:27.655, 2, 57.01, 0, 210, 1215
2026/02/23 16:17:27.655, 3, 55.41, 0, 210, 1215
2026/02/23 16:17:27.705, 0, 309.33, 100, 1410, 1215
2026/02/23 16:17:27.705, 1, 54.75, 0, 210, 1215
2026/02/23 16:17:27.705, 2, 57.01, 0, 210, 1215
2026/02/23 16:17:27.706, 3, 55.41, 0, 210, 1215
2026/02/23 16:17:27.756, 0, 309.33, 100, 1410, 1215
2026/02/23 16:17:27.756, 1, 54.75, 0, 210, 1215
2026/02/23 16:17:27.756, 2, 57.01, 0, 210, 1215
2026/02/23 16:17:27.756, 3, 55.41, 0, 210, 1215
2026/02/23 16:17:27.806, 0, 309.33, 100, 1410, 1215
2026/02/23 16:17:27.806, 1, 54.75, 0, 210, 1215
2026/02/23 16:17:27.806, 2, 57.01, 0, 210, 1215
2026/02/23 16:17:27.806, 3, 55.41, 0, 210, 1215
2026/02/23 16:17:27.857, 0, 308.99, 100, 1410, 1215
2026/02/23 16:17:27.857, 1, 54.70, 0, 210, 1215
2026/02/23 16:17:27.857, 2, 57.01, 0, 210, 1215
2026/02/23 16:17:27.857, 3, 55.41, 0, 210, 1215
2026/02/23 16:17:27.907, 0, 308.99, 100, 1410, 1215
2026/02/23 16:17:27.907, 1, 54.70, 0, 210, 1215
2026/02/23 16:17:27.907, 2, 57.01, 0, 210, 1215
2026/02/23 16:17:27.907, 3, 55.41, 0, 210, 1215
2026/02/23 16:17:27.958, 0, 309.33, 100, 1410, 1215
2026/02/23 16:17:27.958, 1, 54.70, 0, 210, 1215
2026/02/23 16:17:27.958, 2, 57.01, 0, 210, 1215
2026/02/23 16:17:27.958, 3, 55.41, 0, 210, 1215
2026/02/23 16:17:28.008, 0, 309.33, 100, 1410, 1215
2026/02/23 16:17:28.008, 1, 54.70, 0, 210, 1215
2026/02/23 16:17:28.008, 2, 57.01, 0, 210, 1215
2026/02/23 16:17:28.008, 3, 55.41, 0, 210, 1215
2026/02/23 16:17:28.058, 0, 308.99, 100, 1410, 1215
2026/02/23 16:17:28.059, 1, 54.97, 0, 210, 1215
2026/02/23 16:17:28.059, 2, 57.01, 0, 210, 1215
2026/02/23 16:17:28.059, 3, 55.41, 0, 210, 1215
2026/02/23 16:17:28.109, 0, 308.99, 100, 1410, 1215
2026/02/23 16:17:28.109, 1, 54.97, 0, 210, 1215
2026/02/23 16:17:28.109, 2, 57.28, 0, 210, 1215
2026/02/23 16:17:28.109, 3, 55.35, 0, 210, 1215
2026/02/23 16:17:28.159, 0, 308.67, 100, 1410, 1215
2026/02/23 16:17:28.159, 1, 54.70, 0, 210, 1215
2026/02/23 16:17:28.160, 2, 57.28, 0, 210, 1215
2026/02/23 16:17:28.160, 3, 55.35, 0, 210, 1215
2026/02/23 16:17:28.210, 0, 308.67, 100, 1410, 1215
2026/02/23 16:17:28.210, 1, 54.70, 0, 210, 1215
2026/02/23 16:17:28.210, 2, 57.01, 0, 210, 1215
2026/02/23 16:17:28.210, 3, 55.35, 0, 210, 1215
2026/02/23 16:17:28.260, 0, 308.67, 100, 1410, 1215
2026/02/23 16:17:28.260, 1, 54.97, 0, 210, 1215
2026/02/23 16:17:28.260, 2, 57.01, 0, 210, 1215
2026/02/23 16:17:28.261, 3, 55.35, 0, 210, 1215
2026/02/23 16:17:28.311, 0, 308.67, 100, 1410, 1215
2026/02/23 16:17:28.311, 1, 54.97, 0, 210, 1215
2026/02/23 16:17:28.311, 2, 57.28, 0, 210, 1215
2026/02/23 16:17:28.311, 3, 55.41, 0, 210, 1215
2026/02/23 16:17:28.361, 0, 308.99, 100, 1410, 1215
2026/02/23 16:17:28.361, 1, 54.75, 0, 210, 1215
2026/02/23 16:17:28.361, 2, 57.28, 0, 210, 1215
2026/02/23 16:17:28.361, 3, 55.41, 0, 210, 1215
2026/02/23 16:17:28.412, 0, 308.99, 100, 1410, 1215
2026/02/23 16:17:28.412, 1, 54.75, 0, 210, 1215
2026/02/23 16:17:28.412, 2, 57.01, 0, 210, 1215
2026/02/23 16:17:28.412, 3, 55.41, 0, 210, 1215
2026/02/23 16:17:28.462, 0, 309.33, 100, 1410, 1215
2026/02/23 16:17:28.462, 1, 54.70, 0, 210, 1215
2026/02/23 16:17:28.462, 2, 57.01, 0, 210, 1215
2026/02/23 16:17:28.462, 3, 55.41, 0, 210, 1215
2026/02/23 16:17:28.513, 0, 309.33, 100, 1410, 1215
2026/02/23 16:17:28.513, 1, 54.70, 0, 210, 1215
2026/02/23 16:17:28.513, 2, 57.28, 0, 210, 1215
2026/02/23 16:17:28.513, 3, 55.41, 0, 210, 1215
2026/02/23 16:17:28.563, 0, 309.28, 100, 1410, 1215
2026/02/23 16:17:28.563, 1, 54.75, 0, 210, 1215
2026/02/23 16:17:28.563, 2, 57.28, 0, 210, 1215
2026/02/23 16:17:28.563, 3, 55.41, 0, 210, 1215
2026/02/23 16:17:28.613, 0, 309.28, 100, 1410, 1215
2026/02/23 16:17:28.614, 1, 54.75, 0, 210, 1215
2026/02/23 16:17:28.614, 2, 57.01, 0, 210, 1215
2026/02/23 16:17:28.614, 3, 55.41, 0, 210, 1215
2026/02/23 16:17:28.664, 0, 309.33, 100, 1410, 1215
2026/02/23 16:17:28.664, 1, 54.75, 0, 210, 1215
2026/02/23 16:17:28.664, 2, 57.01, 0, 210, 1215
2026/02/23 16:17:28.664, 3, 55.41, 0, 210, 1215
2026/02/23 16:17:28.714, 0, 309.33, 100, 1410, 1215
2026/02/23 16:17:28.714, 1, 54.75, 0, 210, 1215
2026/02/23 16:17:28.714, 2, 57.28, 0, 210, 1215
2026/02/23 16:17:28.715, 3, 55.41, 0, 210, 1215
2026/02/23 16:17:28.765, 0, 309.33, 100, 1410, 1215
2026/02/23 16:17:28.765, 1, 54.75, 0, 210, 1215
2026/02/23 16:17:28.765, 2, 57.28, 0, 210, 1215
2026/02/23 16:17:28.765, 3, 55.41, 0, 210, 1215
2026/02/23 16:17:28.815, 0, 309.33, 100, 1410, 1215
2026/02/23 16:17:28.815, 1, 54.75, 0, 210, 1215
2026/02/23 16:17:28.815, 2, 57.34, 0, 210, 1215
2026/02/23 16:17:28.816, 3, 55.41, 0, 210, 1215
2026/02/23 16:17:28.866, 0, 310.20, 100, 1410, 1215
2026/02/23 16:17:28.866, 1, 54.75, 0, 210, 1215
2026/02/23 16:17:28.866, 2, 57.34, 0, 210, 1215
2026/02/23 16:17:28.866, 3, 55.41, 0, 210, 1215
2026/02/23 16:17:28.916, 0, 310.20, 100, 1410, 1215
2026/02/23 16:17:28.916, 1, 54.75, 0, 210, 1215
2026/02/23 16:17:28.916, 2, 57.34, 0, 210, 1215
2026/02/23 16:17:28.916, 3, 55.41, 0, 210, 1215
2026/02/23 16:17:28.967, 0, 310.47, 100, 1410, 1215
2026/02/23 16:17:28.967, 1, 55.03, 0, 210, 1215
2026/02/23 16:17:28.967, 2, 57.34, 0, 210, 1215
2026/02/23 16:17:28.967, 3, 55.41, 0, 210, 1215
2026/02/23 16:17:29.017, 0, 310.47, 100, 1410, 1215
2026/02/23 16:17:29.017, 1, 55.03, 0, 210, 1215
2026/02/23 16:17:29.017, 2, 57.06, 0, 210, 1215
2026/02/23 16:17:29.017, 3, 55.41, 0, 210, 1215
2026/02/23 16:17:29.067, 0, 310.47, 100, 1410, 1215
2026/02/23 16:17:29.068, 1, 54.70, 0, 210, 1215
2026/02/23 16:17:29.068, 2, 57.34, 0, 210, 1215
2026/02/23 16:17:29.068, 3, 55.41, 0, 210, 1215
2026/02/23 16:17:29.118, 0, 310.47, 100, 1410, 1215
2026/02/23 16:17:29.118, 1, 54.70, 0, 210, 1215
2026/02/23 16:17:29.118, 2, 57.34, 0, 210, 1215
2026/02/23 16:17:29.118, 3, 55.41, 0, 210, 1215
2026/02/23 16:17:29.168, 0, 310.20, 100, 1410, 1215
2026/02/23 16:17:29.168, 1, 54.75, 0, 210, 1215
2026/02/23 16:17:29.169, 2, 57.34, 0, 210, 1215
2026/02/23 16:17:29.169, 3, 55.41, 0, 210, 1215
2026/02/23 16:17:29.219, 0, 310.20, 100, 1410, 1215
2026/02/23 16:17:29.219, 1, 54.75, 0, 210, 1215
2026/02/23 16:17:29.219, 2, 57.34, 0, 210, 1215
2026/02/23 16:17:29.219, 3, 55.41, 0, 210, 1215
2026/02/23 16:17:29.269, 0, 310.20, 100, 1410, 1215
2026/02/23 16:17:29.269, 1, 55.03, 0, 210, 1215
2026/02/23 16:17:29.269, 2, 57.34, 0, 210, 1215
2026/02/23 16:17:29.270, 3, 55.41, 0, 210, 1215
2026/02/23 16:17:29.320, 0, 310.20, 100, 1410, 1215
2026/02/23 16:17:29.320, 1, 55.03, 0, 210, 1215
2026/02/23 16:17:29.320, 2, 57.34, 0, 210, 1215
2026/02/23 16:17:29.320, 3, 55.41, 0, 210, 1215
2026/02/23 16:17:29.370, 0, 310.20, 100, 1410, 1215
2026/02/23 16:17:29.370, 1, 54.75, 0, 210, 1215
2026/02/23 16:17:29.370, 2, 57.34, 0, 210, 1215
2026/02/23 16:17:29.370, 3, 55.41, 0, 210, 1215
2026/02/23 16:17:29.421, 0, 310.20, 100, 1410, 1215
2026/02/23 16:17:29.421, 1, 54.75, 0, 210, 1215
2026/02/23 16:17:29.421, 2, 57.34, 0, 210, 1215
2026/02/23 16:17:29.421, 3, 55.41, 0, 210, 1215
2026/02/23 16:17:29.471, 0, 310.20, 100, 1410, 1215
2026/02/23 16:17:29.471, 1, 54.75, 0, 210, 1215
2026/02/23 16:17:29.471, 2, 57.28, 0, 210, 1215
2026/02/23 16:17:29.471, 3, 55.41, 0, 210, 1215
2026/02/23 16:17:29.522, 0, 310.20, 100, 1410, 1215
2026/02/23 16:17:29.522, 1, 54.75, 0, 210, 1215
2026/02/23 16:17:29.522, 2, 57.28, 0, 210, 1215
2026/02/23 16:17:29.522, 3, 55.41, 0, 210, 1215
2026/02/23 16:17:29.572, 0, 309.92, 100, 1410, 1215
2026/02/23 16:17:29.572, 1, 54.97, 0, 210, 1215
2026/02/23 16:17:29.572, 2, 57.34, 0, 210, 1215
2026/02/23 16:17:29.572, 3, 55.41, 0, 210, 1215
2026/02/23 16:17:29.622, 0, 309.92, 100, 1410, 1215
2026/02/23 16:17:29.623, 1, 54.97, 0, 210, 1215
2026/02/23 16:17:29.623, 2, 57.34, 0, 210, 1215
2026/02/23 16:17:29.623, 3, 55.41, 0, 210, 1215
2026/02/23 16:17:29.673, 0, 310.20, 100, 1410, 1215
2026/02/23 16:17:29.673, 1, 54.70, 0, 210, 1215
2026/02/23 16:17:29.673, 2, 57.28, 0, 210, 1215
2026/02/23 16:17:29.673, 3, 55.41, 0, 210, 1215
2026/02/23 16:17:29.723, 0, 310.20, 100, 1410, 1215
2026/02/23 16:17:29.723, 1, 54.70, 0, 210, 1215
2026/02/23 16:17:29.724, 2, 57.28, 0, 210, 1215
2026/02/23 16:17:29.724, 3, 55.41, 0, 210, 1215
2026/02/23 16:17:29.774, 0, 309.92, 100, 1410, 1215
2026/02/23 16:17:29.774, 1, 54.75, 0, 210, 1215
2026/02/23 16:17:29.774, 2, 57.28, 0, 210, 1215
2026/02/23 16:17:29.774, 3, 55.41, 0, 210, 1215
2026/02/23 16:17:29.824, 0, 309.92, 100, 1410, 1215
2026/02/23 16:17:29.824, 1, 54.75, 0, 210, 1215
2026/02/23 16:17:29.824, 2, 57.28, 0, 210, 1215
2026/02/23 16:17:29.824, 3, 55.41, 0, 210, 1215
2026/02/23 16:17:29.875, 0, 309.92, 100, 1410, 1215
2026/02/23 16:17:29.875, 1, 54.75, 0, 210, 1215
2026/02/23 16:17:29.875, 2, 57.28, 0, 210, 1215
2026/02/23 16:17:29.875, 3, 55.41, 0, 210, 1215
2026/02/23 16:17:29.925, 0, 309.92, 100, 1410, 1215
2026/02/23 16:17:29.925, 1, 54.75, 0, 210, 1215
2026/02/23 16:17:29.925, 2, 57.28, 0, 210, 1215
2026/02/23 16:17:29.925, 3, 55.41, 0, 210, 1215
2026/02/23 16:17:29.976, 0, 309.61, 100, 1410, 1215
2026/02/23 16:17:29.976, 1, 54.70, 0, 210, 1215
2026/02/23 16:17:29.976, 2, 57.28, 0, 210, 1215
2026/02/23 16:17:29.976, 3, 55.41, 0, 210, 1215
2026/02/23 16:17:30.026, 0, 309.61, 100, 1410, 1215
2026/02/23 16:17:30.026, 1, 54.70, 0, 210, 1215
2026/02/23 16:17:30.026, 2, 57.28, 0, 210, 1215
2026/02/23 16:17:30.026, 3, 55.41, 0, 210, 1215
2026/02/23 16:17:30.076, 0, 309.60, 100, 1410, 1215
2026/02/23 16:17:30.077, 1, 54.75, 0, 210, 1215
2026/02/23 16:17:30.077, 2, 57.28, 0, 210, 1215
2026/02/23 16:17:30.077, 3, 55.41, 0, 210, 1215
2026/02/23 16:17:30.127, 0, 309.60, 100, 1410, 1215
2026/02/23 16:17:30.127, 1, 54.75, 0, 210, 1215
2026/02/23 16:17:30.127, 2, 57.28, 0, 210, 1215
2026/02/23 16:17:30.127, 3, 55.41, 0, 210, 1215
2026/02/23 16:17:30.177, 0, 309.60, 100, 1410, 1215
2026/02/23 16:17:30.177, 1, 54.97, 0, 210, 1215
2026/02/23 16:17:30.178, 2, 57.34, 0, 210, 1215
2026/02/23 16:17:30.178, 3, 55.41, 0, 210, 1215
2026/02/23 16:17:30.228, 0, 309.60, 100, 1410, 1215
2026/02/23 16:17:30.228, 1, 54.97, 0, 210, 1215
2026/02/23 16:17:30.228, 2, 57.34, 0, 210, 1215
2026/02/23 16:17:30.228, 3, 55.41, 0, 210, 1215
2026/02/23 16:17:30.278, 0, 309.60, 100, 1410, 1215
2026/02/23 16:17:30.278, 1, 54.75, 0, 210, 1215
2026/02/23 16:17:30.278, 2, 57.28, 0, 210, 1215
2026/02/23 16:17:30.279, 3, 55.41, 0, 210, 1215
2026/02/23 16:17:30.329, 0, 309.60, 100, 1410, 1215
2026/02/23 16:17:30.329, 1, 54.75, 0, 210, 1215
2026/02/23 16:17:30.329, 2, 57.28, 0, 210, 1215
2026/02/23 16:17:30.329, 3, 55.41, 0, 210, 1215
2026/02/23 16:17:30.379, 0, 309.60, 100, 1410, 1215
2026/02/23 16:17:30.379, 1, 54.75, 0, 210, 1215
2026/02/23 16:17:30.379, 2, 57.34, 0, 210, 1215
2026/02/23 16:17:30.379, 3, 55.41, 0, 210, 1215
2026/02/23 16:17:30.430, 0, 309.60, 100, 1410, 1215
2026/02/23 16:17:30.430, 1, 54.75, 0, 210, 1215
2026/02/23 16:17:30.430, 2, 57.34, 0, 210, 1215
2026/02/23 16:17:30.430, 3, 55.41, 0, 210, 1215
2026/02/23 16:17:30.480, 0, 309.60, 100, 1410, 1215
2026/02/23 16:17:30.480, 1, 54.70, 0, 210, 1215
2026/02/23 16:17:30.480, 2, 57.28, 0, 210, 1215
2026/02/23 16:17:30.480, 3, 55.41, 0, 210, 1215
2026/02/23 16:17:30.531, 0, 309.60, 100, 1410, 1215
2026/02/23 16:17:30.531, 1, 54.70, 0, 210, 1215
2026/02/23 16:17:30.531, 2, 57.28, 0, 210, 1215
2026/02/23 16:17:30.531, 3, 55.41, 0, 210, 1215
2026/02/23 16:17:30.581, 0, 309.60, 100, 1410, 1215
2026/02/23 16:17:30.581, 1, 54.75, 0, 210, 1215
2026/02/23 16:17:30.581, 2, 57.28, 0, 210, 1215
2026/02/23 16:17:30.581, 3, 55.41, 0, 210, 1215
2026/02/23 16:17:30.631, 0, 309.60, 100, 1410, 1215
2026/02/23 16:17:30.632, 1, 54.75, 0, 210, 1215
2026/02/23 16:17:30.632, 2, 57.28, 0, 210, 1215
2026/02/23 16:17:30.632, 3, 55.41, 0, 210, 1215
2026/02/23 16:17:30.682, 0, 309.60, 100, 1410, 1215
2026/02/23 16:17:30.682, 1, 54.70, 0, 210, 1215
2026/02/23 16:17:30.682, 2, 57.34, 0, 210, 1215
2026/02/23 16:17:30.682, 3, 55.41, 0, 210, 1215
2026/02/23 16:17:30.732, 0, 309.60, 100, 1410, 1215
2026/02/23 16:17:30.732, 1, 54.70, 0, 210, 1215
2026/02/23 16:17:30.732, 2, 57.34, 0, 210, 1215
2026/02/23 16:17:30.733, 3, 55.41, 0, 210, 1215
2026/02/23 16:17:30.783, 0, 309.60, 100, 1410, 1215
2026/02/23 16:17:30.783, 1, 54.75, 0, 210, 1215
2026/02/23 16:17:30.783, 2, 57.28, 0, 210, 1215
2026/02/23 16:17:30.783, 3, 55.41, 0, 210, 1215
2026/02/23 16:17:30.833, 0, 309.33, 100, 1410, 1215
2026/02/23 16:17:30.833, 1, 54.75, 0, 210, 1215
2026/02/23 16:17:30.833, 2, 57.28, 0, 210, 1215
2026/02/23 16:17:30.833, 3, 55.41, 0, 210, 1215
2026/02/23 16:17:30.884, 0, 309.33, 100, 1410, 1215
2026/02/23 16:17:30.884, 1, 54.97, 0, 210, 1215
2026/02/23 16:17:30.884, 2, 57.28, 0, 210, 1215
2026/02/23 16:17:30.884, 3, 55.41, 0, 210, 1215
2026/02/23 16:17:30.934, 0, 309.28, 100, 1410, 1215
2026/02/23 16:17:30.934, 1, 54.97, 0, 210, 1215
2026/02/23 16:17:30.934, 2, 57.28, 0, 210, 1215
2026/02/23 16:17:30.934, 3, 55.41, 0, 210, 1215
2026/02/23 16:17:30.984, 0, 309.28, 100, 1410, 1215
2026/02/23 16:17:30.984, 1, 54.70, 0, 210, 1215
2026/02/23 16:17:30.985, 2, 57.28, 0, 210, 1215
2026/02/23 16:17:30.985, 3, 55.41, 0, 210, 1215
2026/02/23 16:17:31.035, 0, 309.33, 100, 1410, 1215
2026/02/23 16:17:31.035, 1, 54.70, 0, 210, 1215
2026/02/23 16:17:31.035, 2, 57.28, 0, 210, 1215
2026/02/23 16:17:31.035, 3, 55.41, 0, 210, 1215
2026/02/23 16:17:31.085, 0, 309.33, 100, 1410, 1215
2026/02/23 16:17:31.085, 1, 54.97, 0, 210, 1215
2026/02/23 16:17:31.085, 2, 57.01, 0, 210, 1215
2026/02/23 16:17:31.086, 3, 55.41, 0, 210, 1215
2026/02/23 16:17:31.136, 0, 309.01, 100, 1410, 1215
2026/02/23 16:17:31.136, 1, 54.97, 0, 210, 1215
2026/02/23 16:17:31.136, 2, 57.01, 0, 210, 1215
2026/02/23 16:17:31.136, 3, 55.41, 0, 210, 1215
2026/02/23 16:17:31.186, 0, 309.01, 100, 1410, 1215
2026/02/23 16:17:31.186, 1, 54.97, 0, 210, 1215
2026/02/23 16:17:31.186, 2, 57.28, 0, 210, 1215
2026/02/23 16:17:31.186, 3, 55.41, 0, 210, 1215
2026/02/23 16:17:31.237, 0, 309.33, 100, 1410, 1215
2026/02/23 16:17:31.237, 1, 54.97, 0, 210, 1215
2026/02/23 16:17:31.237, 2, 57.28, 0, 210, 1215
2026/02/23 16:17:31.237, 3, 55.41, 0, 210, 1215
2026/02/23 16:17:31.287, 0, 309.33, 100, 1410, 1215
2026/02/23 16:17:31.287, 1, 54.70, 0, 210, 1215
2026/02/23 16:17:31.287, 2, 57.28, 0, 210, 1215
2026/02/23 16:17:31.287, 3, 55.41, 0, 210, 1215
2026/02/23 16:17:31.338, 0, 309.33, 100, 1410, 1215
2026/02/23 16:17:31.338, 1, 54.70, 0, 210, 1215
2026/02/23 16:17:31.338, 2, 57.28, 0, 210, 1215
2026/02/23 16:17:31.338, 3, 55.41, 0, 210, 1215
2026/02/23 16:17:31.388, 0, 309.33, 100, 1410, 1215
2026/02/23 16:17:31.388, 1, 54.70, 0, 210, 1215
2026/02/23 16:17:31.388, 2, 57.01, 0, 210, 1215
2026/02/23 16:17:31.388, 3, 55.41, 0, 210, 1215
2026/02/23 16:17:31.438, 0, 308.99, 100, 1410, 1215
2026/02/23 16:17:31.439, 1, 54.70, 0, 210, 1215
2026/02/23 16:17:31.439, 2, 57.01, 0, 210, 1215
2026/02/23 16:17:31.439, 3, 55.41, 0, 210, 1215
2026/02/23 16:17:31.489, 0, 308.99, 100, 1410, 1215
2026/02/23 16:17:31.489, 1, 54.75, 0, 210, 1215
2026/02/23 16:17:31.489, 2, 57.01, 0, 210, 1215
2026/02/23 16:17:31.489, 3, 55.41, 0, 210, 1215
2026/02/23 16:17:31.539, 0, 308.99, 100, 1410, 1215
2026/02/23 16:17:31.539, 1, 54.75, 0, 210, 1215
2026/02/23 16:17:31.540, 2, 57.01, 0, 210, 1215
2026/02/23 16:17:31.540, 3, 55.41, 0, 210, 1215
2026/02/23 16:17:31.590, 0, 308.99, 100, 1410, 1215
2026/02/23 16:17:31.590, 1, 54.70, 0, 210, 1215
2026/02/23 16:17:31.590, 2, 57.06, 0, 210, 1215
2026/02/23 16:17:31.590, 3, 55.41, 0, 210, 1215
2026/02/23 16:17:31.640, 0, 309.33, 100, 1410, 1215
2026/02/23 16:17:31.640, 1, 54.70, 0, 210, 1215
2026/02/23 16:17:31.640, 2, 57.06, 0, 210, 1215
2026/02/23 16:17:31.640, 3, 55.41, 0, 210, 1215
2026/02/23 16:17:31.691, 0, 309.33, 100, 1410, 1215
2026/02/23 16:17:31.691, 1, 54.70, 0, 210, 1215
2026/02/23 16:17:31.691, 2, 57.28, 0, 210, 1215
2026/02/23 16:17:31.691, 3, 55.35, 0, 210, 1215
2026/02/23 16:17:31.741, 0, 308.99, 100, 1410, 1215
2026/02/23 16:17:31.741, 1, 54.70, 0, 210, 1215
2026/02/23 16:17:31.741, 2, 57.28, 0, 210, 1215
2026/02/23 16:17:31.741, 3, 55.35, 0, 210, 1215
2026/02/23 16:17:31.792, 0, 308.99, 100, 1410, 1215
2026/02/23 16:17:31.792, 1, 54.75, 0, 210, 1215
2026/02/23 16:17:31.792, 2, 57.34, 0, 210, 1215
2026/02/23 16:17:31.792, 3, 55.41, 0, 210, 1215
2026/02/23 16:17:31.842, 0, 309.33, 100, 1410, 1215
2026/02/23 16:17:31.842, 1, 54.75, 0, 210, 1215
2026/02/23 16:17:31.842, 2, 57.34, 0, 210, 1215
2026/02/23 16:17:31.842, 3, 55.41, 0, 210, 1215
2026/02/23 16:17:31.892, 0, 309.33, 100, 1410, 1215
2026/02/23 16:17:31.893, 1, 54.97, 0, 210, 1215
2026/02/23 16:17:31.893, 2, 57.34, 0, 210, 1215
2026/02/23 16:17:31.893, 3, 55.41, 0, 210, 1215
2026/02/23 16:17:31.943, 0, 308.99, 100, 1410, 1215
2026/02/23 16:17:31.943, 1, 54.97, 0, 210, 1215
2026/02/23 16:17:31.943, 2, 57.34, 0, 210, 1215
2026/02/23 16:17:31.943, 3, 55.41, 0, 210, 1215
2026/02/23 16:17:31.993, 0, 308.99, 100, 1410, 1215
2026/02/23 16:17:31.993, 1, 54.75, 0, 210, 1215
2026/02/23 16:17:31.994, 2, 57.01, 0, 210, 1215
2026/02/23 16:17:31.994, 3, 55.41, 0, 210, 1215
2026/02/23 16:17:32.044, 0, 309.33, 100, 1410, 1215
2026/02/23 16:17:32.044, 1, 54.75, 0, 210, 1215
2026/02/23 16:17:32.044, 2, 57.01, 0, 210, 1215
2026/02/23 16:17:32.044, 3, 55.41, 0, 210, 1215
2026/02/23 16:17:32.094, 0, 309.33, 100, 1410, 1215
2026/02/23 16:17:32.094, 1, 54.75, 0, 210, 1215
2026/02/23 16:17:32.094, 2, 57.01, 0, 210, 1215
2026/02/23 16:17:32.095, 3, 55.41, 0, 210, 1215
2026/02/23 16:17:32.145, 0, 309.60, 100, 1410, 1215
2026/02/23 16:17:32.145, 1, 54.75, 0, 210, 1215
2026/02/23 16:17:32.145, 2, 57.01, 0, 210, 1215
2026/02/23 16:17:32.145, 3, 55.41, 0, 210, 1215
2026/02/23 16:17:32.195, 0, 309.60, 100, 1410, 1215
2026/02/23 16:17:32.195, 1, 54.75, 0, 210, 1215
2026/02/23 16:17:32.195, 2, 57.01, 0, 210, 1215
2026/02/23 16:17:32.195, 3, 55.41, 0, 210, 1215
2026/02/23 16:17:32.246, 0, 309.60, 100, 1410, 1215
2026/02/23 16:17:32.246, 1, 54.75, 0, 210, 1215
2026/02/23 16:17:32.246, 2, 57.01, 0, 210, 1215
2026/02/23 16:17:32.246, 3, 55.41, 0, 210, 1215
2026/02/23 16:17:32.296, 0, 309.60, 100, 1410, 1215
2026/02/23 16:17:32.296, 1, 55.03, 0, 210, 1215
2026/02/23 16:17:32.296, 2, 57.28, 0, 210, 1215
2026/02/23 16:17:32.296, 3, 55.41, 0, 210, 1215
2026/02/23 16:17:32.346, 0, 309.33, 100, 1410, 1215
2026/02/23 16:17:32.347, 1, 55.03, 0, 210, 1215
2026/02/23 16:17:32.347, 2, 57.28, 0, 210, 1215
2026/02/23 16:17:32.347, 3, 55.41, 0, 210, 1215
2026/02/23 16:17:32.397, 0, 309.33, 100, 1410, 1215
2026/02/23 16:17:32.397, 1, 55.03, 0, 210, 1215
2026/02/23 16:17:32.397, 2, 57.34, 0, 210, 1215
2026/02/23 16:17:32.397, 3, 55.41, 0, 210, 1215
2026/02/23 16:17:32.447, 0, 309.60, 100, 1410, 1215
2026/02/23 16:17:32.447, 1, 55.03, 0, 210, 1215
2026/02/23 16:17:32.448, 2, 57.34, 0, 210, 1215
2026/02/23 16:17:32.448, 3, 55.41, 0, 210, 1215
2026/02/23 16:17:32.498, 0, 309.60, 100, 1410, 1215
2026/02/23 16:17:32.498, 1, 55.03, 0, 210, 1215
2026/02/23 16:17:32.498, 2, 57.28, 0, 210, 1215
2026/02/23 16:17:32.498, 3, 55.41, 0, 210, 1215
2026/02/23 16:17:32.548, 0, 309.33, 100, 1410, 1215
2026/02/23 16:17:32.548, 1, 55.03, 0, 210, 1215
2026/02/23 16:17:32.548, 2, 57.28, 0, 210, 1215
2026/02/23 16:17:32.549, 3, 55.41, 0, 210, 1215
2026/02/23 16:17:32.599, 0, 309.33, 100, 1410, 1215
2026/02/23 16:17:32.599, 1, 54.97, 0, 210, 1215
2026/02/23 16:17:32.599, 2, 57.06, 0, 210, 1215
2026/02/23 16:17:32.599, 3, 55.41, 0, 210, 1215
2026/02/23 16:17:32.649, 0, 309.60, 100, 1410, 1215
2026/02/23 16:17:32.650, 1, 54.97, 0, 210, 1215
2026/02/23 16:17:32.650, 2, 57.06, 0, 210, 1215
2026/02/23 16:17:32.650, 3, 55.41, 0, 210, 1215
2026/02/23 16:17:32.701, 0, 309.60, 100, 1410, 1215
2026/02/23 16:17:32.701, 1, 55.03, 0, 210, 1215
2026/02/23 16:17:32.701, 2, 57.01, 0, 210, 1215
2026/02/23 16:17:32.701, 3, 55.41, 0, 210, 1215
2026/02/23 16:17:32.751, 0, 310.47, 100, 1410, 1215
2026/02/23 16:17:32.751, 1, 55.03, 0, 210, 1215
2026/02/23 16:17:32.751, 2, 57.01, 0, 210, 1215
2026/02/23 16:17:32.751, 3, 55.41, 0, 210, 1215
2026/02/23 16:17:32.801, 0, 310.47, 100, 1410, 1215
2026/02/23 16:17:32.802, 1, 54.97, 0, 210, 1215
2026/02/23 16:17:32.802, 2, 57.28, 0, 210, 1215
2026/02/23 16:17:32.802, 3, 55.41, 0, 210, 1215
2026/02/23 16:17:32.852, 0, 310.47, 100, 1410, 1215
2026/02/23 16:17:32.852, 1, 54.97, 0, 210, 1215
2026/02/23 16:17:32.852, 2, 57.28, 0, 210, 1215
2026/02/23 16:17:32.852, 3, 55.41, 0, 210, 1215
2026/02/23 16:17:32.902, 0, 310.47, 100, 1410, 1215
2026/02/23 16:17:32.902, 1, 54.97, 0, 210, 1215
2026/02/23 16:17:32.903, 2, 57.28, 0, 210, 1215
2026/02/23 16:17:32.903, 3, 55.41, 0, 210, 1215
2026/02/23 16:17:32.953, 0, 310.47, 100, 1410, 1215
2026/02/23 16:17:32.953, 1, 54.97, 0, 210, 1215
2026/02/23 16:17:32.953, 2, 57.28, 0, 210, 1215
2026/02/23 16:17:32.953, 3, 55.41, 0, 210, 1215
2026/02/23 16:17:33.003, 0, 310.47, 100, 1410, 1215
2026/02/23 16:17:33.003, 1, 55.03, 0, 210, 1215
2026/02/23 16:17:33.003, 2, 57.28, 0, 210, 1215
2026/02/23 16:17:33.004, 3, 55.41, 0, 210, 1215
2026/02/23 16:17:33.054, 0, 310.20, 100, 1410, 1215
2026/02/23 16:17:33.054, 1, 55.03, 0, 210, 1215
2026/02/23 16:17:33.054, 2, 57.28, 0, 210, 1215
2026/02/23 16:17:33.054, 3, 55.41, 0, 210, 1215
2026/02/23 16:17:33.104, 0, 310.20, 100, 1410, 1215
2026/02/23 16:17:33.104, 1, 55.03, 0, 210, 1215
2026/02/23 16:17:33.104, 2, 57.34, 0, 210, 1215
2026/02/23 16:17:33.104, 3, 55.41, 0, 210, 1215
2026/02/23 16:17:33.155, 0, 310.47, 100, 1410, 1215
2026/02/23 16:17:33.155, 1, 55.03, 0, 210, 1215
2026/02/23 16:17:33.155, 2, 57.34, 0, 210, 1215
2026/02/23 16:17:33.155, 3, 55.41, 0, 210, 1215
2026/02/23 16:17:33.205, 0, 310.47, 100, 1410, 1215
2026/02/23 16:17:33.205, 1, 55.03, 0, 210, 1215
2026/02/23 16:17:33.205, 2, 57.28, 0, 210, 1215
2026/02/23 16:17:33.205, 3, 55.41, 0, 210, 1215
2026/02/23 16:17:33.256, 0, 310.20, 100, 1410, 1215
2026/02/23 16:17:33.256, 1, 55.03, 0, 210, 1215
2026/02/23 16:17:33.256, 2, 57.28, 0, 210, 1215
2026/02/23 16:17:33.256, 3, 55.41, 0, 210, 1215
2026/02/23 16:17:33.306, 0, 310.20, 100, 1410, 1215
2026/02/23 16:17:33.306, 1, 54.75, 0, 210, 1215
2026/02/23 16:17:33.306, 2, 57.34, 0, 210, 1215
2026/02/23 16:17:33.306, 3, 55.41, 0, 210, 1215
2026/02/23 16:17:33.356, 0, 310.20, 100, 1410, 1215
2026/02/23 16:17:33.357, 1, 54.75, 0, 210, 1215
2026/02/23 16:17:33.357, 2, 57.34, 0, 210, 1215
2026/02/23 16:17:33.357, 3, 55.41, 0, 210, 1215
2026/02/23 16:17:33.407, 0, 310.20, 100, 1410, 1215
2026/02/23 16:17:33.407, 1, 55.03, 0, 210, 1215
2026/02/23 16:17:33.407, 2, 57.34, 0, 210, 1215
2026/02/23 16:17:33.407, 3, 55.41, 0, 210, 1215
2026/02/23 16:17:33.457, 0, 310.20, 100, 1410, 1215
2026/02/23 16:17:33.457, 1, 54.97, 0, 210, 1215
2026/02/23 16:17:33.458, 2, 57.34, 0, 210, 1215
2026/02/23 16:17:33.458, 3, 55.41, 0, 210, 1215
2026/02/23 16:17:33.508, 0, 310.20, 100, 1410, 1215
2026/02/23 16:17:33.508, 1, 54.97, 0, 210, 1215
2026/02/23 16:17:33.508, 2, 57.28, 0, 210, 1215
2026/02/23 16:17:33.508, 3, 55.41, 0, 210, 1215
2026/02/23 16:17:33.558, 0, 309.92, 100, 1410, 1215
2026/02/23 16:17:33.558, 1, 55.03, 0, 210, 1215
2026/02/23 16:17:33.558, 2, 57.28, 0, 210, 1215
2026/02/23 16:17:33.559, 3, 55.41, 0, 210, 1215
2026/02/23 16:17:33.609, 0, 309.92, 100, 1410, 1215
2026/02/23 16:17:33.609, 1, 55.03, 0, 210, 1215
2026/02/23 16:17:33.609, 2, 57.06, 0, 210, 1215
2026/02/23 16:17:33.609, 3, 55.41, 0, 210, 1215
2026/02/23 16:17:33.659, 0, 310.20, 100, 1410, 1215
2026/02/23 16:17:33.659, 1, 54.97, 0, 210, 1215
2026/02/23 16:17:33.659, 2, 57.06, 0, 210, 1215
2026/02/23 16:17:33.659, 3, 55.41, 0, 210, 1215
2026/02/23 16:17:33.710, 0, 310.20, 100, 1410, 1215
2026/02/23 16:17:33.710, 1, 54.97, 0, 210, 1215
2026/02/23 16:17:33.710, 2, 57.01, 0, 210, 1215
2026/02/23 16:17:33.710, 3, 55.41, 0, 210, 1215
2026/02/23 16:17:33.760, 0, 310.20, 100, 1410, 1215
2026/02/23 16:17:33.760, 1, 55.03, 0, 210, 1215
2026/02/23 16:17:33.760, 2, 57.01, 0, 210, 1215
2026/02/23 16:17:33.760, 3, 55.41, 0, 210, 1215
2026/02/23 16:17:33.811, 0, 310.20, 100, 1410, 1215
2026/02/23 16:17:33.811, 1, 55.03, 0, 210, 1215
2026/02/23 16:17:33.811, 2, 57.28, 0, 210, 1215
2026/02/23 16:17:33.811, 3, 55.41, 0, 210, 1215
2026/02/23 16:17:33.861, 0, 310.20, 100, 1410, 1215
2026/02/23 16:17:33.861, 1, 55.03, 0, 210, 1215
2026/02/23 16:17:33.861, 2, 57.28, 0, 210, 1215
2026/02/23 16:17:33.861, 3, 55.41, 0, 210, 1215
2026/02/23 16:17:33.911, 0, 310.20, 100, 1410, 1215
2026/02/23 16:17:33.912, 1, 55.03, 0, 210, 1215
2026/02/23 16:17:33.912, 2, 57.28, 0, 210, 1215
2026/02/23 16:17:33.912, 3, 55.41, 0, 210, 1215
2026/02/23 16:17:33.962, 0, 310.20, 100, 1410, 1215
2026/02/23 16:17:33.962, 1, 54.97, 0, 210, 1215
2026/02/23 16:17:33.962, 2, 57.28, 0, 210, 1215
2026/02/23 16:17:33.962, 3, 55.41, 0, 210, 1215
2026/02/23 16:17:34.012, 0, 310.20, 100, 1410, 1215
2026/02/23 16:17:34.012, 1, 54.97, 0, 210, 1215
2026/02/23 16:17:34.013, 2, 57.01, 0, 210, 1215
2026/02/23 16:17:34.013, 3, 55.41, 0, 210, 1215
2026/02/23 16:17:34.063, 0, 309.92, 100, 1410, 1215
2026/02/23 16:17:34.063, 1, 54.70, 0, 210, 1215
2026/02/23 16:17:34.063, 2, 57.01, 0, 210, 1215
2026/02/23 16:17:34.063, 3, 55.41, 0, 210, 1215
2026/02/23 16:17:34.113, 0, 309.92, 100, 1410, 1215
2026/02/23 16:17:34.113, 1, 54.70, 0, 210, 1215
2026/02/23 16:17:34.113, 2, 57.28, 0, 210, 1215
2026/02/23 16:17:34.113, 3, 55.41, 0, 210, 1215
2026/02/23 16:17:34.164, 0, 309.92, 100, 1410, 1215
2026/02/23 16:17:34.164, 1, 54.70, 0, 210, 1215
2026/02/23 16:17:34.164, 2, 57.28, 0, 210, 1215
2026/02/23 16:17:34.164, 3, 55.41, 0, 210, 1215
2026/02/23 16:17:34.214, 0, 309.92, 100, 1410, 1215
2026/02/23 16:17:34.214, 1, 54.70, 0, 210, 1215
2026/02/23 16:17:34.214, 2, 57.28, 0, 210, 1215
2026/02/23 16:17:34.214, 3, 55.35, 0, 210, 1215
2026/02/23 16:17:34.265, 0, 309.92, 100, 1410, 1215
2026/02/23 16:17:34.265, 1, 55.03, 0, 210, 1215
2026/02/23 16:17:34.265, 2, 57.28, 0, 210, 1215
2026/02/23 16:17:34.265, 3, 55.35, 0, 210, 1215
2026/02/23 16:17:34.315, 0, 309.92, 100, 1410, 1215
2026/02/23 16:17:34.315, 1, 55.03, 0, 210, 1215
2026/02/23 16:17:34.315, 2, 57.28, 0, 210, 1215
2026/02/23 16:17:34.315, 3, 55.41, 0, 210, 1215
2026/02/23 16:17:34.365, 0, 309.92, 100, 1410, 1215
2026/02/23 16:17:34.366, 1, 54.97, 0, 210, 1215
2026/02/23 16:17:34.366, 2, 57.28, 0, 210, 1215
2026/02/23 16:17:34.366, 3, 55.41, 0, 210, 1215
2026/02/23 16:17:34.416, 0, 309.92, 100, 1410, 1215
2026/02/23 16:17:34.416, 1, 54.97, 0, 210, 1215
2026/02/23 16:17:34.416, 2, 57.28, 0, 210, 1215
2026/02/23 16:17:34.416, 3, 55.41, 0, 210, 1215
2026/02/23 16:17:34.466, 0, 309.92, 100, 1410, 1215
2026/02/23 16:17:34.466, 1, 54.70, 0, 210, 1215
2026/02/23 16:17:34.467, 2, 57.28, 0, 210, 1215
2026/02/23 16:17:34.467, 3, 55.41, 0, 210, 1215
2026/02/23 16:17:34.517, 0, 309.92, 100, 1410, 1215
2026/02/23 16:17:34.517, 1, 54.70, 0, 210, 1215
2026/02/23 16:17:34.517, 2, 57.06, 0, 210, 1215
2026/02/23 16:17:34.517, 3, 55.41, 0, 210, 1215
2026/02/23 16:17:34.567, 0, 309.92, 100, 1410, 1215
2026/02/23 16:17:34.567, 1, 54.75, 0, 210, 1215
2026/02/23 16:17:34.567, 2, 57.06, 0, 210, 1215
2026/02/23 16:17:34.568, 3, 55.41, 0, 210, 1215
2026/02/23 16:17:34.618, 0, 309.92, 100, 1410, 1215
2026/02/23 16:17:34.618, 1, 54.75, 0, 210, 1215
2026/02/23 16:17:34.618, 2, 57.06, 0, 210, 1215
2026/02/23 16:17:34.618, 3, 55.41, 0, 210, 1215
2026/02/23 16:17:34.668, 0, 309.92, 100, 1410, 1215
2026/02/23 16:17:34.668, 1, 55.03, 0, 210, 1215
2026/02/23 16:17:34.668, 2, 57.28, 0, 210, 1215
2026/02/23 16:17:34.668, 3, 55.41, 0, 210, 1215
2026/02/23 16:17:34.719, 0, 309.92, 100, 1410, 1215
2026/02/23 16:17:34.719, 1, 55.03, 0, 210, 1215
2026/02/23 16:17:34.719, 2, 57.28, 0, 210, 1215
2026/02/23 16:17:34.719, 3, 55.41, 0, 210, 1215
2026/02/23 16:17:34.769, 0, 309.60, 100, 1410, 1215
2026/02/23 16:17:34.769, 1, 54.75, 0, 210, 1215
2026/02/23 16:17:34.769, 2, 57.34, 0, 210, 1215
2026/02/23 16:17:34.769, 3, 55.41, 0, 210, 1215
2026/02/23 16:17:34.820, 0, 309.60, 100, 1410, 1215
2026/02/23 16:17:34.820, 1, 54.75, 0, 210, 1215
2026/02/23 16:17:34.820, 2, 57.34, 0, 210, 1215
2026/02/23 16:17:34.820, 3, 55.41, 0, 210, 1215
2026/02/23 16:17:34.870, 0, 309.60, 100, 1410, 1215
2026/02/23 16:17:34.870, 1, 54.75, 0, 210, 1215
2026/02/23 16:17:34.870, 2, 57.01, 0, 210, 1215
2026/02/23 16:17:34.870, 3, 55.41, 0, 210, 1215
2026/02/23 16:17:34.920, 0, 309.60, 100, 1410, 1215
2026/02/23 16:17:34.921, 1, 54.75, 0, 210, 1215
2026/02/23 16:17:34.921, 2, 57.01, 0, 210, 1215
2026/02/23 16:17:34.921, 3, 55.41, 0, 210, 1215
2026/02/23 16:17:34.971, 0, 309.60, 100, 1410, 1215
2026/02/23 16:17:34.971, 1, 54.70, 0, 210, 1215
2026/02/23 16:17:34.971, 2, 57.34, 0, 210, 1215
2026/02/23 16:17:34.971, 3, 55.41, 0, 210, 1215
2026/02/23 16:17:35.021, 0, 309.60, 100, 1410, 1215
2026/02/23 16:17:35.021, 1, 54.70, 0, 210, 1215
2026/02/23 16:17:35.021, 2, 57.34, 0, 210, 1215
2026/02/23 16:17:35.021, 3, 55.41, 0, 210, 1215
2026/02/23 16:17:35.071, 0, 309.60, 100, 1410, 1215
2026/02/23 16:17:35.071, 1, 54.97, 0, 210, 1215
2026/02/23 16:17:35.072, 2, 57.34, 0, 210, 1215
2026/02/23 16:17:35.072, 3, 55.41, 0, 210, 1215
2026/02/23 16:17:35.122, 0, 309.60, 100, 1410, 1215
2026/02/23 16:17:35.122, 1, 54.97, 0, 210, 1215
2026/02/23 16:17:35.122, 2, 57.34, 0, 210, 1215
2026/02/23 16:17:35.122, 3, 55.41, 0, 210, 1215
2026/02/23 16:17:35.172, 0, 309.33, 100, 1410, 1215
2026/02/23 16:17:35.172, 1, 54.75, 0, 210, 1215
2026/02/23 16:17:35.172, 2, 57.28, 0, 210, 1215
2026/02/23 16:17:35.173, 3, 55.41, 0, 210, 1215
2026/02/23 16:17:35.223, 0, 309.33, 100, 1410, 1215
2026/02/23 16:17:35.223, 1, 54.75, 0, 210, 1215
2026/02/23 16:17:35.223, 2, 57.28, 0, 210, 1215
2026/02/23 16:17:35.223, 3, 55.41, 0, 210, 1215
2026/02/23 16:17:35.273, 0, 309.33, 100, 1410, 1215
2026/02/23 16:17:35.273, 1, 55.03, 0, 210, 1215
2026/02/23 16:17:35.273, 2, 57.34, 0, 210, 1215
2026/02/23 16:17:35.273, 3, 55.41, 0, 210, 1215
2026/02/23 16:17:35.324, 0, 309.33, 100, 1410, 1215
2026/02/23 16:17:35.324, 1, 55.03, 0, 210, 1215
2026/02/23 16:17:35.324, 2, 57.34, 0, 210, 1215
2026/02/23 16:17:35.324, 3, 55.41, 0, 210, 1215
2026/02/23 16:17:35.374, 0, 309.33, 100, 1410, 1215
2026/02/23 16:17:35.374, 1, 54.75, 0, 210, 1215
2026/02/23 16:17:35.374, 2, 57.01, 0, 210, 1215
2026/02/23 16:17:35.374, 3, 55.41, 0, 210, 1215
2026/02/23 16:17:35.425, 0, 309.33, 100, 1410, 1215
2026/02/23 16:17:35.425, 1, 54.75, 0, 210, 1215
2026/02/23 16:17:35.425, 2, 57.01, 0, 210, 1215
2026/02/23 16:17:35.425, 3, 55.41, 0, 210, 1215
2026/02/23 16:17:35.475, 0, 309.33, 100, 1410, 1215
2026/02/23 16:17:35.475, 1, 55.03, 0, 210, 1215
2026/02/23 16:17:35.475, 2, 57.01, 0, 210, 1215
2026/02/23 16:17:35.475, 3, 55.41, 0, 210, 1215
2026/02/23 16:17:35.525, 0, 309.33, 100, 1410, 1215
2026/02/23 16:17:35.526, 1, 55.03, 0, 210, 1215
2026/02/23 16:17:35.526, 2, 57.01, 0, 210, 1215
2026/02/23 16:17:35.526, 3, 55.41, 0, 210, 1215
2026/02/23 16:17:35.576, 0, 309.33, 100, 1410, 1215
2026/02/23 16:17:35.576, 1, 54.97, 0, 210, 1215
2026/02/23 16:17:35.576, 2, 57.28, 0, 210, 1215
2026/02/23 16:17:35.576, 3, 55.41, 0, 210, 1215
2026/02/23 16:17:35.626, 0, 309.33, 100, 1410, 1215
2026/02/23 16:17:35.626, 1, 54.97, 0, 210, 1215
2026/02/23 16:17:35.627, 2, 57.28, 0, 210, 1215
2026/02/23 16:17:35.627, 3, 55.41, 0, 210, 1215
2026/02/23 16:17:35.677, 0, 309.33, 100, 1410, 1215
2026/02/23 16:17:35.677, 1, 54.97, 0, 210, 1215
2026/02/23 16:17:35.677, 2, 57.28, 0, 210, 1215
2026/02/23 16:17:35.677, 3, 55.41, 0, 210, 1215
2026/02/23 16:17:35.727, 0, 309.33, 100, 1410, 1215
2026/02/23 16:17:35.727, 1, 54.97, 0, 210, 1215
2026/02/23 16:17:35.727, 2, 57.28, 0, 210, 1215
2026/02/23 16:17:35.728, 3, 55.41, 0, 210, 1215
2026/02/23 16:17:35.778, 0, 309.33, 100, 1410, 1215
2026/02/23 16:17:35.778, 1, 54.75, 0, 210, 1215
2026/02/23 16:17:35.778, 2, 57.06, 0, 210, 1215
2026/02/23 16:17:35.778, 3, 55.41, 0, 210, 1215
2026/02/23 16:17:35.828, 0, 309.33, 100, 1410, 1215
2026/02/23 16:17:35.828, 1, 54.75, 0, 210, 1215
2026/02/23 16:17:35.828, 2, 57.06, 0, 210, 1215
2026/02/23 16:17:35.828, 3, 55.41, 0, 210, 1215
2026/02/23 16:17:35.879, 0, 308.99, 100, 1410, 1215
2026/02/23 16:17:35.879, 1, 54.97, 0, 210, 1215
2026/02/23 16:17:35.879, 2, 57.28, 0, 210, 1215
2026/02/23 16:17:35.879, 3, 55.41, 0, 210, 1215
2026/02/23 16:17:35.929, 0, 308.99, 100, 1410, 1215
2026/02/23 16:17:35.929, 1, 54.97, 0, 210, 1215
2026/02/23 16:17:35.929, 2, 57.28, 0, 210, 1215
2026/02/23 16:17:35.929, 3, 55.41, 0, 210, 1215
2026/02/23 16:17:35.979, 0, 309.60, 100, 1410, 1215
2026/02/23 16:17:35.980, 1, 54.75, 0, 210, 1215
2026/02/23 16:17:35.980, 2, 57.28, 0, 210, 1215
2026/02/23 16:17:35.980, 3, 55.41, 0, 210, 1215
2026/02/23 16:17:36.030, 0, 309.60, 100, 1410, 1215
2026/02/23 16:17:36.030, 1, 54.75, 0, 210, 1215
2026/02/23 16:17:36.030, 2, 57.28, 0, 210, 1215
2026/02/23 16:17:36.030, 3, 55.41, 0, 210, 1215
2026/02/23 16:17:36.080, 0, 309.60, 100, 1410, 1215
2026/02/23 16:17:36.080, 1, 54.70, 0, 210, 1215
2026/02/23 16:17:36.081, 2, 57.06, 0, 210, 1215
2026/02/23 16:17:36.081, 3, 55.41, 0, 210, 1215
2026/02/23 16:17:36.131, 0, 309.60, 100, 1410, 1215
2026/02/23 16:17:36.131, 1, 54.70, 0, 210, 1215
2026/02/23 16:17:36.131, 2, 57.06, 0, 210, 1215
2026/02/23 16:17:36.131, 3, 55.41, 0, 210, 1215
2026/02/23 16:17:36.181, 0, 309.60, 100, 1410, 1215
2026/02/23 16:17:36.181, 1, 54.75, 0, 210, 1215
2026/02/23 16:17:36.181, 2, 57.28, 0, 210, 1215
2026/02/23 16:17:36.182, 3, 55.41, 0, 210, 1215
2026/02/23 16:17:36.232, 0, 309.60, 100, 1410, 1215
2026/02/23 16:17:36.232, 1, 54.75, 0, 210, 1215
2026/02/23 16:17:36.232, 2, 57.28, 0, 210, 1215
2026/02/23 16:17:36.232, 3, 55.41, 0, 210, 1215
2026/02/23 16:17:36.282, 0, 309.60, 100, 1410, 1215
2026/02/23 16:17:36.282, 1, 54.75, 0, 210, 1215
2026/02/23 16:17:36.282, 2, 57.34, 0, 210, 1215
2026/02/23 16:17:36.282, 3, 55.41, 0, 210, 1215
2026/02/23 16:17:36.333, 0, 309.60, 100, 1410, 1215
2026/02/23 16:17:36.333, 1, 54.75, 0, 210, 1215
2026/02/23 16:17:36.333, 2, 57.34, 0, 210, 1215
2026/02/23 16:17:36.333, 3, 55.41, 0, 210, 1215
2026/02/23 16:17:36.383, 0, 309.60, 100, 1410, 1215
2026/02/23 16:17:36.383, 1, 54.75, 0, 210, 1215
2026/02/23 16:17:36.383, 2, 57.28, 0, 210, 1215
2026/02/23 16:17:36.383, 3, 55.41, 0, 210, 1215
2026/02/23 16:17:36.434, 0, 310.81, 100, 1410, 1215
2026/02/23 16:17:36.434, 1, 54.75, 0, 210, 1215
2026/02/23 16:17:36.434, 2, 57.28, 0, 210, 1215
2026/02/23 16:17:36.434, 3, 55.41, 0, 210, 1215
2026/02/23 16:17:36.484, 0, 310.81, 100, 1410, 1215
2026/02/23 16:17:36.484, 1, 54.75, 0, 210, 1215
2026/02/23 16:17:36.484, 2, 57.28, 0, 210, 1215
2026/02/23 16:17:36.484, 3, 55.41, 0, 210, 1215
2026/02/23 16:17:36.534, 0, 310.47, 100, 1410, 1215
2026/02/23 16:17:36.535, 1, 54.75, 0, 210, 1215
2026/02/23 16:17:36.535, 2, 57.28, 0, 210, 1215
2026/02/23 16:17:36.535, 3, 55.41, 0, 210, 1215
2026/02/23 16:17:36.585, 0, 310.47, 100, 1410, 1215
2026/02/23 16:17:36.585, 1, 55.03, 0, 210, 1215
2026/02/23 16:17:36.585, 2, 57.28, 0, 210, 1215
2026/02/23 16:17:36.585, 3, 55.41, 0, 210, 1215
2026/02/23 16:17:36.635, 0, 310.20, 100, 1410, 1215
2026/02/23 16:17:36.635, 1, 55.03, 0, 210, 1215
2026/02/23 16:17:36.635, 2, 57.28, 0, 210, 1215
2026/02/23 16:17:36.636, 3, 55.41, 0, 210, 1215
2026/02/23 16:17:36.686, 0, 310.20, 100, 1410, 1215
2026/02/23 16:17:36.686, 1, 54.97, 0, 210, 1215
2026/02/23 16:17:36.686, 2, 57.28, 0, 210, 1215
2026/02/23 16:17:36.686, 3, 55.35, 0, 210, 1215
2026/02/23 16:17:36.736, 0, 310.15, 100, 1410, 1215
2026/02/23 16:17:36.736, 1, 54.97, 0, 210, 1215
2026/02/23 16:17:36.736, 2, 57.28, 0, 210, 1215
2026/02/23 16:17:36.736, 3, 55.35, 0, 210, 1215
2026/02/23 16:17:36.787, 0, 310.15, 100, 1410, 1215
2026/02/23 16:17:36.787, 1, 55.03, 0, 210, 1215
2026/02/23 16:17:36.787, 2, 57.34, 0, 210, 1215
2026/02/23 16:17:36.787, 3, 55.41, 0, 210, 1215
2026/02/23 16:17:36.837, 0, 310.20, 100, 1410, 1215
2026/02/23 16:17:36.837, 1, 55.03, 0, 210, 1215
2026/02/23 16:17:36.837, 2, 57.34, 0, 210, 1215
2026/02/23 16:17:36.837, 3, 55.41, 0, 210, 1215
2026/02/23 16:17:36.888, 0, 310.20, 100, 1410, 1215
2026/02/23 16:17:36.888, 1, 55.03, 0, 210, 1215
2026/02/23 16:17:36.888, 2, 57.28, 0, 210, 1215
2026/02/23 16:17:36.888, 3, 55.35, 0, 210, 1215
2026/02/23 16:17:36.938, 0, 310.15, 100, 1410, 1215
2026/02/23 16:17:36.938, 1, 55.03, 0, 210, 1215
2026/02/23 16:17:36.938, 2, 57.28, 0, 210, 1215
2026/02/23 16:17:36.938, 3, 55.35, 0, 210, 1215
2026/02/23 16:17:36.988, 0, 310.15, 100, 1410, 1215
2026/02/23 16:17:36.989, 1, 54.97, 0, 210, 1215
2026/02/23 16:17:36.989, 2, 57.06, 0, 210, 1215
2026/02/23 16:17:36.989, 3, 55.41, 0, 210, 1215
2026/02/23 16:17:37.039, 0, 310.20, 100, 1410, 1215
2026/02/23 16:17:37.039, 1, 54.97, 0, 210, 1215
2026/02/23 16:17:37.039, 2, 57.06, 0, 210, 1215
2026/02/23 16:17:37.039, 3, 55.41, 0, 210, 1215
2026/02/23 16:17:37.089, 0, 310.20, 100, 1410, 1215
2026/02/23 16:17:37.089, 1, 54.97, 0, 210, 1215
2026/02/23 16:17:37.090, 2, 57.34, 0, 210, 1215
2026/02/23 16:17:37.090, 3, 55.41, 0, 210, 1215
2026/02/23 16:17:37.140, 0, 310.20, 100, 1410, 1215
2026/02/23 16:17:37.140, 1, 54.97, 0, 210, 1215
2026/02/23 16:17:37.140, 2, 57.34, 0, 210, 1215
2026/02/23 16:17:37.140, 3, 55.41, 0, 210, 1215
2026/02/23 16:17:37.190, 0, 310.20, 100, 1410, 1215
2026/02/23 16:17:37.190, 1, 54.97, 0, 210, 1215
2026/02/23 16:17:37.190, 2, 57.28, 0, 210, 1215
2026/02/23 16:17:37.191, 3, 55.35, 0, 210, 1215
2026/02/23 16:17:37.241, 0, 310.20, 100, 1410, 1215
2026/02/23 16:17:37.241, 1, 54.97, 0, 210, 1215
2026/02/23 16:17:37.241, 2, 57.28, 0, 210, 1215
2026/02/23 16:17:37.241, 3, 55.35, 0, 210, 1215
2026/02/23 16:17:37.291, 0, 310.20, 100, 1410, 1215
2026/02/23 16:17:37.291, 1, 54.70, 0, 210, 1215
2026/02/23 16:17:37.291, 2, 57.34, 0, 210, 1215
2026/02/23 16:17:37.291, 3, 55.41, 0, 210, 1215
2026/02/23 16:17:37.342, 0, 309.92, 100, 1410, 1215
2026/02/23 16:17:37.342, 1, 54.70, 0, 210, 1215
2026/02/23 16:17:37.342, 2, 57.34, 0, 210, 1215
2026/02/23 16:17:37.342, 3, 55.41, 0, 210, 1215
2026/02/23 16:17:37.392, 0, 309.92, 100, 1410, 1215
2026/02/23 16:17:37.392, 1, 55.03, 0, 210, 1215
2026/02/23 16:17:37.392, 2, 57.34, 0, 210, 1215
2026/02/23 16:17:37.392, 3, 55.41, 0, 210, 1215
2026/02/23 16:17:37.442, 0, 310.47, 100, 1410, 1215
2026/02/23 16:17:37.443, 1, 55.03, 0, 210, 1215
2026/02/23 16:17:37.443, 2, 57.34, 0, 210, 1215
2026/02/23 16:17:37.443, 3, 55.41, 0, 210, 1215
2026/02/23 16:17:37.493, 0, 310.47, 100, 1410, 1215
2026/02/23 16:17:37.493, 1, 55.03, 0, 210, 1215
2026/02/23 16:17:37.493, 2, 57.28, 0, 210, 1215
2026/02/23 16:17:37.493, 3, 55.41, 0, 210, 1215
2026/02/23 16:17:37.543, 0, 310.20, 100, 1410, 1215
2026/02/23 16:17:37.543, 1, 55.03, 0, 210, 1215
2026/02/23 16:17:37.544, 2, 57.28, 0, 210, 1215
2026/02/23 16:17:37.544, 3, 55.41, 0, 210, 1215
2026/02/23 16:17:37.594, 0, 310.20, 100, 1410, 1215
2026/02/23 16:17:37.594, 1, 55.03, 0, 210, 1215
2026/02/23 16:17:37.594, 2, 57.34, 0, 210, 1215
2026/02/23 16:17:37.594, 3, 55.41, 0, 210, 1215
2026/02/23 16:17:37.644, 0, 309.92, 100, 1410, 1215
2026/02/23 16:17:37.644, 1, 55.03, 0, 210, 1215
2026/02/23 16:17:37.644, 2, 57.34, 0, 210, 1215
2026/02/23 16:17:37.645, 3, 55.41, 0, 210, 1215
2026/02/23 16:17:37.695, 0, 309.92, 100, 1410, 1215
2026/02/23 16:17:37.695, 1, 54.97, 0, 210, 1215
2026/02/23 16:17:37.695, 2, 57.34, 0, 210, 1215
2026/02/23 16:17:37.695, 3, 55.41, 0, 210, 1215
2026/02/23 16:17:37.745, 0, 309.92, 100, 1410, 1215
2026/02/23 16:17:37.745, 1, 54.97, 0, 210, 1215
2026/02/23 16:17:37.745, 2, 57.34, 0, 210, 1215
2026/02/23 16:17:37.745, 3, 55.41, 0, 210, 1215
2026/02/23 16:17:37.796, 0, 309.92, 100, 1410, 1215
2026/02/23 16:17:37.796, 1, 55.03, 0, 210, 1215
2026/02/23 16:17:37.796, 2, 57.28, 0, 210, 1215
2026/02/23 16:17:37.796, 3, 55.41, 0, 210, 1215
2026/02/23 16:17:37.846, 0, 309.92, 100, 1410, 1215
2026/02/23 16:17:37.846, 1, 55.03, 0, 210, 1215
2026/02/23 16:17:37.846, 2, 57.28, 0, 210, 1215
2026/02/23 16:17:37.846, 3, 55.41, 0, 210, 1215
2026/02/23 16:17:37.897, 0, 309.92, 100, 1410, 1215
2026/02/23 16:17:37.897, 1, 54.75, 0, 210, 1215
2026/02/23 16:17:37.897, 2, 57.34, 0, 210, 1215
2026/02/23 16:17:37.897, 3, 55.41, 0, 210, 1215
2026/02/23 16:17:37.947, 0, 309.92, 100, 1410, 1215
2026/02/23 16:17:37.947, 1, 54.75, 0, 210, 1215
2026/02/23 16:17:37.947, 2, 57.34, 0, 210, 1215
2026/02/23 16:17:37.947, 3, 55.41, 0, 210, 1215
2026/02/23 16:17:37.997, 0, 309.92, 100, 1410, 1215
2026/02/23 16:17:37.998, 1, 55.03, 0, 210, 1215
2026/02/23 16:17:37.998, 2, 57.28, 0, 210, 1215
2026/02/23 16:17:37.998, 3, 55.41, 0, 210, 1215
2026/02/23 16:17:38.048, 0, 309.60, 100, 1410, 1215
2026/02/23 16:17:38.048, 1, 55.03, 0, 210, 1215
2026/02/23 16:17:38.048, 2, 57.28, 0, 210, 1215
2026/02/23 16:17:38.048, 3, 55.41, 0, 210, 1215
2026/02/23 16:17:38.098, 0, 309.60, 100, 1410, 1215
2026/02/23 16:17:38.098, 1, 54.70, 0, 210, 1215
2026/02/23 16:17:38.099, 2, 57.28, 0, 210, 1215
2026/02/23 16:17:38.099, 3, 55.41, 0, 210, 1215
2026/02/23 16:17:38.149, 0, 309.60, 100, 1410, 1215
2026/02/23 16:17:38.149, 1, 54.70, 0, 210, 1215
2026/02/23 16:17:38.149, 2, 57.28, 0, 210, 1215
2026/02/23 16:17:38.149, 3, 55.41, 0, 210, 1215
2026/02/23 16:17:38.199, 0, 309.60, 100, 1410, 1215
2026/02/23 16:17:38.199, 1, 55.03, 0, 210, 1215
2026/02/23 16:17:38.199, 2, 57.34, 0, 210, 1215
2026/02/23 16:17:38.200, 3, 55.41, 0, 210, 1215
2026/02/23 16:17:38.250, 0, 309.60, 100, 1410, 1215
2026/02/23 16:17:38.250, 1, 55.03, 0, 210, 1215
2026/02/23 16:17:38.250, 2, 57.34, 0, 210, 1215
2026/02/23 16:17:38.250, 3, 55.41, 0, 210, 1215
2026/02/23 16:17:38.300, 0, 309.60, 100, 1410, 1215
2026/02/23 16:17:38.300, 1, 54.75, 0, 210, 1215
2026/02/23 16:17:38.300, 2, 57.28, 0, 210, 1215
2026/02/23 16:17:38.300, 3, 55.41, 0, 210, 1215
2026/02/23 16:17:38.351, 0, 309.33, 100, 1410, 1215
2026/02/23 16:17:38.351, 1, 54.75, 0, 210, 1215
2026/02/23 16:17:38.351, 2, 57.28, 0, 210, 1215
2026/02/23 16:17:38.351, 3, 55.41, 0, 210, 1215
2026/02/23 16:17:38.401, 0, 309.33, 100, 1410, 1215
2026/02/23 16:17:38.401, 1, 54.75, 0, 210, 1215
2026/02/23 16:17:38.401, 2, 57.34, 0, 210, 1215
2026/02/23 16:17:38.401, 3, 55.41, 0, 210, 1215
2026/02/23 16:17:38.452, 0, 309.60, 100, 1410, 1215
2026/02/23 16:17:38.452, 1, 54.75, 0, 210, 1215
2026/02/23 16:17:38.452, 2, 57.34, 0, 210, 1215
2026/02/23 16:17:38.452, 3, 55.41, 0, 210, 1215
2026/02/23 16:17:38.502, 0, 309.60, 100, 1410, 1215
2026/02/23 16:17:38.502, 1, 54.97, 0, 210, 1215
2026/02/23 16:17:38.502, 2, 57.28, 0, 210, 1215
2026/02/23 16:17:38.502, 3, 55.35, 0, 210, 1215
2026/02/23 16:17:38.552, 0, 309.28, 100, 1410, 1215
2026/02/23 16:17:38.553, 1, 54.97, 0, 210, 1215
2026/02/23 16:17:38.553, 2, 57.28, 0, 210, 1215
2026/02/23 16:17:38.553, 3, 55.35, 0, 210, 1215
2026/02/23 16:17:38.603, 0, 309.28, 100, 1410, 1215
2026/02/23 16:17:38.603, 1, 54.70, 0, 210, 1215
2026/02/23 16:17:38.603, 2, 57.28, 0, 210, 1215
2026/02/23 16:17:38.603, 3, 55.41, 0, 210, 1215
2026/02/23 16:17:38.653, 0, 309.33, 100, 1410, 1215
2026/02/23 16:17:38.653, 1, 54.70, 0, 210, 1215
2026/02/23 16:17:38.653, 2, 57.28, 0, 210, 1215
2026/02/23 16:17:38.654, 3, 55.41, 0, 210, 1215
2026/02/23 16:17:38.704, 0, 309.33, 100, 1410, 1215
2026/02/23 16:17:38.704, 1, 54.70, 0, 210, 1215
2026/02/23 16:17:38.704, 2, 57.28, 0, 210, 1215
2026/02/23 16:17:38.704, 3, 55.35, 0, 210, 1215
2026/02/23 16:17:38.754, 0, 309.28, 100, 1410, 1215
2026/02/23 16:17:38.754, 1, 54.70, 0, 210, 1215
2026/02/23 16:17:38.754, 2, 57.28, 0, 210, 1215
2026/02/23 16:17:38.754, 3, 55.35, 0, 210, 1215
2026/02/23 16:17:38.805, 0, 309.28, 100, 1410, 1215
2026/02/23 16:17:38.805, 1, 54.75, 0, 210, 1215
2026/02/23 16:17:38.805, 2, 57.28, 0, 210, 1215
2026/02/23 16:17:38.805, 3, 55.41, 0, 210, 1215
2026/02/23 16:17:38.855, 0, 309.60, 100, 1410, 1215
2026/02/23 16:17:38.855, 1, 54.75, 0, 210, 1215
2026/02/23 16:17:38.855, 2, 57.28, 0, 210, 1215
2026/02/23 16:17:38.855, 3, 55.41, 0, 210, 1215
2026/02/23 16:17:38.906, 0, 309.60, 100, 1410, 1215
2026/02/23 16:17:38.906, 1, 54.75, 0, 210, 1215
2026/02/23 16:17:38.906, 2, 57.34, 0, 210, 1215
2026/02/23 16:17:38.906, 3, 55.41, 0, 210, 1215
2026/02/23 16:17:38.956, 0, 309.92, 100, 1410, 1215
2026/02/23 16:17:38.956, 1, 54.75, 0, 210, 1215
2026/02/23 16:17:38.956, 2, 57.34, 0, 210, 1215
2026/02/23 16:17:38.956, 3, 55.41, 0, 210, 1215
2026/02/23 16:17:39.006, 0, 309.92, 100, 1410, 1215
2026/02/23 16:17:39.007, 1, 54.75, 0, 210, 1215
2026/02/23 16:17:39.007, 2, 57.28, 0, 210, 1215
2026/02/23 16:17:39.007, 3, 55.41, 0, 210, 1215
2026/02/23 16:17:39.057, 0, 309.92, 100, 1410, 1215
2026/02/23 16:17:39.057, 1, 54.75, 0, 210, 1215
2026/02/23 16:17:39.057, 2, 57.28, 0, 210, 1215
2026/02/23 16:17:39.057, 3, 55.41, 0, 210, 1215
2026/02/23 16:17:39.107, 0, 309.92, 100, 1410, 1215
2026/02/23 16:17:39.107, 1, 55.03, 0, 210, 1215
2026/02/23 16:17:39.108, 2, 57.01, 0, 210, 1215
2026/02/23 16:17:39.108, 3, 55.41, 0, 210, 1215
2026/02/23 16:17:39.158, 0, 310.81, 100, 1410, 1215
2026/02/23 16:17:39.158, 1, 55.03, 0, 210, 1215
2026/02/23 16:17:39.158, 2, 57.01, 0, 210, 1215
2026/02/23 16:17:39.158, 3, 55.41, 0, 210, 1215
2026/02/23 16:17:39.208, 0, 310.81, 100, 1410, 1215
2026/02/23 16:17:39.208, 1, 54.97, 0, 210, 1215
2026/02/23 16:17:39.208, 2, 57.28, 0, 210, 1215
2026/02/23 16:17:39.209, 3, 55.41, 0, 210, 1215
2026/02/23 16:17:39.259, 0, 310.47, 100, 1410, 1215
2026/02/23 16:17:39.259, 1, 54.97, 0, 210, 1215
2026/02/23 16:17:39.259, 2, 57.28, 0, 210, 1215
2026/02/23 16:17:39.259, 3, 55.41, 0, 210, 1215
2026/02/23 16:17:39.309, 0, 310.47, 100, 1410, 1215
2026/02/23 16:17:39.309, 1, 54.97, 0, 210, 1215
2026/02/23 16:17:39.309, 2, 57.28, 0, 210, 1215
2026/02/23 16:17:39.309, 3, 55.41, 0, 210, 1215
2026/02/23 16:17:39.360, 0, 310.81, 100, 1410, 1215
2026/02/23 16:17:39.360, 1, 54.97, 0, 210, 1215
2026/02/23 16:17:39.360, 2, 57.28, 0, 210, 1215
2026/02/23 16:17:39.360, 3, 55.41, 0, 210, 1215
2026/02/23 16:17:39.410, 0, 310.81, 100, 1410, 1215
2026/02/23 16:17:39.410, 1, 54.97, 0, 210, 1215
2026/02/23 16:17:39.410, 2, 57.28, 0, 210, 1215
2026/02/23 16:17:39.410, 3, 55.41, 0, 210, 1215
2026/02/23 16:17:39.461, 0, 310.47, 100, 1410, 1215
2026/02/23 16:17:39.461, 1, 54.70, 0, 210, 1215
2026/02/23 16:17:39.461, 2, 57.28, 0, 210, 1215
2026/02/23 16:17:39.461, 3, 55.41, 0, 210, 1215
2026/02/23 16:17:39.511, 0, 310.47, 100, 1410, 1215
2026/02/23 16:17:39.511, 1, 54.70, 0, 210, 1215
2026/02/23 16:17:39.511, 2, 57.28, 0, 210, 1215
2026/02/23 16:17:39.511, 3, 55.41, 0, 210, 1215
2026/02/23 16:17:39.561, 0, 310.47, 100, 1410, 1215
2026/02/23 16:17:39.562, 1, 55.03, 0, 210, 1215
2026/02/23 16:17:39.562, 2, 57.28, 0, 210, 1215
2026/02/23 16:17:39.562, 3, 55.41, 0, 210, 1215
2026/02/23 16:17:39.612, 0, 310.47, 100, 1410, 1215
2026/02/23 16:17:39.612, 1, 55.03, 0, 210, 1215
2026/02/23 16:17:39.612, 2, 57.28, 0, 210, 1215
2026/02/23 16:17:39.612, 3, 55.41, 0, 210, 1215
2026/02/23 16:17:39.662, 0, 310.47, 100, 1410, 1215
2026/02/23 16:17:39.662, 1, 54.97, 0, 210, 1215
2026/02/23 16:17:39.663, 2, 57.28, 0, 210, 1215
2026/02/23 16:17:39.663, 3, 55.41, 0, 210, 1215
2026/02/23 16:17:39.713, 0, 310.47, 100, 1410, 1215
2026/02/23 16:17:39.713, 1, 54.97, 0, 210, 1215
2026/02/23 16:17:39.713, 2, 57.28, 0, 210, 1215
2026/02/23 16:17:39.713, 3, 55.41, 0, 210, 1215
2026/02/23 16:17:39.763, 0, 310.47, 100, 1410, 1215
2026/02/23 16:17:39.763, 1, 54.97, 0, 210, 1215
2026/02/23 16:17:39.763, 2, 57.28, 0, 210, 1215
2026/02/23 16:17:39.763, 3, 55.41, 0, 210, 1215
2026/02/23 16:17:39.814, 0, 310.47, 100, 1410, 1215
2026/02/23 16:17:39.814, 1, 54.97, 0, 210, 1215
2026/02/23 16:17:39.814, 2, 57.28, 0, 210, 1215
2026/02/23 16:17:39.814, 3, 55.41, 0, 210, 1215
2026/02/23 16:17:39.864, 0, 310.20, 100, 1410, 1215
2026/02/23 16:17:39.864, 1, 54.75, 0, 210, 1215
2026/02/23 16:17:39.864, 2, 57.28, 0, 210, 1215
2026/02/23 16:17:39.864, 3, 55.41, 0, 210, 1215
2026/02/23 16:17:39.915, 0, 310.20, 100, 1410, 1215
2026/02/23 16:17:39.915, 1, 54.75, 0, 210, 1215
2026/02/23 16:17:39.915, 2, 57.28, 0, 210, 1215
2026/02/23 16:17:39.915, 3, 55.41, 0, 210, 1215
2026/02/23 16:17:39.965, 0, 310.15, 100, 1410, 1215
2026/02/23 16:17:39.965, 1, 54.70, 0, 210, 1215
2026/02/23 16:17:39.965, 2, 57.28, 0, 210, 1215
2026/02/23 16:17:39.965, 3, 55.41, 0, 210, 1215
2026/02/23 16:17:40.015, 0, 310.15, 100, 1410, 1215
2026/02/23 16:17:40.016, 1, 54.70, 0, 210, 1215
2026/02/23 16:17:40.016, 2, 57.28, 0, 210, 1215
2026/02/23 16:17:40.016, 3, 55.35, 0, 210, 1215
2026/02/23 16:17:40.066, 0, 310.20, 100, 1410, 1215
2026/02/23 16:17:40.066, 1, 54.75, 0, 210, 1215
2026/02/23 16:17:40.066, 2, 57.28, 0, 210, 1215
2026/02/23 16:17:40.066, 3, 55.35, 0, 210, 1215
2026/02/23 16:17:40.116, 0, 310.20, 100, 1410, 1215
2026/02/23 16:17:40.116, 1, 54.75, 0, 210, 1215
2026/02/23 16:17:40.117, 2, 57.28, 0, 210, 1215
2026/02/23 16:17:40.117, 3, 55.41, 0, 210, 1215
2026/02/23 16:17:40.167, 0, 310.20, 100, 1410, 1215
2026/02/23 16:17:40.167, 1, 54.75, 0, 210, 1215
2026/02/23 16:17:40.167, 2, 57.28, 0, 210, 1215
2026/02/23 16:17:40.167, 3, 55.41, 0, 210, 1215
2026/02/23 16:17:40.217, 0, 310.20, 100, 1410, 1215
2026/02/23 16:17:40.217, 1, 54.75, 0, 210, 1215
2026/02/23 16:17:40.217, 2, 57.28, 0, 210, 1215
2026/02/23 16:17:40.218, 3, 55.41, 0, 210, 1215
2026/02/23 16:17:40.268, 0, 310.20, 100, 1410, 1215
2026/02/23 16:17:40.268, 1, 54.97, 0, 210, 1215
2026/02/23 16:17:40.268, 2, 57.28, 0, 210, 1215
2026/02/23 16:17:40.268, 3, 55.41, 0, 210, 1215
2026/02/23 16:17:40.318, 0, 310.20, 100, 1410, 1215
2026/02/23 16:17:40.318, 1, 54.97, 0, 210, 1215
2026/02/23 16:17:40.318, 2, 57.28, 0, 210, 1215
2026/02/23 16:17:40.318, 3, 55.41, 0, 210, 1215
2026/02/23 16:17:40.369, 0, 309.92, 100, 1410, 1215
2026/02/23 16:17:40.369, 1, 54.97, 0, 210, 1215
2026/02/23 16:17:40.369, 2, 57.34, 0, 210, 1215
2026/02/23 16:17:40.369, 3, 55.41, 0, 210, 1215
2026/02/23 16:17:40.419, 0, 309.92, 100, 1410, 1215
2026/02/23 16:17:40.419, 1, 54.97, 0, 210, 1215
2026/02/23 16:17:40.419, 2, 57.34, 0, 210, 1215
2026/02/23 16:17:40.419, 3, 55.41, 0, 210, 1215
2026/02/23 16:17:40.470, 0, 309.92, 100, 1410, 1215
2026/02/23 16:17:40.470, 1, 54.97, 0, 210, 1215
2026/02/23 16:17:40.470, 2, 57.28, 0, 210, 1215
2026/02/23 16:17:40.470, 3, 55.41, 0, 210, 1215
2026/02/23 16:17:40.520, 0, 309.92, 100, 1410, 1215
2026/02/23 16:17:40.520, 1, 54.97, 0, 210, 1215
2026/02/23 16:17:40.520, 2, 57.28, 0, 210, 1215
2026/02/23 16:17:40.520, 3, 55.41, 0, 210, 1215
2026/02/23 16:17:40.570, 0, 309.92, 100, 1410, 1215
2026/02/23 16:17:40.571, 1, 54.97, 0, 210, 1215
2026/02/23 16:17:40.571, 2, 57.34, 0, 210, 1215
2026/02/23 16:17:40.571, 3, 55.41, 0, 210, 1215
2026/02/23 16:17:40.621, 0, 309.92, 100, 1410, 1215
2026/02/23 16:17:40.621, 1, 54.97, 0, 210, 1215
2026/02/23 16:17:40.621, 2, 57.34, 0, 210, 1215
2026/02/23 16:17:40.621, 3, 55.41, 0, 210, 1215
2026/02/23 16:17:40.671, 0, 309.92, 100, 1410, 1215
2026/02/23 16:17:40.671, 1, 55.03, 0, 210, 1215
2026/02/23 16:17:40.672, 2, 57.28, 0, 210, 1215
2026/02/23 16:17:40.672, 3, 55.41, 0, 210, 1215
2026/02/23 16:17:40.722, 0, 309.92, 100, 1410, 1215
2026/02/23 16:17:40.722, 1, 55.03, 0, 210, 1215
2026/02/23 16:17:40.722, 2, 57.28, 0, 210, 1215
2026/02/23 16:17:40.722, 3, 55.41, 0, 210, 1215
2026/02/23 16:17:40.772, 0, 309.92, 100, 1410, 1215
2026/02/23 16:17:40.772, 1, 55.03, 0, 210, 1215
2026/02/23 16:17:40.772, 2, 57.34, 0, 210, 1215
2026/02/23 16:17:40.772, 3, 55.41, 0, 210, 1215
2026/02/23 16:17:40.823, 0, 309.92, 100, 1410, 1215
2026/02/23 16:17:40.823, 1, 55.03, 0, 210, 1215
2026/02/23 16:17:40.823, 2, 57.34, 0, 210, 1215
2026/02/23 16:17:40.823, 3, 55.41, 0, 210, 1215
2026/02/23 16:17:40.873, 0, 309.60, 100, 1410, 1215
2026/02/23 16:17:40.873, 1, 55.03, 0, 210, 1215
2026/02/23 16:17:40.873, 2, 57.34, 0, 210, 1215
2026/02/23 16:17:40.873, 3, 55.41, 0, 210, 1215
2026/02/23 16:17:40.924, 0, 309.60, 100, 1410, 1215
2026/02/23 16:17:40.924, 1, 55.03, 0, 210, 1215
2026/02/23 16:17:40.924, 2, 57.34, 0, 210, 1215
2026/02/23 16:17:40.924, 3, 55.41, 0, 210, 1215
2026/02/23 16:17:40.974, 0, 309.60, 100, 1410, 1215
2026/02/23 16:17:40.974, 1, 55.03, 0, 210, 1215
2026/02/23 16:17:40.974, 2, 57.28, 0, 210, 1215
2026/02/23 16:17:40.974, 3, 55.41, 0, 210, 1215
2026/02/23 16:17:41.024, 0, 309.60, 100, 1410, 1215
2026/02/23 16:17:41.025, 1, 55.03, 0, 210, 1215
2026/02/23 16:17:41.025, 2, 57.28, 0, 210, 1215
2026/02/23 16:17:41.025, 3, 55.41, 0, 210, 1215
2026/02/23 16:17:41.075, 0, 309.92, 100, 1410, 1215
2026/02/23 16:17:41.075, 1, 55.03, 0, 210, 1215
2026/02/23 16:17:41.075, 2, 57.28, 0, 210, 1215
2026/02/23 16:17:41.075, 3, 55.41, 0, 210, 1215
2026/02/23 16:17:41.125, 0, 309.92, 100, 1410, 1215
2026/02/23 16:17:41.125, 1, 55.03, 0, 210, 1215
2026/02/23 16:17:41.126, 2, 57.28, 0, 210, 1215
2026/02/23 16:17:41.126, 3, 55.41, 0, 210, 1215
2026/02/23 16:17:41.176, 0, 309.60, 100, 1410, 1215
2026/02/23 16:17:41.176, 1, 55.03, 0, 210, 1215
2026/02/23 16:17:41.176, 2, 57.34, 0, 210, 1215
2026/02/23 16:17:41.176, 3, 55.41, 0, 210, 1215
2026/02/23 16:17:41.226, 0, 309.60, 100, 1410, 1215
2026/02/23 16:17:41.226, 1, 55.03, 0, 210, 1215
2026/02/23 16:17:41.226, 2, 57.34, 0, 210, 1215
2026/02/23 16:17:41.227, 3, 55.41, 0, 210, 1215
2026/02/23 16:17:41.277, 0, 309.60, 100, 1410, 1215
2026/02/23 16:17:41.277, 1, 55.03, 0, 210, 1215
2026/02/23 16:17:41.277, 2, 57.28, 0, 210, 1215
2026/02/23 16:17:41.277, 3, 55.41, 0, 210, 1215
2026/02/23 16:17:41.327, 0, 309.60, 100, 1410, 1215
2026/02/23 16:17:41.327, 1, 55.03, 0, 210, 1215
2026/02/23 16:17:41.327, 2, 57.28, 0, 210, 1215
2026/02/23 16:17:41.327, 3, 55.41, 0, 210, 1215
2026/02/23 16:17:41.378, 0, 309.60, 100, 1410, 1215
2026/02/23 16:17:41.378, 1, 55.03, 0, 210, 1215
2026/02/23 16:17:41.378, 2, 57.34, 0, 210, 1215
2026/02/23 16:17:41.378, 3, 55.41, 0, 210, 1215
2026/02/23 16:17:41.428, 0, 309.60, 100, 1410, 1215
2026/02/23 16:17:41.428, 1, 55.03, 0, 210, 1215
2026/02/23 16:17:41.428, 2, 57.34, 0, 210, 1215
2026/02/23 16:17:41.428, 3, 55.41, 0, 210, 1215
2026/02/23 16:17:41.479, 0, 309.60, 100, 1410, 1215
2026/02/23 16:17:41.479, 1, 54.97, 0, 210, 1215
2026/02/23 16:17:41.479, 2, 57.01, 0, 210, 1215
2026/02/23 16:17:41.479, 3, 55.41, 0, 210, 1215
2026/02/23 16:17:41.529, 0, 309.60, 100, 1410, 1215
2026/02/23 16:17:41.529, 1, 54.97, 0, 210, 1215
2026/02/23 16:17:41.529, 2, 57.01, 0, 210, 1215
2026/02/23 16:17:41.529, 3, 55.41, 0, 210, 1215
2026/02/23 16:17:41.579, 0, 309.28, 100, 1410, 1215
2026/02/23 16:17:41.580, 1, 54.97, 0, 210, 1215
2026/02/23 16:17:41.580, 2, 57.28, 0, 210, 1215
2026/02/23 16:17:41.580, 3, 55.41, 0, 210, 1215
2026/02/23 16:17:41.630, 0, 309.28, 100, 1410, 1215
2026/02/23 16:17:41.630, 1, 54.97, 0, 210, 1215
2026/02/23 16:17:41.630, 2, 57.28, 0, 210, 1215
2026/02/23 16:17:41.630, 3, 55.35, 0, 210, 1215
2026/02/23 16:17:41.680, 0, 309.60, 100, 1410, 1215
2026/02/23 16:17:41.680, 1, 54.97, 0, 210, 1215
2026/02/23 16:17:41.680, 2, 57.28, 0, 210, 1215
2026/02/23 16:17:41.681, 3, 55.35, 0, 210, 1215
2026/02/23 16:17:41.731, 0, 309.60, 100, 1410, 1215
2026/02/23 16:17:41.731, 1, 54.97, 0, 210, 1215
2026/02/23 16:17:41.731, 2, 57.28, 0, 210, 1215
2026/02/23 16:17:41.731, 3, 55.41, 0, 210, 1215
2026/02/23 16:17:41.781, 0, 309.92, 100, 1410, 1215
2026/02/23 16:17:41.781, 1, 55.03, 0, 210, 1215
2026/02/23 16:17:41.781, 2, 57.28, 0, 210, 1215
2026/02/23 16:17:41.781, 3, 55.41, 0, 210, 1215
2026/02/23 16:17:41.832, 0, 309.60, 100, 1410, 1215
2026/02/23 16:17:41.832, 1, 55.03, 0, 210, 1215
2026/02/23 16:17:41.832, 2, 57.28, 0, 210, 1215
2026/02/23 16:17:41.832, 3, 55.41, 0, 210, 1215
2026/02/23 16:17:41.882, 0, 309.60, 100, 1410, 1215
2026/02/23 16:17:41.882, 1, 54.97, 0, 210, 1215
2026/02/23 16:17:41.882, 2, 57.34, 0, 210, 1215
2026/02/23 16:17:41.882, 3, 55.41, 0, 210, 1215
2026/02/23 16:17:41.933, 0, 309.60, 100, 1410, 1215
2026/02/23 16:17:41.933, 1, 54.97, 0, 210, 1215
2026/02/23 16:17:41.933, 2, 57.34, 0, 210, 1215
2026/02/23 16:17:41.933, 3, 55.41, 0, 210, 1215
2026/02/23 16:17:41.983, 0, 309.60, 100, 1410, 1215
2026/02/23 16:17:41.983, 1, 55.03, 0, 210, 1215
2026/02/23 16:17:41.983, 2, 57.28, 0, 210, 1215
2026/02/23 16:17:41.983, 3, 55.41, 0, 210, 1215
2026/02/23 16:17:42.033, 0, 309.60, 100, 1410, 1215
2026/02/23 16:17:42.034, 1, 55.03, 0, 210, 1215
2026/02/23 16:17:42.034, 2, 57.28, 0, 210, 1215
2026/02/23 16:17:42.034, 3, 55.41, 0, 210, 1215
2026/02/23 16:17:42.084, 0, 309.60, 100, 1410, 1215
2026/02/23 16:17:42.084, 1, 54.97, 0, 210, 1215
2026/02/23 16:17:42.084, 2, 57.28, 0, 210, 1215
2026/02/23 16:17:42.084, 3, 55.41, 0, 210, 1215
2026/02/23 16:17:42.134, 0, 309.60, 100, 1410, 1215
2026/02/23 16:17:42.134, 1, 54.97, 0, 210, 1215
2026/02/23 16:17:42.134, 2, 57.28, 0, 210, 1215
2026/02/23 16:17:42.134, 3, 55.41, 0, 210, 1215
2026/02/23 16:17:42.185, 0, 309.60, 100, 1410, 1215
2026/02/23 16:17:42.185, 1, 54.97, 0, 210, 1215
2026/02/23 16:17:42.185, 2, 57.28, 0, 210, 1215
2026/02/23 16:17:42.185, 3, 55.41, 0, 210, 1215
2026/02/23 16:17:42.235, 0, 309.60, 100, 1410, 1215
2026/02/23 16:17:42.235, 1, 54.97, 0, 210, 1215
2026/02/23 16:17:42.235, 2, 57.28, 0, 210, 1215
2026/02/23 16:17:42.235, 3, 55.41, 0, 210, 1215
2026/02/23 16:17:42.286, 0, 309.60, 100, 1410, 1215
2026/02/23 16:17:42.286, 1, 55.03, 0, 210, 1215
2026/02/23 16:17:42.286, 2, 57.28, 0, 210, 1215
2026/02/23 16:17:42.286, 3, 55.41, 0, 210, 1215
2026/02/23 16:17:42.336, 0, 309.60, 100, 1410, 1215
2026/02/23 16:17:42.336, 1, 55.03, 0, 210, 1215
2026/02/23 16:17:42.336, 2, 57.28, 0, 210, 1215
2026/02/23 16:17:42.336, 3, 55.41, 0, 210, 1215
2026/02/23 16:17:42.386, 0, 309.60, 100, 1410, 1215
2026/02/23 16:17:42.386, 1, 55.03, 0, 210, 1215
2026/02/23 16:17:42.387, 2, 57.28, 0, 210, 1215
2026/02/23 16:17:42.387, 3, 55.41, 0, 210, 1215
2026/02/23 16:17:42.437, 0, 309.61, 100, 1410, 1215
2026/02/23 16:17:42.437, 1, 55.03, 0, 210, 1215
2026/02/23 16:17:42.437, 2, 57.28, 0, 210, 1215
2026/02/23 16:17:42.437, 3, 55.41, 0, 210, 1215
2026/02/23 16:17:42.487, 0, 309.61, 100, 1410, 1215
2026/02/23 16:17:42.487, 1, 55.03, 0, 210, 1215
2026/02/23 16:17:42.487, 2, 57.28, 0, 210, 1215
2026/02/23 16:17:42.488, 3, 55.41, 0, 210, 1215
2026/02/23 16:17:42.538, 0, 309.92, 100, 1410, 1215
2026/02/23 16:17:42.538, 1, 55.03, 0, 210, 1215
2026/02/23 16:17:42.538, 2, 57.28, 0, 210, 1215
2026/02/23 16:17:42.538, 3, 55.41, 0, 210, 1215
2026/02/23 16:17:42.588, 0, 309.92, 100, 1410, 1215
2026/02/23 16:17:42.588, 1, 54.75, 0, 210, 1215
2026/02/23 16:17:42.588, 2, 57.06, 0, 210, 1215
2026/02/23 16:17:42.588, 3, 55.41, 0, 210, 1215
2026/02/23 16:17:42.639, 0, 309.92, 100, 1410, 1215
2026/02/23 16:17:42.639, 1, 54.75, 0, 210, 1215
2026/02/23 16:17:42.639, 2, 57.06, 0, 210, 1215
2026/02/23 16:17:42.639, 3, 55.41, 0, 210, 1215
2026/02/23 16:17:42.689, 0, 309.92, 100, 1410, 1215
2026/02/23 16:17:42.689, 1, 55.03, 0, 210, 1215
2026/02/23 16:17:42.689, 2, 57.28, 0, 210, 1215
2026/02/23 16:17:42.689, 3, 55.41, 0, 210, 1215
2026/02/23 16:17:42.740, 0, 310.49, 100, 1410, 1215
2026/02/23 16:17:42.741, 1, 55.03, 0, 210, 1215
2026/02/23 16:17:42.741, 2, 57.28, 0, 210, 1215
2026/02/23 16:17:42.741, 3, 55.41, 0, 210, 1215
2026/02/23 16:17:42.791, 0, 310.49, 100, 1410, 1215
2026/02/23 16:17:42.791, 1, 54.97, 0, 210, 1215
2026/02/23 16:17:42.791, 2, 57.28, 0, 210, 1215
2026/02/23 16:17:42.791, 3, 55.41, 0, 210, 1215
2026/02/23 16:17:42.841, 0, 310.81, 100, 1410, 1215
2026/02/23 16:17:42.841, 1, 54.97, 0, 210, 1215
2026/02/23 16:17:42.841, 2, 57.28, 0, 210, 1215
2026/02/23 16:17:42.842, 3, 55.41, 0, 210, 1215
2026/02/23 16:17:42.892, 0, 310.81, 100, 1410, 1215
2026/02/23 16:17:42.892, 1, 54.75, 0, 210, 1215
2026/02/23 16:17:42.892, 2, 57.28, 0, 210, 1215
2026/02/23 16:17:42.892, 3, 55.41, 0, 210, 1215
2026/02/23 16:17:42.942, 0, 310.49, 100, 1410, 1215
2026/02/23 16:17:42.942, 1, 54.75, 0, 210, 1215
2026/02/23 16:17:42.942, 2, 57.28, 0, 210, 1215
2026/02/23 16:17:42.942, 3, 55.41, 0, 210, 1215
2026/02/23 16:17:42.993, 0, 310.49, 100, 1410, 1215
2026/02/23 16:17:42.993, 1, 54.97, 0, 210, 1215
2026/02/23 16:17:42.993, 2, 57.28, 0, 210, 1215
2026/02/23 16:17:42.993, 3, 55.35, 0, 210, 1215
2026/02/23 16:17:43.043, 0, 310.81, 100, 1410, 1215
2026/02/23 16:17:43.043, 1, 54.97, 0, 210, 1215
2026/02/23 16:17:43.043, 2, 57.28, 0, 210, 1215
2026/02/23 16:17:43.043, 3, 55.35, 0, 210, 1215
2026/02/23 16:17:43.094, 0, 310.81, 100, 1410, 1215
2026/02/23 16:17:43.094, 1, 54.97, 0, 210, 1215
2026/02/23 16:17:43.094, 2, 57.28, 0, 210, 1215
2026/02/23 16:17:43.094, 3, 55.41, 0, 210, 1215
2026/02/23 16:17:43.144, 0, 310.81, 100, 1410, 1215
2026/02/23 16:17:43.144, 1, 54.97, 0, 210, 1215
2026/02/23 16:17:43.144, 2, 57.28, 0, 210, 1215
2026/02/23 16:17:43.144, 3, 55.41, 0, 210, 1215
2026/02/23 16:17:43.194, 0, 310.81, 100, 1410, 1215
2026/02/23 16:17:43.195, 1, 54.75, 0, 210, 1215
2026/02/23 16:17:43.195, 2, 57.28, 0, 210, 1215
2026/02/23 16:17:43.195, 3, 55.41, 0, 210, 1215
2026/02/23 16:17:43.245, 0, 310.81, 100, 1410, 1215
2026/02/23 16:17:43.245, 1, 54.75, 0, 210, 1215
2026/02/23 16:17:43.245, 2, 57.28, 0, 210, 1215
2026/02/23 16:17:43.245, 3, 55.41, 0, 210, 1215
2026/02/23 16:17:43.295, 0, 310.81, 100, 1410, 1215
2026/02/23 16:17:43.295, 1, 54.97, 0, 210, 1215
2026/02/23 16:17:43.296, 2, 57.28, 0, 210, 1215
2026/02/23 16:17:43.296, 3, 55.41, 0, 210, 1215
2026/02/23 16:17:43.346, 0, 310.81, 100, 1410, 1215
2026/02/23 16:17:43.346, 1, 54.97, 0, 210, 1215
2026/02/23 16:17:43.346, 2, 57.28, 0, 210, 1215
2026/02/23 16:17:43.346, 3, 55.41, 0, 210, 1215
2026/02/23 16:17:43.396, 0, 310.81, 100, 1410, 1215
2026/02/23 16:17:43.396, 1, 54.97, 0, 210, 1215
2026/02/23 16:17:43.396, 2, 57.28, 0, 210, 1215
2026/02/23 16:17:43.396, 3, 55.41, 0, 210, 1215
2026/02/23 16:17:43.447, 0, 310.47, 100, 1410, 1215
2026/02/23 16:17:43.447, 1, 54.97, 0, 210, 1215
2026/02/23 16:17:43.447, 2, 57.28, 0, 210, 1215
2026/02/23 16:17:43.447, 3, 55.41, 0, 210, 1215
2026/02/23 16:17:43.497, 0, 310.47, 100, 1410, 1215
2026/02/23 16:17:43.497, 1, 54.97, 0, 210, 1215
2026/02/23 16:17:43.497, 2, 57.28, 0, 210, 1215
2026/02/23 16:17:43.497, 3, 55.41, 0, 210, 1215
2026/02/23 16:17:43.548, 0, 310.47, 100, 1410, 1215
2026/02/23 16:17:43.548, 1, 54.97, 0, 210, 1215
2026/02/23 16:17:43.548, 2, 57.28, 0, 210, 1215
2026/02/23 16:17:43.548, 3, 55.41, 0, 210, 1215
2026/02/23 16:17:43.598, 0, 310.47, 100, 1410, 1215
2026/02/23 16:17:43.598, 1, 54.75, 0, 210, 1215
2026/02/23 16:17:43.598, 2, 57.28, 0, 210, 1215
2026/02/23 16:17:43.598, 3, 55.41, 0, 210, 1215
2026/02/23 16:17:43.649, 0, 310.47, 100, 1410, 1215
2026/02/23 16:17:43.649, 1, 54.75, 0, 210, 1215
2026/02/23 16:17:43.649, 2, 57.28, 0, 210, 1215
2026/02/23 16:17:43.649, 3, 55.41, 0, 210, 1215
2026/02/23 16:17:43.699, 0, 310.47, 100, 1410, 1215
2026/02/23 16:17:43.699, 1, 55.03, 0, 210, 1215
2026/02/23 16:17:43.699, 2, 57.28, 0, 210, 1215
2026/02/23 16:17:43.699, 3, 55.41, 0, 210, 1215
2026/02/23 16:17:43.749, 0, 310.47, 100, 1410, 1215
2026/02/23 16:17:43.750, 1, 55.03, 0, 210, 1215
2026/02/23 16:17:43.750, 2, 57.28, 0, 210, 1215
2026/02/23 16:17:43.750, 3, 55.41, 0, 210, 1215
2026/02/23 16:17:43.800, 0, 310.47, 100, 1410, 1215
2026/02/23 16:17:43.800, 1, 54.70, 0, 210, 1215
2026/02/23 16:17:43.800, 2, 57.28, 0, 210, 1215
2026/02/23 16:17:43.800, 3, 55.41, 0, 210, 1215
2026/02/23 16:17:43.850, 0, 310.20, 100, 1410, 1215
2026/02/23 16:17:43.850, 1, 54.70, 0, 210, 1215
2026/02/23 16:17:43.851, 2, 57.28, 0, 210, 1215
2026/02/23 16:17:43.851, 3, 55.41, 0, 210, 1215
2026/02/23 16:17:43.901, 0, 310.20, 100, 1410, 1215
2026/02/23 16:17:43.901, 1, 55.03, 0, 210, 1215
2026/02/23 16:17:43.901, 2, 57.28, 0, 210, 1215
2026/02/23 16:17:43.901, 3, 55.41, 0, 210, 1215
2026/02/23 16:17:43.951, 0, 310.15, 100, 1410, 1215
2026/02/23 16:17:43.951, 1, 55.03, 0, 210, 1215
2026/02/23 16:17:43.951, 2, 57.28, 0, 210, 1215
2026/02/23 16:17:43.952, 3, 55.41, 0, 210, 1215
2026/02/23 16:17:44.002, 0, 310.15, 100, 1410, 1215
2026/02/23 16:17:44.002, 1, 54.97, 0, 210, 1215
2026/02/23 16:17:44.002, 2, 57.28, 0, 210, 1215
2026/02/23 16:17:44.002, 3, 55.35, 0, 210, 1215
2026/02/23 16:17:44.052, 0, 310.20, 100, 1410, 1215
2026/02/23 16:17:44.052, 1, 54.97, 0, 210, 1215
2026/02/23 16:17:44.052, 2, 57.28, 0, 210, 1215
2026/02/23 16:17:44.052, 3, 55.35, 0, 210, 1215
2026/02/23 16:17:44.103, 0, 310.20, 100, 1410, 1215
2026/02/23 16:17:44.103, 1, 54.97, 0, 210, 1215
2026/02/23 16:17:44.103, 2, 57.28, 0, 210, 1215
2026/02/23 16:17:44.103, 3, 55.41, 0, 210, 1215
2026/02/23 16:17:44.153, 0, 310.20, 100, 1410, 1215
2026/02/23 16:17:44.153, 1, 54.97, 0, 210, 1215
2026/02/23 16:17:44.153, 2, 57.28, 0, 210, 1215
2026/02/23 16:17:44.153, 3, 55.41, 0, 210, 1215
2026/02/23 16:17:44.203, 0, 310.20, 100, 1410, 1215
2026/02/23 16:17:44.204, 1, 54.75, 0, 210, 1215
2026/02/23 16:17:44.204, 2, 57.28, 0, 210, 1215
2026/02/23 16:17:44.204, 3, 55.41, 0, 210, 1215
2026/02/23 16:17:44.254, 0, 309.92, 100, 1410, 1215
2026/02/23 16:17:44.254, 1, 54.75, 0, 210, 1215
2026/02/23 16:17:44.254, 2, 57.28, 0, 210, 1215
2026/02/23 16:17:44.254, 3, 55.41, 0, 210, 1215
2026/02/23 16:17:44.304, 0, 309.92, 100, 1410, 1215
2026/02/23 16:17:44.304, 1, 54.97, 0, 210, 1215
2026/02/23 16:17:44.305, 2, 57.28, 0, 210, 1215
2026/02/23 16:17:44.305, 3, 55.41, 0, 210, 1215
2026/02/23 16:17:44.355, 0, 310.20, 100, 1410, 1215
2026/02/23 16:17:44.355, 1, 54.97, 0, 210, 1215
2026/02/23 16:17:44.355, 2, 57.28, 0, 210, 1215
2026/02/23 16:17:44.355, 3, 55.41, 0, 210, 1215
2026/02/23 16:17:44.405, 0, 310.20, 100, 1410, 1215
2026/02/23 16:17:44.405, 1, 54.97, 0, 210, 1215
2026/02/23 16:17:44.405, 2, 57.28, 0, 210, 1215
2026/02/23 16:17:44.406, 3, 55.41, 0, 210, 1215
2026/02/23 16:17:44.456, 0, 310.20, 100, 1410, 1215
2026/02/23 16:17:44.456, 1, 54.97, 0, 210, 1215
2026/02/23 16:17:44.456, 2, 57.28, 0, 210, 1215
2026/02/23 16:17:44.456, 3, 55.41, 0, 210, 1215
2026/02/23 16:17:44.506, 0, 310.20, 100, 1410, 1215
2026/02/23 16:17:44.506, 1, 54.97, 0, 210, 1215
2026/02/23 16:17:44.506, 2, 57.28, 0, 210, 1215
2026/02/23 16:17:44.506, 3, 55.41, 0, 210, 1215
2026/02/23 16:17:44.557, 0, 310.47, 100, 1410, 1215
2026/02/23 16:17:44.557, 1, 54.97, 0, 210, 1215
2026/02/23 16:17:44.557, 2, 57.28, 0, 210, 1215
2026/02/23 16:17:44.557, 3, 55.41, 0, 210, 1215
2026/02/23 16:17:44.607, 0, 310.47, 100, 1410, 1215
2026/02/23 16:17:44.607, 1, 54.97, 0, 210, 1215
2026/02/23 16:17:44.607, 2, 57.28, 0, 210, 1215
2026/02/23 16:17:44.607, 3, 55.41, 0, 210, 1215
2026/02/23 16:17:44.658, 0, 309.92, 100, 1410, 1215
2026/02/23 16:17:44.658, 1, 54.97, 0, 210, 1215
2026/02/23 16:17:44.658, 2, 57.28, 0, 210, 1215
2026/02/23 16:17:44.658, 3, 55.41, 0, 210, 1215
2026/02/23 16:17:44.708, 0, 309.92, 100, 1410, 1215
2026/02/23 16:17:44.708, 1, 54.97, 0, 210, 1215
2026/02/23 16:17:44.708, 2, 57.28, 0, 210, 1215
2026/02/23 16:17:44.708, 3, 55.35, 0, 210, 1215
2026/02/23 16:17:44.758, 0, 309.92, 100, 1410, 1215
2026/02/23 16:17:44.759, 1, 54.97, 0, 210, 1215
2026/02/23 16:17:44.759, 2, 57.28, 0, 210, 1215
2026/02/23 16:17:44.759, 3, 55.35, 0, 210, 1215
2026/02/23 16:17:44.809, 0, 309.92, 100, 1410, 1215
2026/02/23 16:17:44.809, 1, 54.75, 0, 210, 1215
2026/02/23 16:17:44.809, 2, 57.28, 0, 210, 1215
2026/02/23 16:17:44.809, 3, 55.41, 0, 210, 1215
2026/02/23 16:17:44.859, 0, 309.88, 100, 1410, 1215
2026/02/23 16:17:44.859, 1, 54.97, 0, 210, 1215
2026/02/23 16:17:44.860, 2, 57.28, 0, 210, 1215
2026/02/23 16:17:44.860, 3, 55.41, 0, 210, 1215
2026/02/23 16:17:44.910, 0, 309.88, 100, 1410, 1215
2026/02/23 16:17:44.910, 1, 54.97, 0, 210, 1215
2026/02/23 16:17:44.910, 2, 57.28, 0, 210, 1215
2026/02/23 16:17:44.910, 3, 55.41, 0, 210, 1215
2026/02/23 16:17:44.960, 0, 309.92, 100, 1410, 1215
2026/02/23 16:17:44.960, 1, 54.97, 0, 210, 1215
2026/02/23 16:17:44.960, 2, 57.28, 0, 210, 1215
2026/02/23 16:17:44.961, 3, 55.41, 0, 210, 1215
2026/02/23 16:17:45.011, 0, 309.92, 100, 1410, 1215
2026/02/23 16:17:45.011, 1, 54.97, 0, 210, 1215
2026/02/23 16:17:45.011, 2, 57.28, 0, 210, 1215
2026/02/23 16:17:45.011, 3, 55.41, 0, 210, 1215
2026/02/23 16:17:45.061, 0, 309.92, 100, 1410, 1215
2026/02/23 16:17:45.061, 1, 54.97, 0, 210, 1215
2026/02/23 16:17:45.061, 2, 57.28, 0, 210, 1215
2026/02/23 16:17:45.061, 3, 55.41, 0, 210, 1215
2026/02/23 16:17:45.112, 0, 309.92, 100, 1410, 1215
2026/02/23 16:17:45.112, 1, 54.97, 0, 210, 1215
2026/02/23 16:17:45.112, 2, 57.28, 0, 210, 1215
2026/02/23 16:17:45.112, 3, 55.41, 0, 210, 1215
2026/02/23 16:17:45.162, 0, 309.28, 100, 1410, 1215
2026/02/23 16:17:45.162, 1, 54.97, 0, 210, 1215
2026/02/23 16:17:45.162, 2, 57.28, 0, 210, 1215
2026/02/23 16:17:45.162, 3, 55.41, 0, 210, 1215
2026/02/23 16:17:45.213, 0, 309.28, 100, 1410, 1215
2026/02/23 16:17:45.213, 1, 54.97, 0, 210, 1215
2026/02/23 16:17:45.213, 2, 57.28, 0, 210, 1215
2026/02/23 16:17:45.213, 3, 55.41, 0, 210, 1215
2026/02/23 16:17:45.263, 0, 309.28, 100, 1410, 1215
2026/02/23 16:17:45.263, 1, 54.97, 0, 210, 1215
2026/02/23 16:17:45.263, 2, 57.28, 0, 210, 1215
2026/02/23 16:17:45.263, 3, 55.41, 0, 210, 1215
2026/02/23 16:17:45.313, 0, 309.28, 100, 1410, 1215
2026/02/23 16:17:45.313, 1, 54.97, 0, 210, 1215
2026/02/23 16:17:45.314, 2, 57.28, 0, 210, 1215
2026/02/23 16:17:45.314, 3, 55.35, 0, 210, 1215
2026/02/23 16:17:45.364, 0, 309.61, 100, 1410, 1215
2026/02/23 16:17:45.364, 1, 54.97, 0, 210, 1215
2026/02/23 16:17:45.364, 2, 57.28, 0, 210, 1215
2026/02/23 16:17:45.364, 3, 55.35, 0, 210, 1215
2026/02/23 16:17:45.414, 0, 309.61, 100, 1410, 1215
2026/02/23 16:17:45.414, 1, 54.97, 0, 210, 1215
2026/02/23 16:17:45.414, 2, 57.28, 0, 210, 1215
2026/02/23 16:17:45.415, 3, 55.41, 0, 210, 1215
2026/02/23 16:17:45.465, 0, 309.92, 100, 1410, 1215
2026/02/23 16:17:45.465, 1, 54.97, 0, 210, 1215
2026/02/23 16:17:45.465, 2, 57.28, 0, 210, 1215
2026/02/23 16:17:45.465, 3, 55.41, 0, 210, 1215
2026/02/23 16:17:45.515, 0, 309.92, 100, 1410, 1215
2026/02/23 16:17:45.515, 1, 54.97, 0, 210, 1215
2026/02/23 16:17:45.515, 2, 57.28, 0, 210, 1215
2026/02/23 16:17:45.515, 3, 55.35, 0, 210, 1215
2026/02/23 16:17:45.566, 0, 309.61, 100, 1410, 1215
2026/02/23 16:17:45.566, 1, 54.97, 0, 210, 1215
2026/02/23 16:17:45.566, 2, 57.28, 0, 210, 1215
2026/02/23 16:17:45.566, 3, 55.35, 0, 210, 1215
2026/02/23 16:17:45.616, 0, 309.61, 100, 1410, 1215
2026/02/23 16:17:45.616, 1, 54.97, 0, 210, 1215
2026/02/23 16:17:45.616, 2, 57.28, 0, 210, 1215
2026/02/23 16:17:45.616, 3, 55.41, 0, 210, 1215
2026/02/23 16:17:45.667, 0, 309.60, 100, 1410, 1215
2026/02/23 16:17:45.667, 1, 54.97, 0, 210, 1215
2026/02/23 16:17:45.667, 2, 57.28, 0, 210, 1215
2026/02/23 16:17:45.667, 3, 55.41, 0, 210, 1215
2026/02/23 16:17:45.717, 0, 309.60, 100, 1410, 1215
2026/02/23 16:17:45.717, 1, 54.97, 0, 210, 1215
2026/02/23 16:17:45.717, 2, 57.28, 0, 210, 1215
2026/02/23 16:17:45.717, 3, 55.41, 0, 210, 1215
2026/02/23 16:17:45.767, 0, 309.92, 100, 1410, 1215
2026/02/23 16:17:45.768, 1, 54.97, 0, 210, 1215
2026/02/23 16:17:45.768, 2, 57.28, 0, 210, 1215
2026/02/23 16:17:45.768, 3, 55.41, 0, 210, 1215
2026/02/23 16:17:45.818, 0, 309.92, 100, 1410, 1215
2026/02/23 16:17:45.818, 1, 54.97, 0, 210, 1215
2026/02/23 16:17:45.818, 2, 57.28, 0, 210, 1215
2026/02/23 16:17:45.818, 3, 55.41, 0, 210, 1215
2026/02/23 16:17:45.868, 0, 309.28, 100, 1410, 1215
2026/02/23 16:17:45.868, 1, 54.97, 0, 210, 1215
2026/02/23 16:17:45.869, 2, 57.28, 0, 210, 1215
2026/02/23 16:17:45.869, 3, 55.41, 0, 210, 1215
2026/02/23 16:17:45.919, 0, 309.28, 100, 1410, 1215
2026/02/23 16:17:45.919, 1, 54.97, 0, 210, 1215
2026/02/23 16:17:45.919, 2, 57.28, 0, 210, 1215
2026/02/23 16:17:45.919, 3, 55.41, 0, 210, 1215
2026/02/23 16:17:45.969, 0, 309.92, 100, 1410, 1215
2026/02/23 16:17:45.969, 1, 54.97, 0, 210, 1215
2026/02/23 16:17:45.969, 2, 57.28, 0, 210, 1215
2026/02/23 16:17:45.970, 3, 55.41, 0, 210, 1215
2026/02/23 16:17:46.020, 0, 309.92, 100, 1410, 1215
2026/02/23 16:17:46.020, 1, 54.97, 0, 210, 1215
2026/02/23 16:17:46.020, 2, 57.28, 0, 210, 1215
2026/02/23 16:17:46.020, 3, 55.35, 0, 210, 1215
2026/02/23 16:17:46.070, 0, 310.20, 100, 1410, 1215
2026/02/23 16:17:46.070, 1, 54.97, 0, 210, 1215
2026/02/23 16:17:46.070, 2, 57.28, 0, 210, 1215
2026/02/23 16:17:46.070, 3, 55.35, 0, 210, 1215
2026/02/23 16:17:46.121, 0, 310.20, 100, 1410, 1215
2026/02/23 16:17:46.121, 1, 54.97, 0, 210, 1215
2026/02/23 16:17:46.121, 2, 57.28, 0, 210, 1215
2026/02/23 16:17:46.121, 3, 55.41, 0, 210, 1215
2026/02/23 16:17:46.171, 0, 309.61, 100, 1410, 1215
2026/02/23 16:17:46.171, 1, 54.75, 0, 210, 1215
2026/02/23 16:17:46.171, 2, 57.28, 0, 210, 1215
2026/02/23 16:17:46.171, 3, 55.41, 0, 210, 1215
2026/02/23 16:17:46.222, 0, 309.61, 100, 1410, 1215
2026/02/23 16:17:46.222, 1, 54.75, 0, 210, 1215
2026/02/23 16:17:46.222, 2, 57.28, 0, 210, 1215
2026/02/23 16:17:46.222, 3, 55.41, 0, 210, 1215
2026/02/23 16:17:46.272, 0, 309.92, 100, 1410, 1215
2026/02/23 16:17:46.272, 1, 54.97, 0, 210, 1215
2026/02/23 16:17:46.272, 2, 57.28, 0, 210, 1215
2026/02/23 16:17:46.272, 3, 55.41, 0, 210, 1215
2026/02/23 16:17:46.322, 0, 309.92, 100, 1410, 1215
2026/02/23 16:17:46.322, 1, 54.97, 0, 210, 1215
2026/02/23 16:17:46.323, 2, 57.28, 0, 210, 1215
2026/02/23 16:17:46.323, 3, 55.41, 0, 210, 1215
2026/02/23 16:17:46.373, 0, 310.20, 100, 1410, 1215
2026/02/23 16:17:46.373, 1, 54.70, 0, 210, 1215
2026/02/23 16:17:46.373, 2, 57.34, 0, 210, 1215
2026/02/23 16:17:46.373, 3, 55.41, 0, 210, 1215
2026/02/23 16:17:46.423, 0, 310.20, 100, 1410, 1215
2026/02/23 16:17:46.423, 1, 54.70, 0, 210, 1215
2026/02/23 16:17:46.423, 2, 57.34, 0, 210, 1215
2026/02/23 16:17:46.424, 3, 55.41, 0, 210, 1215
2026/02/23 16:17:46.474, 0, 310.20, 100, 1410, 1215
2026/02/23 16:17:46.474, 1, 54.97, 0, 210, 1215
2026/02/23 16:17:46.474, 2, 57.28, 0, 210, 1215
2026/02/23 16:17:46.474, 3, 55.41, 0, 210, 1215
2026/02/23 16:17:46.524, 0, 310.20, 100, 1410, 1215
2026/02/23 16:17:46.524, 1, 54.97, 0, 210, 1215
2026/02/23 16:17:46.524, 2, 57.28, 0, 210, 1215
2026/02/23 16:17:46.524, 3, 55.35, 0, 210, 1215
2026/02/23 16:17:46.575, 0, 310.20, 100, 1410, 1215
2026/02/23 16:17:46.575, 1, 54.70, 0, 210, 1215
2026/02/23 16:17:46.575, 2, 57.28, 0, 210, 1215
2026/02/23 16:17:46.575, 3, 55.35, 0, 210, 1215
2026/02/23 16:17:46.625, 0, 310.20, 100, 1410, 1215
2026/02/23 16:17:46.625, 1, 54.70, 0, 210, 1215
2026/02/23 16:17:46.625, 2, 57.28, 0, 210, 1215
2026/02/23 16:17:46.625, 3, 55.41, 0, 210, 1215
2026/02/23 16:17:46.676, 0, 310.81, 100, 1410, 1215
2026/02/23 16:17:46.676, 1, 54.97, 0, 210, 1215
2026/02/23 16:17:46.676, 2, 57.28, 0, 210, 1215
2026/02/23 16:17:46.676, 3, 55.41, 0, 210, 1215
2026/02/23 16:17:46.726, 0, 310.81, 100, 1410, 1215
2026/02/23 16:17:46.726, 1, 54.97, 0, 210, 1215
2026/02/23 16:17:46.726, 2, 57.28, 0, 210, 1215
2026/02/23 16:17:46.726, 3, 55.35, 0, 210, 1215
2026/02/23 16:17:46.776, 0, 311.08, 100, 1410, 1215
2026/02/23 16:17:46.777, 1, 54.70, 0, 210, 1215
2026/02/23 16:17:46.777, 2, 57.28, 0, 210, 1215
2026/02/23 16:17:46.777, 3, 55.35, 0, 210, 1215
2026/02/23 16:17:46.827, 0, 311.08, 100, 1410, 1215
2026/02/23 16:17:46.827, 1, 54.70, 0, 210, 1215
2026/02/23 16:17:46.827, 2, 57.28, 0, 210, 1215
2026/02/23 16:17:46.827, 3, 55.41, 0, 210, 1215
2026/02/23 16:17:46.877, 0, 310.81, 100, 1410, 1215
2026/02/23 16:17:46.878, 1, 54.97, 0, 210, 1215
2026/02/23 16:17:46.878, 2, 57.28, 0, 210, 1215
2026/02/23 16:17:46.878, 3, 55.41, 0, 210, 1215
2026/02/23 16:17:46.928, 0, 310.81, 100, 1410, 1215
2026/02/23 16:17:46.928, 1, 54.97, 0, 210, 1215
2026/02/23 16:17:46.928, 2, 57.28, 0, 210, 1215
2026/02/23 16:17:46.928, 3, 55.41, 0, 210, 1215
2026/02/23 16:17:46.978, 0, 310.81, 100, 1410, 1215
2026/02/23 16:17:46.978, 1, 55.03, 0, 210, 1215
2026/02/23 16:17:46.979, 2, 57.28, 0, 210, 1215
2026/02/23 16:17:46.979, 3, 55.41, 0, 210, 1215
2026/02/23 16:17:47.029, 0, 310.81, 100, 1410, 1215
2026/02/23 16:17:47.029, 1, 55.03, 0, 210, 1215
2026/02/23 16:17:47.029, 2, 57.28, 0, 210, 1215
2026/02/23 16:17:47.029, 3, 55.35, 0, 210, 1215
2026/02/23 16:17:47.079, 0, 310.81, 100, 1410, 1215
2026/02/23 16:17:47.079, 1, 55.03, 0, 210, 1215
2026/02/23 16:17:47.079, 2, 57.28, 0, 210, 1215
2026/02/23 16:17:47.079, 3, 55.35, 0, 210, 1215
2026/02/23 16:17:47.130, 0, 310.81, 100, 1410, 1215
2026/02/23 16:17:47.130, 1, 55.03, 0, 210, 1215
2026/02/23 16:17:47.130, 2, 57.28, 0, 210, 1215
2026/02/23 16:17:47.130, 3, 55.41, 0, 210, 1215
2026/02/23 16:17:47.180, 0, 311.08, 100, 1410, 1215
2026/02/23 16:17:47.180, 1, 54.97, 0, 210, 1215
2026/02/23 16:17:47.180, 2, 57.28, 0, 210, 1215
2026/02/23 16:17:47.180, 3, 55.41, 0, 210, 1215
2026/02/23 16:17:47.231, 0, 311.08, 100, 1410, 1215
2026/02/23 16:17:47.231, 1, 54.97, 0, 210, 1215
2026/02/23 16:17:47.231, 2, 57.28, 0, 210, 1215
2026/02/23 16:17:47.231, 3, 55.41, 0, 210, 1215
2026/02/23 16:17:47.281, 0, 310.81, 100, 1410, 1215
2026/02/23 16:17:47.281, 1, 54.70, 0, 210, 1215
2026/02/23 16:17:47.281, 2, 57.28, 0, 210, 1215
2026/02/23 16:17:47.281, 3, 55.41, 0, 210, 1215
2026/02/23 16:17:47.331, 0, 310.81, 100, 1410, 1215
2026/02/23 16:17:47.332, 1, 54.70, 0, 210, 1215
2026/02/23 16:17:47.332, 2, 57.28, 0, 210, 1215
2026/02/23 16:17:47.332, 3, 55.35, 0, 210, 1215
2026/02/23 16:17:47.382, 0, 310.81, 100, 1410, 1215
2026/02/23 16:17:47.382, 1, 55.03, 0, 210, 1215
2026/02/23 16:17:47.382, 2, 57.28, 0, 210, 1215
2026/02/23 16:17:47.382, 3, 55.35, 0, 210, 1215
2026/02/23 16:17:47.432, 0, 310.81, 100, 1410, 1215
2026/02/23 16:17:47.432, 1, 55.03, 0, 210, 1215
2026/02/23 16:17:47.433, 2, 57.28, 0, 210, 1215
2026/02/23 16:17:47.433, 3, 55.41, 0, 210, 1215
2026/02/23 16:17:47.483, 0, 310.81, 100, 1410, 1215
2026/02/23 16:17:47.483, 1, 54.97, 0, 210, 1215
2026/02/23 16:17:47.483, 2, 57.28, 0, 210, 1215
2026/02/23 16:17:47.483, 3, 55.41, 0, 210, 1215
2026/02/23 16:17:47.533, 0, 310.81, 100, 1410, 1215
2026/02/23 16:17:47.533, 1, 54.97, 0, 210, 1215
2026/02/23 16:17:47.533, 2, 57.28, 0, 210, 1215
2026/02/23 16:17:47.534, 3, 55.41, 0, 210, 1215
2026/02/23 16:17:47.584, 0, 310.81, 100, 1410, 1215
2026/02/23 16:17:47.584, 1, 55.03, 0, 210, 1215
2026/02/23 16:17:47.584, 2, 57.28, 0, 210, 1215
2026/02/23 16:17:47.584, 3, 55.41, 0, 210, 1215
2026/02/23 16:17:47.634, 0, 310.47, 100, 1410, 1215
2026/02/23 16:17:47.634, 1, 55.03, 0, 210, 1215
2026/02/23 16:17:47.634, 2, 57.28, 0, 210, 1215
2026/02/23 16:17:47.634, 3, 55.41, 0, 210, 1215
2026/02/23 16:17:47.685, 0, 310.47, 100, 1410, 1215
2026/02/23 16:17:47.685, 1, 54.97, 0, 210, 1215
2026/02/23 16:17:47.685, 2, 57.34, 0, 210, 1215
2026/02/23 16:17:47.685, 3, 55.41, 0, 210, 1215
2026/02/23 16:17:47.735, 0, 310.47, 100, 1410, 1215
2026/02/23 16:17:47.735, 1, 54.97, 0, 210, 1215
2026/02/23 16:17:47.735, 2, 57.34, 0, 210, 1215
2026/02/23 16:17:47.735, 3, 55.41, 0, 210, 1215
2026/02/23 16:17:47.786, 0, 310.47, 100, 1410, 1215
2026/02/23 16:17:47.786, 1, 54.97, 0, 210, 1215
2026/02/23 16:17:47.786, 2, 57.28, 0, 210, 1215
2026/02/23 16:17:47.786, 3, 55.41, 0, 210, 1215
2026/02/23 16:17:47.836, 0, 310.47, 100, 1410, 1215
2026/02/23 16:17:47.836, 1, 54.97, 0, 210, 1215
2026/02/23 16:17:47.836, 2, 57.28, 0, 210, 1215
2026/02/23 16:17:47.836, 3, 55.41, 0, 210, 1215
2026/02/23 16:17:47.886, 0, 310.47, 100, 1410, 1215
2026/02/23 16:17:47.887, 1, 54.97, 0, 210, 1215
2026/02/23 16:17:47.887, 2, 57.28, 0, 210, 1215
2026/02/23 16:17:47.887, 3, 55.41, 0, 210, 1215
2026/02/23 16:17:47.937, 0, 310.47, 100, 1410, 1215
2026/02/23 16:17:47.937, 1, 54.97, 0, 210, 1215
2026/02/23 16:17:47.937, 2, 57.28, 0, 210, 1215
2026/02/23 16:17:47.937, 3, 55.41, 0, 210, 1215
2026/02/23 16:17:47.987, 0, 310.47, 100, 1410, 1215
2026/02/23 16:17:47.987, 1, 54.97, 0, 210, 1215
2026/02/23 16:17:47.988, 2, 57.28, 0, 210, 1215
2026/02/23 16:17:47.988, 3, 55.41, 0, 210, 1215
2026/02/23 16:17:48.038, 0, 309.88, 100, 1410, 1215
2026/02/23 16:17:48.038, 1, 54.97, 0, 210, 1215
2026/02/23 16:17:48.038, 2, 57.28, 0, 210, 1215
2026/02/23 16:17:48.038, 3, 55.41, 0, 210, 1215
2026/02/23 16:17:48.088, 0, 309.88, 100, 1410, 1215
2026/02/23 16:17:48.088, 1, 54.97, 0, 210, 1215
2026/02/23 16:17:48.088, 2, 57.28, 0, 210, 1215
2026/02/23 16:17:48.088, 3, 55.35, 0, 210, 1215
2026/02/23 16:17:48.139, 0, 310.20, 100, 1410, 1215
2026/02/23 16:17:48.139, 1, 54.97, 0, 210, 1215
2026/02/23 16:17:48.139, 2, 57.28, 0, 210, 1215
2026/02/23 16:17:48.139, 3, 55.35, 0, 210, 1215
2026/02/23 16:17:48.189, 0, 310.20, 100, 1410, 1215
2026/02/23 16:17:48.189, 1, 54.97, 0, 210, 1215
2026/02/23 16:17:48.189, 2, 57.28, 0, 210, 1215
2026/02/23 16:17:48.189, 3, 55.41, 0, 210, 1215
2026/02/23 16:17:48.240, 0, 310.47, 100, 1410, 1215
2026/02/23 16:17:48.240, 1, 54.97, 0, 210, 1215
2026/02/23 16:17:48.240, 2, 57.28, 0, 210, 1215
2026/02/23 16:17:48.240, 3, 55.41, 0, 210, 1215
2026/02/23 16:17:48.290, 0, 310.47, 100, 1410, 1215
2026/02/23 16:17:48.290, 1, 54.97, 0, 210, 1215
2026/02/23 16:17:48.290, 2, 57.28, 0, 210, 1215
2026/02/23 16:17:48.290, 3, 55.35, 0, 210, 1215
2026/02/23 16:17:48.340, 0, 310.47, 100, 1410, 1215
2026/02/23 16:17:48.341, 1, 54.97, 0, 210, 1215
2026/02/23 16:17:48.341, 2, 57.28, 0, 210, 1215
2026/02/23 16:17:48.341, 3, 55.35, 0, 210, 1215
2026/02/23 16:17:48.391, 0, 310.47, 100, 1410, 1215
2026/02/23 16:17:48.391, 1, 54.97, 0, 210, 1215
2026/02/23 16:17:48.391, 2, 57.28, 0, 210, 1215
2026/02/23 16:17:48.391, 3, 55.41, 0, 210, 1215
2026/02/23 16:17:48.441, 0, 309.92, 100, 1410, 1215
2026/02/23 16:17:48.441, 1, 54.97, 0, 210, 1215
2026/02/23 16:17:48.442, 2, 57.28, 0, 210, 1215
2026/02/23 16:17:48.442, 3, 55.41, 0, 210, 1215
2026/02/23 16:17:48.492, 0, 309.92, 100, 1410, 1215
2026/02/23 16:17:48.492, 1, 54.97, 0, 210, 1215
2026/02/23 16:17:48.492, 2, 57.28, 0, 210, 1215
2026/02/23 16:17:48.492, 3, 55.41, 0, 210, 1215
2026/02/23 16:17:48.542, 0, 309.88, 100, 1410, 1215
2026/02/23 16:17:48.542, 1, 54.97, 0, 210, 1215
2026/02/23 16:17:48.542, 2, 57.28, 0, 210, 1215
2026/02/23 16:17:48.543, 3, 55.41, 0, 210, 1215
2026/02/23 16:17:48.593, 0, 309.88, 100, 1410, 1215
2026/02/23 16:17:48.593, 1, 54.97, 0, 210, 1215
2026/02/23 16:17:48.593, 2, 57.28, 0, 210, 1215
2026/02/23 16:17:48.593, 3, 55.35, 0, 210, 1215
2026/02/23 16:17:48.643, 0, 309.88, 100, 1410, 1215
2026/02/23 16:17:48.643, 1, 54.97, 0, 210, 1215
2026/02/23 16:17:48.643, 2, 57.28, 0, 210, 1215
2026/02/23 16:17:48.643, 3, 55.35, 0, 210, 1215
2026/02/23 16:17:48.694, 0, 309.88, 100, 1410, 1215
2026/02/23 16:17:48.694, 1, 54.97, 0, 210, 1215
2026/02/23 16:17:48.694, 2, 57.34, 0, 210, 1215
2026/02/23 16:17:48.694, 3, 55.41, 0, 210, 1215
2026/02/23 16:17:48.744, 0, 309.88, 100, 1410, 1215
2026/02/23 16:17:48.744, 1, 54.97, 0, 210, 1215
2026/02/23 16:17:48.744, 2, 57.34, 0, 210, 1215
2026/02/23 16:17:48.744, 3, 55.41, 0, 210, 1215
2026/02/23 16:17:48.795, 0, 309.88, 100, 1410, 1215
2026/02/23 16:17:48.795, 1, 54.97, 0, 210, 1215
2026/02/23 16:17:48.795, 2, 57.28, 0, 210, 1215
2026/02/23 16:17:48.795, 3, 55.35, 0, 210, 1215
2026/02/23 16:17:48.845, 0, 309.60, 100, 1410, 1215
2026/02/23 16:17:48.845, 1, 54.97, 0, 210, 1215
2026/02/23 16:17:48.845, 2, 57.28, 0, 210, 1215
2026/02/23 16:17:48.845, 3, 55.35, 0, 210, 1215
2026/02/23 16:17:48.895, 0, 309.60, 100, 1410, 1215
2026/02/23 16:17:48.896, 1, 54.97, 0, 210, 1215
2026/02/23 16:17:48.896, 2, 57.28, 0, 210, 1215
2026/02/23 16:17:48.896, 3, 55.41, 0, 210, 1215
2026/02/23 16:17:48.946, 0, 309.92, 100, 1410, 1215
2026/02/23 16:17:48.946, 1, 54.97, 0, 210, 1215
2026/02/23 16:17:48.946, 2, 57.28, 0, 210, 1215
2026/02/23 16:17:48.946, 3, 55.41, 0, 210, 1215
2026/02/23 16:17:48.996, 0, 309.92, 100, 1410, 1215
2026/02/23 16:17:48.996, 1, 55.03, 0, 210, 1215
2026/02/23 16:17:48.996, 2, 57.28, 0, 210, 1215
2026/02/23 16:17:48.997, 3, 55.35, 0, 210, 1215
2026/02/23 16:17:49.047, 0, 310.20, 100, 1410, 1215
2026/02/23 16:17:49.047, 1, 55.03, 0, 210, 1215
2026/02/23 16:17:49.047, 2, 57.28, 0, 210, 1215
2026/02/23 16:17:49.047, 3, 55.35, 0, 210, 1215
2026/02/23 16:17:49.097, 0, 310.20, 100, 1410, 1215
2026/02/23 16:17:49.097, 1, 54.97, 0, 210, 1215
2026/02/23 16:17:49.097, 2, 57.28, 0, 210, 1215
2026/02/23 16:17:49.097, 3, 55.41, 0, 210, 1215
2026/02/23 16:17:49.148, 0, 309.92, 100, 1410, 1215
2026/02/23 16:17:49.148, 1, 54.97, 0, 210, 1215
2026/02/23 16:17:49.148, 2, 57.28, 0, 210, 1215
2026/02/23 16:17:49.148, 3, 55.41, 0, 210, 1215
2026/02/23 16:17:49.198, 0, 309.92, 100, 1410, 1215
2026/02/23 16:17:49.198, 1, 55.03, 0, 210, 1215
2026/02/23 16:17:49.198, 2, 57.34, 0, 210, 1215
2026/02/23 16:17:49.198, 3, 55.41, 0, 210, 1215
2026/02/23 16:17:49.249, 0, 309.92, 100, 1410, 1215
2026/02/23 16:17:49.249, 1, 55.03, 0, 210, 1215
2026/02/23 16:17:49.249, 2, 57.34, 0, 210, 1215
2026/02/23 16:17:49.249, 3, 55.41, 0, 210, 1215
2026/02/23 16:17:49.299, 0, 309.92, 100, 1410, 1215
2026/02/23 16:17:49.299, 1, 54.97, 0, 210, 1215
2026/02/23 16:17:49.299, 2, 57.28, 0, 210, 1215
2026/02/23 16:17:49.299, 3, 55.41, 0, 210, 1215
2026/02/23 16:17:49.349, 0, 309.92, 100, 1410, 1215
2026/02/23 16:17:49.350, 1, 54.97, 0, 210, 1215
2026/02/23 16:17:49.350, 2, 57.28, 0, 210, 1215
2026/02/23 16:17:49.350, 3, 55.41, 0, 210, 1215
2026/02/23 16:17:49.400, 0, 309.92, 100, 1410, 1215
2026/02/23 16:17:49.400, 1, 55.03, 0, 210, 1215
2026/02/23 16:17:49.400, 2, 57.34, 0, 210, 1215
2026/02/23 16:17:49.400, 3, 55.41, 0, 210, 1215
2026/02/23 16:17:49.450, 0, 309.60, 100, 1410, 1215
2026/02/23 16:17:49.451, 1, 55.03, 0, 210, 1215
2026/02/23 16:17:49.451, 2, 57.34, 0, 210, 1215
2026/02/23 16:17:49.451, 3, 55.41, 0, 210, 1215
2026/02/23 16:17:49.501, 0, 309.60, 100, 1410, 1215
2026/02/23 16:17:49.501, 1, 55.03, 0, 210, 1215
2026/02/23 16:17:49.501, 2, 57.28, 0, 210, 1215
2026/02/23 16:17:49.501, 3, 55.41, 0, 210, 1215
2026/02/23 16:17:49.551, 0, 310.20, 100, 1410, 1215
2026/02/23 16:17:49.551, 1, 55.03, 0, 210, 1215
2026/02/23 16:17:49.552, 2, 57.28, 0, 210, 1215
2026/02/23 16:17:49.552, 3, 55.41, 0, 210, 1215
2026/02/23 16:17:49.602, 0, 310.20, 100, 1410, 1215
2026/02/23 16:17:49.602, 1, 54.97, 0, 210, 1215
2026/02/23 16:17:49.602, 2, 57.28, 0, 210, 1215
2026/02/23 16:17:49.602, 3, 55.41, 0, 210, 1215
2026/02/23 16:17:49.652, 0, 310.20, 100, 1410, 1215
2026/02/23 16:17:49.652, 1, 54.97, 0, 210, 1215
2026/02/23 16:17:49.652, 2, 57.28, 0, 210, 1215
2026/02/23 16:17:49.652, 3, 55.41, 0, 210, 1215
2026/02/23 16:17:49.703, 0, 310.20, 100, 1410, 1215
2026/02/23 16:17:49.703, 1, 54.97, 0, 210, 1215
2026/02/23 16:17:49.703, 2, 57.28, 0, 210, 1215
2026/02/23 16:17:49.703, 3, 55.41, 0, 210, 1215
2026/02/23 16:17:49.753, 0, 310.15, 100, 1410, 1215
2026/02/23 16:17:49.753, 1, 54.97, 0, 210, 1215
2026/02/23 16:17:49.753, 2, 57.28, 0, 210, 1215
2026/02/23 16:17:49.753, 3, 55.41, 0, 210, 1215
2026/02/23 16:17:49.804, 0, 310.15, 100, 1410, 1215
2026/02/23 16:17:49.804, 1, 54.97, 0, 210, 1215
2026/02/23 16:17:49.804, 2, 57.28, 0, 210, 1215
2026/02/23 16:17:49.804, 3, 55.35, 0, 210, 1215
2026/02/23 16:17:49.854, 0, 310.20, 100, 1410, 1215
2026/02/23 16:17:49.854, 1, 54.97, 0, 210, 1215
2026/02/23 16:17:49.854, 2, 57.28, 0, 210, 1215
2026/02/23 16:17:49.854, 3, 55.35, 0, 210, 1215
2026/02/23 16:17:49.904, 0, 310.20, 100, 1410, 1215
2026/02/23 16:17:49.905, 1, 54.97, 0, 210, 1215
2026/02/23 16:17:49.905, 2, 57.28, 0, 210, 1215
2026/02/23 16:17:49.905, 3, 55.41, 0, 210, 1215
2026/02/23 16:17:49.955, 0, 311.08, 100, 1410, 1215
2026/02/23 16:17:49.955, 1, 54.97, 0, 210, 1215
2026/02/23 16:17:49.955, 2, 57.28, 0, 210, 1215
2026/02/23 16:17:49.955, 3, 55.41, 0, 210, 1215
2026/02/23 16:17:50.005, 0, 311.08, 100, 1410, 1215
2026/02/23 16:17:50.005, 1, 55.03, 0, 210, 1215
2026/02/23 16:17:50.006, 2, 57.28, 0, 210, 1215
2026/02/23 16:17:50.006, 3, 55.41, 0, 210, 1215
2026/02/23 16:17:50.056, 0, 311.08, 100, 1410, 1215
2026/02/23 16:17:50.056, 1, 55.03, 0, 210, 1215
2026/02/23 16:17:50.056, 2, 57.28, 0, 210, 1215
2026/02/23 16:17:50.056, 3, 55.41, 0, 210, 1215
2026/02/23 16:17:50.106, 0, 311.08, 100, 1410, 1215
2026/02/23 16:17:50.106, 1, 54.97, 0, 210, 1215
2026/02/23 16:17:50.106, 2, 57.28, 0, 210, 1215
2026/02/23 16:17:50.107, 3, 55.41, 0, 210, 1215
2026/02/23 16:17:50.157, 0, 310.76, 100, 1410, 1215
2026/02/23 16:17:50.157, 1, 54.97, 0, 210, 1215
2026/02/23 16:17:50.157, 2, 57.28, 0, 210, 1215
2026/02/23 16:17:50.157, 3, 55.41, 0, 210, 1215
2026/02/23 16:17:50.207, 0, 310.76, 100, 1410, 1215
2026/02/23 16:17:50.207, 1, 54.97, 0, 210, 1215
2026/02/23 16:17:50.207, 2, 57.28, 0, 210, 1215
2026/02/23 16:17:50.207, 3, 55.41, 0, 210, 1215
2026/02/23 16:17:50.258, 0, 311.08, 100, 1410, 1215
2026/02/23 16:17:50.258, 1, 54.97, 0, 210, 1215
2026/02/23 16:17:50.258, 2, 57.28, 0, 210, 1215
2026/02/23 16:17:50.258, 3, 55.41, 0, 210, 1215
2026/02/23 16:17:50.308, 0, 311.08, 100, 1410, 1215
2026/02/23 16:17:50.308, 1, 54.97, 0, 210, 1215
2026/02/23 16:17:50.308, 2, 57.28, 0, 210, 1215
2026/02/23 16:17:50.308, 3, 55.35, 0, 210, 1215
2026/02/23 16:17:50.359, 0, 311.08, 100, 1410, 1215
2026/02/23 16:17:50.359, 1, 54.97, 0, 210, 1215
2026/02/23 16:17:50.359, 2, 57.28, 0, 210, 1215
2026/02/23 16:17:50.359, 3, 55.35, 0, 210, 1215
2026/02/23 16:17:50.409, 0, 311.08, 100, 1410, 1215
2026/02/23 16:17:50.409, 1, 54.97, 0, 210, 1215
2026/02/23 16:17:50.409, 2, 57.28, 0, 210, 1215
2026/02/23 16:17:50.409, 3, 55.41, 0, 210, 1215
2026/02/23 16:17:50.459, 0, 310.81, 100, 1410, 1215
2026/02/23 16:17:50.459, 1, 54.97, 0, 210, 1215
2026/02/23 16:17:50.460, 2, 57.28, 0, 210, 1215
2026/02/23 16:17:50.460, 3, 55.41, 0, 210, 1215
2026/02/23 16:17:50.510, 0, 310.81, 100, 1410, 1215
2026/02/23 16:17:50.510, 1, 54.75, 0, 210, 1215
2026/02/23 16:17:50.510, 2, 57.34, 0, 210, 1215
2026/02/23 16:17:50.510, 3, 55.41, 0, 210, 1215
2026/02/23 16:17:50.560, 0, 310.47, 100, 1410, 1215
2026/02/23 16:17:50.560, 1, 55.03, 0, 210, 1215
2026/02/23 16:17:50.560, 2, 57.34, 0, 210, 1215
2026/02/23 16:17:50.561, 3, 55.41, 0, 210, 1215
2026/02/23 16:17:50.611, 0, 310.47, 100, 1410, 1215
2026/02/23 16:17:50.611, 1, 55.03, 0, 210, 1215
2026/02/23 16:17:50.611, 2, 57.28, 0, 210, 1215
2026/02/23 16:17:50.611, 3, 55.41, 0, 210, 1215
2026/02/23 16:17:50.661, 0, 310.81, 100, 1410, 1215
2026/02/23 16:17:50.661, 1, 55.03, 0, 210, 1215
2026/02/23 16:17:50.661, 2, 57.28, 0, 210, 1215
2026/02/23 16:17:50.661, 3, 55.41, 0, 210, 1215
2026/02/23 16:17:50.712, 0, 310.81, 100, 1410, 1215
2026/02/23 16:17:50.712, 1, 55.03, 0, 210, 1215
2026/02/23 16:17:50.712, 2, 57.34, 0, 210, 1215
2026/02/23 16:17:50.712, 3, 55.41, 0, 210, 1215
2026/02/23 16:17:50.762, 0, 310.81, 100, 1410, 1215
2026/02/23 16:17:50.762, 1, 54.97, 0, 210, 1215
2026/02/23 16:17:50.762, 2, 57.34, 0, 210, 1215
2026/02/23 16:17:50.762, 3, 55.41, 0, 210, 1215
2026/02/23 16:17:50.813, 0, 310.81, 100, 1410, 1215
2026/02/23 16:17:50.813, 1, 54.97, 0, 210, 1215
2026/02/23 16:17:50.813, 2, 57.28, 0, 210, 1215
2026/02/23 16:17:50.813, 3, 55.41, 0, 210, 1215
2026/02/23 16:17:50.863, 0, 310.47, 100, 1410, 1215
2026/02/23 16:17:50.863, 1, 55.03, 0, 210, 1215
2026/02/23 16:17:50.863, 2, 57.28, 0, 210, 1215
2026/02/23 16:17:50.863, 3, 55.41, 0, 210, 1215
2026/02/23 16:17:50.913, 0, 310.47, 100, 1410, 1215
2026/02/23 16:17:50.914, 1, 55.03, 0, 210, 1215
2026/02/23 16:17:50.914, 2, 57.28, 0, 210, 1215
2026/02/23 16:17:50.914, 3, 55.41, 0, 210, 1215
2026/02/23 16:17:50.964, 0, 310.47, 100, 1410, 1215
2026/02/23 16:17:50.964, 1, 54.97, 0, 210, 1215
2026/02/23 16:17:50.964, 2, 57.28, 0, 210, 1215
2026/02/23 16:17:50.964, 3, 55.41, 0, 210, 1215
2026/02/23 16:17:51.014, 0, 310.47, 100, 1410, 1215
2026/02/23 16:17:51.014, 1, 54.97, 0, 210, 1215
2026/02/23 16:17:51.014, 2, 57.28, 0, 210, 1215
2026/02/23 16:17:51.015, 3, 55.41, 0, 210, 1215
2026/02/23 16:17:51.065, 0, 310.20, 100, 1410, 1215
2026/02/23 16:17:51.065, 1, 55.03, 0, 210, 1215
2026/02/23 16:17:51.065, 2, 57.28, 0, 210, 1215
2026/02/23 16:17:51.065, 3, 55.41, 0, 210, 1215
2026/02/23 16:17:51.115, 0, 310.20, 100, 1410, 1215
2026/02/23 16:17:51.115, 1, 55.03, 0, 210, 1215
2026/02/23 16:17:51.115, 2, 57.28, 0, 210, 1215
2026/02/23 16:17:51.115, 3, 55.35, 0, 210, 1215
2026/02/23 16:17:51.166, 0, 310.49, 100, 1410, 1215
2026/02/23 16:17:51.166, 1, 54.97, 0, 210, 1215
2026/02/23 16:17:51.166, 2, 57.28, 0, 210, 1215
2026/02/23 16:17:51.166, 3, 55.35, 0, 210, 1215
2026/02/23 16:17:51.216, 0, 310.49, 100, 1410, 1215
2026/02/23 16:17:51.216, 1, 54.97, 0, 210, 1215
2026/02/23 16:17:51.216, 2, 57.28, 0, 210, 1215
2026/02/23 16:17:51.216, 3, 55.35, 0, 210, 1215
2026/02/23 16:17:51.267, 0, 310.15, 100, 1410, 1215
2026/02/23 16:17:51.267, 1, 55.03, 0, 210, 1215
2026/02/23 16:17:51.267, 2, 57.28, 0, 210, 1215
2026/02/23 16:17:51.267, 3, 55.35, 0, 210, 1215
2026/02/23 16:17:51.317, 0, 310.15, 100, 1410, 1215
2026/02/23 16:17:51.317, 1, 55.03, 0, 210, 1215
2026/02/23 16:17:51.317, 2, 57.28, 0, 210, 1215
2026/02/23 16:17:51.317, 3, 55.41, 0, 210, 1215
2026/02/23 16:17:51.367, 0, 309.88, 100, 1410, 1215
2026/02/23 16:17:51.368, 1, 54.97, 0, 210, 1215
2026/02/23 16:17:51.368, 2, 57.28, 0, 210, 1215
2026/02/23 16:17:51.368, 3, 55.41, 0, 210, 1215
2026/02/23 16:17:51.418, 0, 309.88, 100, 1410, 1215
2026/02/23 16:17:51.418, 1, 54.97, 0, 210, 1215
2026/02/23 16:17:51.418, 2, 57.28, 0, 210, 1215
2026/02/23 16:17:51.418, 3, 55.35, 0, 210, 1215
2026/02/23 16:17:51.468, 0, 310.49, 100, 1410, 1215
2026/02/23 16:17:51.468, 1, 54.97, 0, 210, 1215
2026/02/23 16:17:51.469, 2, 57.28, 0, 210, 1215
2026/02/23 16:17:51.469, 3, 55.35, 0, 210, 1215
2026/02/23 16:17:51.519, 0, 310.49, 100, 1410, 1215
2026/02/23 16:17:51.519, 1, 54.97, 0, 210, 1215
2026/02/23 16:17:51.519, 2, 57.28, 0, 210, 1215
2026/02/23 16:17:51.519, 3, 55.35, 0, 210, 1215
2026/02/23 16:17:51.569, 0, 310.20, 100, 1410, 1215
2026/02/23 16:17:51.569, 1, 54.97, 0, 210, 1215
2026/02/23 16:17:51.569, 2, 57.28, 0, 210, 1215
2026/02/23 16:17:51.570, 3, 55.35, 0, 210, 1215
2026/02/23 16:17:51.620, 0, 310.20, 100, 1410, 1215
2026/02/23 16:17:51.620, 1, 54.97, 0, 210, 1215
2026/02/23 16:17:51.620, 2, 57.28, 0, 210, 1215
2026/02/23 16:17:51.620, 3, 55.35, 0, 210, 1215
2026/02/23 16:17:51.670, 0, 310.15, 100, 1410, 1215
2026/02/23 16:17:51.670, 1, 54.97, 0, 210, 1215
2026/02/23 16:17:51.670, 2, 57.28, 0, 210, 1215
2026/02/23 16:17:51.670, 3, 55.35, 0, 210, 1215
2026/02/23 16:17:51.721, 0, 310.15, 100, 1410, 1215
2026/02/23 16:17:51.721, 1, 54.97, 0, 210, 1215
2026/02/23 16:17:51.721, 2, 57.28, 0, 210, 1215
2026/02/23 16:17:51.721, 3, 55.41, 0, 210, 1215
2026/02/23 16:17:51.771, 0, 310.47, 100, 1410, 1215
2026/02/23 16:17:51.771, 1, 54.97, 0, 210, 1215
2026/02/23 16:17:51.771, 2, 57.28, 0, 210, 1215
2026/02/23 16:17:51.771, 3, 55.41, 0, 210, 1215
2026/02/23 16:17:51.822, 0, 310.47, 100, 1410, 1215
2026/02/23 16:17:51.822, 1, 54.97, 0, 210, 1215
2026/02/23 16:17:51.822, 2, 57.28, 0, 210, 1215
2026/02/23 16:17:51.822, 3, 55.41, 0, 210, 1215
2026/02/23 16:17:51.872, 0, 310.47, 100, 1410, 1215
2026/02/23 16:17:51.872, 1, 54.97, 0, 210, 1215
2026/02/23 16:17:51.872, 2, 57.28, 0, 210, 1215
2026/02/23 16:17:51.872, 3, 55.41, 0, 210, 1215
2026/02/23 16:17:51.922, 0, 310.47, 100, 1410, 1215
2026/02/23 16:17:51.923, 1, 54.97, 0, 210, 1215
2026/02/23 16:17:51.923, 2, 57.28, 0, 210, 1215
2026/02/23 16:17:51.923, 3, 55.41, 0, 210, 1215
2026/02/23 16:17:51.973, 0, 310.20, 100, 1410, 1215
2026/02/23 16:17:51.973, 1, 55.03, 0, 210, 1215
2026/02/23 16:17:51.973, 2, 57.34, 0, 210, 1215
2026/02/23 16:17:51.973, 3, 55.41, 0, 210, 1215
2026/02/23 16:17:52.023, 0, 310.20, 100, 1410, 1215
2026/02/23 16:17:52.023, 1, 55.03, 0, 210, 1215
2026/02/23 16:17:52.023, 2, 57.34, 0, 210, 1215
2026/02/23 16:17:52.024, 3, 55.41, 0, 210, 1215
2026/02/23 16:17:52.074, 0, 310.20, 100, 1410, 1215
2026/02/23 16:17:52.074, 1, 54.75, 0, 210, 1215
2026/02/23 16:17:52.074, 2, 57.28, 0, 210, 1215
2026/02/23 16:17:52.074, 3, 55.41, 0, 210, 1215
2026/02/23 16:17:52.124, 0, 310.20, 100, 1410, 1215
2026/02/23 16:17:52.124, 1, 54.75, 0, 210, 1215
2026/02/23 16:17:52.124, 2, 57.28, 0, 210, 1215
2026/02/23 16:17:52.124, 3, 55.41, 0, 210, 1215
2026/02/23 16:17:52.175, 0, 309.92, 100, 1410, 1215
2026/02/23 16:17:52.175, 1, 54.97, 0, 210, 1215
2026/02/23 16:17:52.175, 2, 57.34, 0, 210, 1215
2026/02/23 16:17:52.175, 3, 55.41, 0, 210, 1215
2026/02/23 16:17:52.225, 0, 309.92, 100, 1410, 1215
2026/02/23 16:17:52.225, 1, 54.97, 0, 210, 1215
2026/02/23 16:17:52.225, 2, 57.34, 0, 210, 1215
2026/02/23 16:17:52.225, 3, 55.41, 0, 210, 1215
2026/02/23 16:17:52.276, 0, 309.92, 100, 1410, 1215
2026/02/23 16:17:52.276, 1, 55.03, 0, 210, 1215
2026/02/23 16:17:52.276, 2, 57.28, 0, 210, 1215
2026/02/23 16:17:52.276, 3, 55.41, 0, 210, 1215
2026/02/23 16:17:52.326, 0, 309.92, 100, 1410, 1215
2026/02/23 16:17:52.326, 1, 55.03, 0, 210, 1215
2026/02/23 16:17:52.326, 2, 57.28, 0, 210, 1215
2026/02/23 16:17:52.326, 3, 55.41, 0, 210, 1215
2026/02/23 16:17:52.376, 0, 309.92, 100, 1410, 1215
2026/02/23 16:17:52.377, 1, 54.97, 0, 210, 1215
2026/02/23 16:17:52.377, 2, 57.28, 0, 210, 1215
2026/02/23 16:17:52.377, 3, 55.41, 0, 210, 1215
2026/02/23 16:17:52.427, 0, 309.92, 100, 1410, 1215
2026/02/23 16:17:52.427, 1, 54.97, 0, 210, 1215
2026/02/23 16:17:52.427, 2, 57.28, 0, 210, 1215
2026/02/23 16:17:52.427, 3, 55.41, 0, 210, 1215
2026/02/23 16:17:52.477, 0, 309.92, 100, 1410, 1215
2026/02/23 16:17:52.477, 1, 55.03, 0, 210, 1215
2026/02/23 16:17:52.478, 2, 57.28, 0, 210, 1215
2026/02/23 16:17:52.478, 3, 55.41, 0, 210, 1215
2026/02/23 16:17:52.528, 0, 309.92, 100, 1410, 1215
2026/02/23 16:17:52.528, 1, 55.03, 0, 210, 1215
2026/02/23 16:17:52.528, 2, 57.28, 0, 210, 1215
2026/02/23 16:17:52.528, 3, 55.41, 0, 210, 1215
2026/02/23 16:17:52.578, 0, 310.20, 100, 1410, 1215
2026/02/23 16:17:52.578, 1, 55.03, 0, 210, 1215
2026/02/23 16:17:52.578, 2, 57.28, 0, 210, 1215
2026/02/23 16:17:52.579, 3, 55.41, 0, 210, 1215
2026/02/23 16:17:52.629, 0, 310.20, 100, 1410, 1215
2026/02/23 16:17:52.629, 1, 55.03, 0, 210, 1215
2026/02/23 16:17:52.629, 2, 57.28, 0, 210, 1215
2026/02/23 16:17:52.629, 3, 55.41, 0, 210, 1215
2026/02/23 16:17:52.679, 0, 309.88, 100, 1410, 1215
2026/02/23 16:17:52.679, 1, 54.97, 0, 210, 1215
2026/02/23 16:17:52.679, 2, 57.28, 0, 210, 1215
2026/02/23 16:17:52.679, 3, 55.41, 0, 210, 1215
2026/02/23 16:17:52.730, 0, 309.88, 100, 1410, 1215
2026/02/23 16:17:52.730, 1, 54.97, 0, 210, 1215
2026/02/23 16:17:52.730, 2, 57.28, 0, 210, 1215
2026/02/23 16:17:52.730, 3, 55.41, 0, 210, 1215
2026/02/23 16:17:52.780, 0, 309.92, 100, 1410, 1215
2026/02/23 16:17:52.780, 1, 54.97, 0, 210, 1215
2026/02/23 16:17:52.780, 2, 57.28, 0, 210, 1215
2026/02/23 16:17:52.780, 3, 55.41, 0, 210, 1215
2026/02/23 16:17:52.830, 0, 309.92, 100, 1410, 1215
2026/02/23 16:17:52.830, 1, 54.97, 0, 210, 1215
2026/02/23 16:17:52.831, 2, 57.28, 0, 210, 1215
2026/02/23 16:17:52.831, 3, 55.41, 0, 210, 1215
2026/02/23 16:17:52.881, 0, 309.88, 100, 1410, 1215
2026/02/23 16:17:52.882, 1, 54.97, 0, 210, 1215
2026/02/23 16:17:52.882, 2, 57.28, 0, 210, 1215
2026/02/23 16:17:52.882, 3, 55.41, 0, 210, 1215
2026/02/23 16:17:52.932, 0, 309.88, 100, 1410, 1215
2026/02/23 16:17:52.932, 1, 54.97, 0, 210, 1215
2026/02/23 16:17:52.932, 2, 57.28, 0, 210, 1215
2026/02/23 16:17:52.932, 3, 55.35, 0, 210, 1215
2026/02/23 16:17:52.983, 0, 309.61, 100, 1410, 1215
2026/02/23 16:17:52.983, 1, 54.97, 0, 210, 1215
2026/02/23 16:17:52.983, 2, 57.28, 0, 210, 1215
2026/02/23 16:17:52.983, 3, 55.41, 0, 210, 1215
2026/02/23 16:17:53.033, 0, 309.92, 100, 1410, 1215
2026/02/23 16:17:53.033, 1, 54.97, 0, 210, 1215
2026/02/23 16:17:53.033, 2, 57.28, 0, 210, 1215
2026/02/23 16:17:53.033, 3, 55.41, 0, 210, 1215
2026/02/23 16:17:53.083, 0, 309.92, 100, 1410, 1215
2026/02/23 16:17:53.084, 1, 54.70, 0, 210, 1215
2026/02/23 16:17:53.084, 2, 57.28, 0, 210, 1215
2026/02/23 16:17:53.084, 3, 55.35, 0, 210, 1215
2026/02/23 16:17:53.134, 0, 310.20, 100, 1410, 1215
2026/02/23 16:17:53.134, 1, 54.70, 0, 210, 1215
2026/02/23 16:17:53.134, 2, 57.28, 0, 210, 1215
2026/02/23 16:17:53.134, 3, 55.35, 0, 210, 1215
2026/02/23 16:17:53.184, 0, 310.20, 100, 1410, 1215
2026/02/23 16:17:53.184, 1, 55.03, 0, 210, 1215
2026/02/23 16:17:53.185, 2, 57.28, 0, 210, 1215
2026/02/23 16:17:53.185, 3, 55.41, 0, 210, 1215
2026/02/23 16:17:53.235, 0, 310.20, 100, 1410, 1215
2026/02/23 16:17:53.235, 1, 55.03, 0, 210, 1215
2026/02/23 16:17:53.235, 2, 57.28, 0, 210, 1215
2026/02/23 16:17:53.235, 3, 55.41, 0, 210, 1215
2026/02/23 16:17:53.285, 0, 310.20, 100, 1410, 1215
2026/02/23 16:17:53.285, 1, 55.03, 0, 210, 1215
2026/02/23 16:17:53.285, 2, 57.34, 0, 210, 1215
2026/02/23 16:17:53.285, 3, 55.41, 0, 210, 1215
2026/02/23 16:17:53.336, 0, 310.20, 100, 1410, 1215
2026/02/23 16:17:53.336, 1, 55.03, 0, 210, 1215
2026/02/23 16:17:53.336, 2, 57.34, 0, 210, 1215
2026/02/23 16:17:53.336, 3, 55.41, 0, 210, 1215
2026/02/23 16:17:53.386, 0, 310.20, 100, 1410, 1215
2026/02/23 16:17:53.386, 1, 54.97, 0, 210, 1215
2026/02/23 16:17:53.386, 2, 57.28, 0, 210, 1215
2026/02/23 16:17:53.386, 3, 55.41, 0, 210, 1215
2026/02/23 16:17:53.437, 0, 310.20, 100, 1410, 1215
2026/02/23 16:17:53.437, 1, 54.97, 0, 210, 1215
2026/02/23 16:17:53.437, 2, 57.28, 0, 210, 1215
2026/02/23 16:17:53.437, 3, 55.41, 0, 210, 1215
2026/02/23 16:17:53.487, 0, 310.20, 100, 1410, 1215
2026/02/23 16:17:53.487, 1, 54.97, 0, 210, 1215
2026/02/23 16:17:53.487, 2, 57.28, 0, 210, 1215
2026/02/23 16:17:53.487, 3, 55.41, 0, 210, 1215
2026/02/23 16:17:53.537, 0, 311.08, 100, 1410, 1215
2026/02/23 16:17:53.538, 1, 54.97, 0, 210, 1215
2026/02/23 16:17:53.538, 2, 57.28, 0, 210, 1215
2026/02/23 16:17:53.538, 3, 55.41, 0, 210, 1215
2026/02/23 16:17:53.588, 0, 311.08, 100, 1410, 1215
2026/02/23 16:17:53.588, 1, 55.03, 0, 210, 1215
2026/02/23 16:17:53.588, 2, 57.28, 0, 210, 1215
2026/02/23 16:17:53.588, 3, 55.41, 0, 210, 1215
2026/02/23 16:17:53.638, 0, 311.08, 100, 1410, 1215
2026/02/23 16:17:53.638, 1, 55.03, 0, 210, 1215
2026/02/23 16:17:53.639, 2, 57.28, 0, 210, 1215
2026/02/23 16:17:53.639, 3, 55.41, 0, 210, 1215
2026/02/23 16:17:53.689, 0, 311.08, 100, 1410, 1215
2026/02/23 16:17:53.689, 1, 55.03, 0, 210, 1215
2026/02/23 16:17:53.689, 2, 57.28, 0, 210, 1215
2026/02/23 16:17:53.689, 3, 55.41, 0, 210, 1215
2026/02/23 16:17:53.739, 0, 311.08, 100, 1410, 1215
2026/02/23 16:17:53.739, 1, 55.03, 0, 210, 1215
2026/02/23 16:17:53.739, 2, 57.28, 0, 210, 1215
2026/02/23 16:17:53.740, 3, 55.41, 0, 210, 1215
2026/02/23 16:17:53.790, 0, 311.08, 100, 1410, 1215
2026/02/23 16:17:53.790, 1, 55.03, 0, 210, 1215
2026/02/23 16:17:53.790, 2, 57.28, 0, 210, 1215
2026/02/23 16:17:53.790, 3, 55.35, 0, 210, 1215
2026/02/23 16:17:53.840, 0, 310.81, 100, 1410, 1215
2026/02/23 16:17:53.840, 1, 55.03, 0, 210, 1215
2026/02/23 16:17:53.840, 2, 57.28, 0, 210, 1215
2026/02/23 16:17:53.840, 3, 55.35, 0, 210, 1215
2026/02/23 16:17:53.891, 0, 310.81, 100, 1410, 1215
2026/02/23 16:17:53.891, 1, 54.97, 0, 210, 1215
2026/02/23 16:17:53.891, 2, 57.28, 0, 210, 1215
2026/02/23 16:17:53.891, 3, 55.41, 0, 210, 1215
2026/02/23 16:17:53.941, 0, 311.08, 100, 1410, 1215
2026/02/23 16:17:53.941, 1, 54.97, 0, 210, 1215
2026/02/23 16:17:53.941, 2, 57.28, 0, 210, 1215
2026/02/23 16:17:53.941, 3, 55.41, 0, 210, 1215
2026/02/23 16:17:53.991, 0, 311.08, 100, 1410, 1215
2026/02/23 16:17:53.992, 1, 54.97, 0, 210, 1215
2026/02/23 16:17:53.992, 2, 57.28, 0, 210, 1215
2026/02/23 16:17:53.992, 3, 55.41, 0, 210, 1215
2026/02/23 16:17:54.042, 0, 310.76, 100, 1410, 1215
2026/02/23 16:17:54.042, 1, 54.97, 0, 210, 1215
2026/02/23 16:17:54.042, 2, 57.28, 0, 210, 1215
2026/02/23 16:17:54.042, 3, 55.41, 0, 210, 1215
2026/02/23 16:17:54.092, 0, 310.76, 100, 1410, 1215
2026/02/23 16:17:54.092, 1, 54.97, 0, 210, 1215
2026/02/23 16:17:54.093, 2, 57.28, 0, 210, 1215
2026/02/23 16:17:54.093, 3, 55.35, 0, 210, 1215
2026/02/23 16:17:54.143, 0, 311.03, 100, 1410, 1215
2026/02/23 16:17:54.143, 1, 54.97, 0, 210, 1215
2026/02/23 16:17:54.143, 2, 57.28, 0, 210, 1215
2026/02/23 16:17:54.143, 3, 55.35, 0, 210, 1215
2026/02/23 16:17:54.193, 0, 311.03, 100, 1410, 1215
2026/02/23 16:17:54.193, 1, 54.97, 0, 210, 1215
2026/02/23 16:17:54.193, 2, 57.28, 0, 210, 1215
2026/02/23 16:17:54.194, 3, 55.35, 0, 210, 1215
2026/02/23 16:17:54.244, 0, 311.03, 100, 1410, 1215
2026/02/23 16:17:54.244, 1, 54.97, 0, 210, 1215
2026/02/23 16:17:54.244, 2, 57.28, 0, 210, 1215
2026/02/23 16:17:54.244, 3, 55.35, 0, 210, 1215
2026/02/23 16:17:54.294, 0, 311.03, 100, 1410, 1215
2026/02/23 16:17:54.294, 1, 54.97, 0, 210, 1215
2026/02/23 16:17:54.294, 2, 57.28, 0, 210, 1215
2026/02/23 16:17:54.294, 3, 55.35, 0, 210, 1215
2026/02/23 16:17:54.345, 0, 311.03, 100, 1410, 1215
2026/02/23 16:17:54.345, 1, 54.97, 0, 210, 1215
2026/02/23 16:17:54.345, 2, 57.28, 0, 210, 1215
2026/02/23 16:17:54.345, 3, 55.35, 0, 210, 1215
2026/02/23 16:17:54.395, 0, 311.03, 100, 1410, 1215
2026/02/23 16:17:54.395, 1, 54.97, 0, 210, 1215
2026/02/23 16:17:54.395, 2, 57.28, 0, 210, 1215
2026/02/23 16:17:54.395, 3, 55.35, 0, 210, 1215
2026/02/23 16:17:54.446, 0, 311.08, 100, 1410, 1215
2026/02/23 16:17:54.446, 1, 54.97, 0, 210, 1215
2026/02/23 16:17:54.446, 2, 57.28, 0, 210, 1215
2026/02/23 16:17:54.446, 3, 55.35, 0, 210, 1215
2026/02/23 16:17:54.496, 0, 311.08, 100, 1410, 1215
2026/02/23 16:17:54.496, 1, 54.97, 0, 210, 1215
2026/02/23 16:17:54.496, 2, 57.28, 0, 210, 1215
2026/02/23 16:17:54.496, 3, 55.35, 0, 210, 1215
2026/02/23 16:17:54.546, 0, 310.49, 100, 1410, 1215
2026/02/23 16:17:54.547, 1, 54.97, 0, 210, 1215
2026/02/23 16:17:54.547, 2, 57.28, 0, 210, 1215
2026/02/23 16:17:54.547, 3, 55.35, 0, 210, 1215
2026/02/23 16:17:54.597, 0, 310.49, 100, 1410, 1215
2026/02/23 16:17:54.597, 1, 54.97, 0, 210, 1215
2026/02/23 16:17:54.597, 2, 57.28, 0, 210, 1215
2026/02/23 16:17:54.597, 3, 55.35, 0, 210, 1215
2026/02/23 16:17:54.647, 0, 310.76, 100, 1410, 1215
2026/02/23 16:17:54.647, 1, 54.97, 0, 210, 1215
2026/02/23 16:17:54.648, 2, 57.28, 0, 210, 1215
2026/02/23 16:17:54.648, 3, 55.35, 0, 210, 1215
2026/02/23 16:17:54.698, 0, 310.76, 100, 1410, 1215
2026/02/23 16:17:54.698, 1, 54.97, 0, 210, 1215
2026/02/23 16:17:54.698, 2, 57.28, 0, 210, 1215
2026/02/23 16:17:54.698, 3, 55.41, 0, 210, 1215
2026/02/23 16:17:54.748, 0, 310.81, 100, 1410, 1215
2026/02/23 16:17:54.748, 1, 54.97, 0, 210, 1215
2026/02/23 16:17:54.748, 2, 57.28, 0, 210, 1215
2026/02/23 16:17:54.749, 3, 55.41, 0, 210, 1215
2026/02/23 16:17:54.799, 0, 310.81, 100, 1410, 1215
2026/02/23 16:17:54.799, 1, 54.97, 0, 210, 1215
2026/02/23 16:17:54.799, 2, 57.34, 0, 210, 1215
2026/02/23 16:17:54.799, 3, 55.41, 0, 210, 1215
2026/02/23 16:17:54.849, 0, 310.47, 100, 1410, 1215
2026/02/23 16:17:54.849, 1, 54.97, 0, 210, 1215
2026/02/23 16:17:54.849, 2, 57.34, 0, 210, 1215
2026/02/23 16:17:54.849, 3, 55.41, 0, 210, 1215
2026/02/23 16:17:54.900, 0, 310.47, 100, 1410, 1215
2026/02/23 16:17:54.900, 1, 54.97, 0, 210, 1215
2026/02/23 16:17:54.900, 2, 57.28, 0, 210, 1215
2026/02/23 16:17:54.900, 3, 55.41, 0, 210, 1215
2026/02/23 16:17:54.950, 0, 311.08, 100, 1410, 1215
2026/02/23 16:17:54.950, 1, 54.97, 0, 210, 1215
2026/02/23 16:17:54.950, 2, 57.28, 0, 210, 1215
2026/02/23 16:17:54.950, 3, 55.41, 0, 210, 1215
2026/02/23 16:17:55.001, 0, 311.08, 100, 1410, 1215
2026/02/23 16:17:55.001, 1, 54.97, 0, 210, 1215
2026/02/23 16:17:55.001, 2, 57.28, 0, 210, 1215
2026/02/23 16:17:55.001, 3, 55.41, 0, 210, 1215
2026/02/23 16:17:55.051, 0, 310.47, 100, 1410, 1215
2026/02/23 16:17:55.051, 1, 54.97, 0, 210, 1215
2026/02/23 16:17:55.051, 2, 57.28, 0, 210, 1215
2026/02/23 16:17:55.051, 3, 55.41, 0, 210, 1215
2026/02/23 16:17:55.101, 0, 310.47, 100, 1410, 1215
2026/02/23 16:17:55.102, 1, 55.03, 0, 210, 1215
2026/02/23 16:17:55.102, 2, 57.28, 0, 210, 1215
2026/02/23 16:17:55.102, 3, 55.41, 0, 210, 1215
2026/02/23 16:17:55.152, 0, 310.47, 100, 1410, 1215
2026/02/23 16:17:55.152, 1, 55.03, 0, 210, 1215
2026/02/23 16:17:55.152, 2, 57.28, 0, 210, 1215
2026/02/23 16:17:55.152, 3, 55.41, 0, 210, 1215
2026/02/23 16:17:55.202, 0, 310.47, 100, 1410, 1215
2026/02/23 16:17:55.202, 1, 54.97, 0, 210, 1215
2026/02/23 16:17:55.203, 2, 57.28, 0, 210, 1215
2026/02/23 16:17:55.203, 3, 55.41, 0, 210, 1215
2026/02/23 16:17:55.253, 0, 310.47, 100, 1410, 1215
2026/02/23 16:17:55.253, 1, 54.97, 0, 210, 1215
2026/02/23 16:17:55.253, 2, 57.28, 0, 210, 1215
2026/02/23 16:17:55.253, 3, 55.41, 0, 210, 1215
2026/02/23 16:17:55.303, 0, 310.47, 100, 1410, 1215
2026/02/23 16:17:55.303, 1, 54.70, 0, 210, 1215
2026/02/23 16:17:55.303, 2, 57.28, 0, 210, 1215
2026/02/23 16:17:55.304, 3, 55.41, 0, 210, 1215
2026/02/23 16:17:55.354, 0, 310.47, 100, 1410, 1215
2026/02/23 16:17:55.354, 1, 54.70, 0, 210, 1215
2026/02/23 16:17:55.354, 2, 57.28, 0, 210, 1215
2026/02/23 16:17:55.354, 3, 55.41, 0, 210, 1215
2026/02/23 16:17:55.404, 0, 310.47, 100, 1410, 1215
2026/02/23 16:17:55.404, 1, 54.97, 0, 210, 1215
2026/02/23 16:17:55.404, 2, 57.28, 0, 210, 1215
2026/02/23 16:17:55.404, 3, 55.41, 0, 210, 1215
2026/02/23 16:17:55.455, 0, 310.47, 100, 1410, 1215
2026/02/23 16:17:55.455, 1, 54.97, 0, 210, 1215
2026/02/23 16:17:55.455, 2, 57.28, 0, 210, 1215
2026/02/23 16:17:55.455, 3, 55.41, 0, 210, 1215
2026/02/23 16:17:55.505, 0, 310.47, 100, 1410, 1215
2026/02/23 16:17:55.505, 1, 54.97, 0, 210, 1215
2026/02/23 16:17:55.505, 2, 57.28, 0, 210, 1215
2026/02/23 16:17:55.505, 3, 55.41, 0, 210, 1215
2026/02/23 16:17:55.555, 0, 310.47, 100, 1410, 1215
2026/02/23 16:17:55.556, 1, 54.97, 0, 210, 1215
2026/02/23 16:17:55.556, 2, 57.28, 0, 210, 1215
2026/02/23 16:17:55.556, 3, 55.41, 0, 210, 1215
2026/02/23 16:17:55.606, 0, 310.47, 100, 1410, 1215
2026/02/23 16:17:55.606, 1, 54.97, 0, 210, 1215
2026/02/23 16:17:55.606, 2, 57.28, 0, 210, 1215
2026/02/23 16:17:55.606, 3, 55.35, 0, 210, 1215
2026/02/23 16:17:55.656, 0, 309.88, 100, 1410, 1215
2026/02/23 16:17:55.656, 1, 54.97, 0, 210, 1215
2026/02/23 16:17:55.657, 2, 57.28, 0, 210, 1215
2026/02/23 16:17:55.657, 3, 55.35, 0, 210, 1215
2026/02/23 16:17:55.707, 0, 309.88, 100, 1410, 1215
2026/02/23 16:17:55.707, 1, 54.97, 0, 210, 1215
2026/02/23 16:17:55.707, 2, 57.28, 0, 210, 1215
2026/02/23 16:17:55.707, 3, 55.41, 0, 210, 1215
2026/02/23 16:17:55.757, 0, 309.88, 100, 1410, 1215
2026/02/23 16:17:55.757, 1, 54.97, 0, 210, 1215
2026/02/23 16:17:55.757, 2, 57.28, 0, 210, 1215
2026/02/23 16:17:55.758, 3, 55.41, 0, 210, 1215
2026/02/23 16:17:55.808, 0, 309.88, 100, 1410, 1215
2026/02/23 16:17:55.808, 1, 54.97, 0, 210, 1215
2026/02/23 16:17:55.808, 2, 57.28, 0, 210, 1215
2026/02/23 16:17:55.808, 3, 55.41, 0, 210, 1215
2026/02/23 16:17:55.858, 0, 310.15, 100, 1410, 1215
2026/02/23 16:17:55.858, 1, 54.97, 0, 210, 1215
2026/02/23 16:17:55.858, 2, 57.28, 0, 210, 1215
2026/02/23 16:17:55.858, 3, 55.41, 0, 210, 1215
2026/02/23 16:17:55.909, 0, 310.15, 100, 1410, 1215
2026/02/23 16:17:55.909, 1, 54.97, 0, 210, 1215
2026/02/23 16:17:55.909, 2, 57.28, 0, 210, 1215
2026/02/23 16:17:55.909, 3, 55.35, 0, 210, 1215
2026/02/23 16:17:55.959, 0, 309.88, 100, 1410, 1215
2026/02/23 16:17:55.959, 1, 54.97, 0, 210, 1215
2026/02/23 16:17:55.959, 2, 57.28, 0, 210, 1215
2026/02/23 16:17:55.959, 3, 55.35, 0, 210, 1215
2026/02/23 16:17:56.010, 0, 309.88, 100, 1410, 1215
2026/02/23 16:17:56.010, 1, 54.97, 0, 210, 1215
2026/02/23 16:17:56.010, 2, 57.28, 0, 210, 1215
2026/02/23 16:17:56.010, 3, 55.69, 0, 210, 1215
2026/02/23 16:17:56.060, 0, 310.20, 100, 1410, 1215
2026/02/23 16:17:56.060, 1, 54.97, 0, 210, 1215
2026/02/23 16:17:56.060, 2, 57.28, 0, 210, 1215
2026/02/23 16:17:56.060, 3, 55.69, 0, 210, 1215
2026/02/23 16:17:56.110, 0, 310.20, 100, 1410, 1215
2026/02/23 16:17:56.111, 1, 54.97, 0, 210, 1215
2026/02/23 16:17:56.111, 2, 57.28, 0, 210, 1215
2026/02/23 16:17:56.111, 3, 55.41, 0, 210, 1215
2026/02/23 16:17:56.161, 0, 310.15, 100, 1410, 1215
2026/02/23 16:17:56.161, 1, 54.97, 0, 210, 1215
2026/02/23 16:17:56.161, 2, 57.28, 0, 210, 1215
2026/02/23 16:17:56.161, 3, 55.41, 0, 210, 1215
2026/02/23 16:17:56.211, 0, 310.15, 100, 1410, 1215
2026/02/23 16:17:56.211, 1, 54.97, 0, 210, 1215
2026/02/23 16:17:56.212, 2, 57.28, 0, 210, 1215
2026/02/23 16:17:56.212, 3, 55.35, 0, 210, 1215
2026/02/23 16:17:56.262, 0, 310.47, 100, 1410, 1215
2026/02/23 16:17:56.262, 1, 54.97, 0, 210, 1215
2026/02/23 16:17:56.262, 2, 57.28, 0, 210, 1215
2026/02/23 16:17:56.262, 3, 55.35, 0, 210, 1215
2026/02/23 16:17:56.312, 0, 310.47, 100, 1410, 1215
2026/02/23 16:17:56.312, 1, 54.97, 0, 210, 1215
2026/02/23 16:17:56.312, 2, 57.28, 0, 210, 1215
2026/02/23 16:17:56.312, 3, 55.41, 0, 210, 1215
2026/02/23 16:17:56.363, 0, 310.20, 100, 1410, 1215
2026/02/23 16:17:56.363, 1, 54.97, 0, 210, 1215
2026/02/23 16:17:56.363, 2, 57.28, 0, 210, 1215
2026/02/23 16:17:56.363, 3, 55.41, 0, 210, 1215
2026/02/23 16:17:56.413, 0, 310.20, 100, 1410, 1215
2026/02/23 16:17:56.413, 1, 54.97, 0, 210, 1215
2026/02/23 16:17:56.413, 2, 57.28, 0, 210, 1215
2026/02/23 16:17:56.413, 3, 55.41, 0, 210, 1215
2026/02/23 16:17:56.464, 0, 310.20, 100, 1410, 1215
2026/02/23 16:17:56.464, 1, 54.97, 0, 210, 1215
2026/02/23 16:17:56.464, 2, 57.28, 0, 210, 1215
2026/02/23 16:17:56.464, 3, 55.41, 0, 210, 1215
2026/02/23 16:17:56.514, 0, 310.20, 100, 1410, 1215
2026/02/23 16:17:56.514, 1, 54.97, 0, 210, 1215
2026/02/23 16:17:56.514, 2, 57.28, 0, 210, 1215
2026/02/23 16:17:56.514, 3, 55.41, 0, 210, 1215
2026/02/23 16:17:56.564, 0, 310.20, 100, 1410, 1215
2026/02/23 16:17:56.565, 1, 54.97, 0, 210, 1215
2026/02/23 16:17:56.565, 2, 57.28, 0, 210, 1215
2026/02/23 16:17:56.565, 3, 55.41, 0, 210, 1215
2026/02/23 16:17:56.615, 0, 310.20, 100, 1410, 1215
2026/02/23 16:17:56.615, 1, 54.97, 0, 210, 1215
2026/02/23 16:17:56.615, 2, 57.28, 0, 210, 1215
2026/02/23 16:17:56.615, 3, 55.41, 0, 210, 1215
2026/02/23 16:17:56.665, 0, 310.20, 100, 1410, 1215
2026/02/23 16:17:56.665, 1, 55.03, 0, 210, 1215
2026/02/23 16:17:56.666, 2, 57.28, 0, 210, 1215
2026/02/23 16:17:56.666, 3, 55.41, 0, 210, 1215
2026/02/23 16:17:56.716, 0, 310.20, 100, 1410, 1215
2026/02/23 16:17:56.716, 1, 55.03, 0, 210, 1215
2026/02/23 16:17:56.716, 2, 57.28, 0, 210, 1215
2026/02/23 16:17:56.716, 3, 55.41, 0, 210, 1215
2026/02/23 16:17:56.766, 0, 310.20, 100, 1410, 1215
2026/02/23 16:17:56.766, 1, 55.03, 0, 210, 1215
2026/02/23 16:17:56.766, 2, 57.28, 0, 210, 1215
2026/02/23 16:17:56.767, 3, 55.41, 0, 210, 1215
2026/02/23 16:17:56.817, 0, 310.20, 100, 1410, 1215
2026/02/23 16:17:56.817, 1, 55.03, 0, 210, 1215
2026/02/23 16:17:56.817, 2, 57.28, 0, 210, 1215
2026/02/23 16:17:56.817, 3, 55.41, 0, 210, 1215
2026/02/23 16:17:56.867, 0, 310.47, 100, 1410, 1215
2026/02/23 16:17:56.867, 1, 54.97, 0, 210, 1215
2026/02/23 16:17:56.867, 2, 57.28, 0, 210, 1215
2026/02/23 16:17:56.867, 3, 55.41, 0, 210, 1215
2026/02/23 16:17:56.918, 0, 310.47, 100, 1410, 1215
2026/02/23 16:17:56.918, 1, 54.97, 0, 210, 1215
2026/02/23 16:17:56.918, 2, 57.28, 0, 210, 1215
2026/02/23 16:17:56.918, 3, 55.41, 0, 210, 1215
2026/02/23 16:17:56.968, 0, 310.20, 100, 1410, 1215
2026/02/23 16:17:56.968, 1, 55.03, 0, 210, 1215
2026/02/23 16:17:56.968, 2, 57.28, 0, 210, 1215
2026/02/23 16:17:56.968, 3, 55.41, 0, 210, 1215
2026/02/23 16:17:57.019, 0, 310.20, 100, 1410, 1215
2026/02/23 16:17:57.019, 1, 55.03, 0, 210, 1215
2026/02/23 16:17:57.019, 2, 57.28, 0, 210, 1215
2026/02/23 16:17:57.019, 3, 55.41, 0, 210, 1215
2026/02/23 16:17:57.069, 0, 310.47, 100, 1410, 1215
2026/02/23 16:17:57.069, 1, 54.97, 0, 210, 1215
2026/02/23 16:17:57.069, 2, 57.28, 0, 210, 1215
2026/02/23 16:17:57.069, 3, 55.41, 0, 210, 1215
2026/02/23 16:17:57.119, 0, 310.47, 100, 1410, 1215
2026/02/23 16:17:57.120, 1, 54.97, 0, 210, 1215
2026/02/23 16:17:57.120, 2, 57.28, 0, 210, 1215
2026/02/23 16:17:57.120, 3, 55.41, 0, 210, 1215
2026/02/23 16:17:57.170, 0, 310.47, 100, 1410, 1215
2026/02/23 16:17:57.170, 1, 55.03, 0, 210, 1215
2026/02/23 16:17:57.170, 2, 57.28, 0, 210, 1215
2026/02/23 16:17:57.170, 3, 55.41, 0, 210, 1215
2026/02/23 16:17:57.220, 0, 310.47, 100, 1410, 1215
2026/02/23 16:17:57.220, 1, 55.03, 0, 210, 1215
2026/02/23 16:17:57.221, 2, 57.28, 0, 210, 1215
2026/02/23 16:17:57.221, 3, 55.41, 0, 210, 1215
2026/02/23 16:17:57.271, 0, 310.15, 100, 1410, 1215
2026/02/23 16:17:57.271, 1, 54.97, 0, 210, 1215
2026/02/23 16:17:57.271, 2, 57.28, 0, 210, 1215
2026/02/23 16:17:57.271, 3, 55.41, 0, 210, 1215
2026/02/23 16:17:57.321, 0, 310.15, 100, 1410, 1215
2026/02/23 16:17:57.321, 1, 54.97, 0, 210, 1215
2026/02/23 16:17:57.321, 2, 57.28, 0, 210, 1215
2026/02/23 16:17:57.322, 3, 55.35, 0, 210, 1215
2026/02/23 16:17:57.372, 0, 310.47, 100, 1410, 1215
2026/02/23 16:17:57.372, 1, 54.97, 0, 210, 1215
2026/02/23 16:17:57.372, 2, 57.28, 0, 210, 1215
2026/02/23 16:17:57.372, 3, 55.35, 0, 210, 1215
2026/02/23 16:17:57.422, 0, 310.47, 100, 1410, 1215
2026/02/23 16:17:57.422, 1, 54.97, 0, 210, 1215
2026/02/23 16:17:57.422, 2, 57.28, 0, 210, 1215
2026/02/23 16:17:57.422, 3, 55.35, 0, 210, 1215
2026/02/23 16:17:57.473, 0, 310.47, 100, 1410, 1215
2026/02/23 16:17:57.473, 1, 54.97, 0, 210, 1215
2026/02/23 16:17:57.473, 2, 57.28, 0, 210, 1215
2026/02/23 16:17:57.473, 3, 55.35, 0, 210, 1215
2026/02/23 16:17:57.523, 0, 310.47, 100, 1410, 1215
2026/02/23 16:17:57.523, 1, 54.97, 0, 210, 1215
2026/02/23 16:17:57.523, 2, 57.28, 0, 210, 1215
2026/02/23 16:17:57.523, 3, 55.41, 0, 210, 1215
2026/02/23 16:17:57.574, 0, 310.15, 100, 1410, 1215
2026/02/23 16:17:57.574, 1, 54.97, 0, 210, 1215
2026/02/23 16:17:57.574, 2, 57.28, 0, 210, 1215
2026/02/23 16:17:57.574, 3, 55.41, 0, 210, 1215
2026/02/23 16:17:57.624, 0, 310.15, 100, 1410, 1215
2026/02/23 16:17:57.624, 1, 54.97, 0, 210, 1215
2026/02/23 16:17:57.624, 2, 57.28, 0, 210, 1215
2026/02/23 16:17:57.624, 3, 55.35, 0, 210, 1215
2026/02/23 16:17:57.674, 0, 310.49, 100, 1410, 1215
2026/02/23 16:17:57.675, 1, 54.97, 0, 210, 1215
2026/02/23 16:17:57.675, 2, 57.28, 0, 210, 1215
2026/02/23 16:17:57.675, 3, 55.35, 0, 210, 1215
2026/02/23 16:17:57.725, 0, 310.49, 100, 1410, 1215
2026/02/23 16:17:57.725, 1, 54.97, 0, 210, 1215
2026/02/23 16:17:57.725, 2, 57.28, 0, 210, 1215
2026/02/23 16:17:57.725, 3, 55.41, 0, 210, 1215
2026/02/23 16:17:57.775, 0, 310.81, 100, 1410, 1215
2026/02/23 16:17:57.775, 1, 55.03, 0, 210, 1215
2026/02/23 16:17:57.775, 2, 57.28, 0, 210, 1215
2026/02/23 16:17:57.776, 3, 55.41, 0, 210, 1215
2026/02/23 16:17:57.826, 0, 310.81, 100, 1410, 1215
2026/02/23 16:17:57.826, 1, 55.03, 0, 210, 1215
2026/02/23 16:17:57.826, 2, 57.28, 0, 210, 1215
2026/02/23 16:17:57.826, 3, 55.41, 0, 210, 1215
2026/02/23 16:17:57.876, 0, 311.08, 100, 1410, 1215
2026/02/23 16:17:57.876, 1, 54.97, 0, 210, 1215
2026/02/23 16:17:57.876, 2, 57.28, 0, 210, 1215
2026/02/23 16:17:57.876, 3, 55.41, 0, 210, 1215
2026/02/23 16:17:57.927, 0, 311.08, 100, 1410, 1215
2026/02/23 16:17:57.927, 1, 54.97, 0, 210, 1215
2026/02/23 16:17:57.927, 2, 57.28, 0, 210, 1215
2026/02/23 16:17:57.927, 3, 55.41, 0, 210, 1215
2026/02/23 16:17:57.977, 0, 311.08, 100, 1410, 1215
2026/02/23 16:17:57.977, 1, 55.03, 0, 210, 1215
2026/02/23 16:17:57.977, 2, 57.28, 0, 210, 1215
2026/02/23 16:17:57.977, 3, 55.41, 0, 210, 1215
2026/02/23 16:17:58.028, 0, 311.08, 100, 1410, 1215
2026/02/23 16:17:58.028, 1, 55.03, 0, 210, 1215
2026/02/23 16:17:58.028, 2, 57.28, 0, 210, 1215
2026/02/23 16:17:58.028, 3, 55.41, 0, 210, 1215
2026/02/23 16:17:58.078, 0, 311.08, 100, 1410, 1215
2026/02/23 16:17:58.078, 1, 54.97, 0, 210, 1215
2026/02/23 16:17:58.078, 2, 57.28, 0, 210, 1215
2026/02/23 16:17:58.078, 3, 55.41, 0, 210, 1215
2026/02/23 16:17:58.128, 0, 311.08, 100, 1410, 1215
2026/02/23 16:17:58.129, 1, 54.97, 0, 210, 1215
2026/02/23 16:17:58.129, 2, 57.28, 0, 210, 1215
2026/02/23 16:17:58.129, 3, 55.41, 0, 210, 1215
2026/02/23 16:17:58.179, 0, 310.76, 100, 1410, 1215
2026/02/23 16:17:58.179, 1, 55.03, 0, 210, 1215
2026/02/23 16:17:58.179, 2, 57.34, 0, 210, 1215
2026/02/23 16:17:58.179, 3, 55.41, 0, 210, 1215
2026/02/23 16:17:58.229, 0, 310.76, 100, 1410, 1215
2026/02/23 16:17:58.229, 1, 55.03, 0, 210, 1215
2026/02/23 16:17:58.230, 2, 57.34, 0, 210, 1215
2026/02/23 16:17:58.230, 3, 55.41, 0, 210, 1215
2026/02/23 16:17:58.280, 0, 310.81, 100, 1410, 1215
2026/02/23 16:17:58.280, 1, 55.03, 0, 210, 1215
2026/02/23 16:17:58.280, 2, 57.28, 0, 210, 1215
2026/02/23 16:17:58.280, 3, 55.41, 0, 210, 1215
2026/02/23 16:17:58.330, 0, 310.81, 100, 1410, 1215
2026/02/23 16:17:58.330, 1, 55.03, 0, 210, 1215
2026/02/23 16:17:58.330, 2, 57.28, 0, 210, 1215
2026/02/23 16:17:58.331, 3, 55.41, 0, 210, 1215
2026/02/23 16:17:58.381, 0, 310.81, 100, 1410, 1215
2026/02/23 16:17:58.381, 1, 54.97, 0, 210, 1215
2026/02/23 16:17:58.381, 2, 57.28, 0, 210, 1215
2026/02/23 16:17:58.381, 3, 55.41, 0, 210, 1215
2026/02/23 16:17:58.431, 0, 310.81, 100, 1410, 1215
2026/02/23 16:17:58.431, 1, 54.97, 0, 210, 1215
2026/02/23 16:17:58.431, 2, 57.28, 0, 210, 1215
2026/02/23 16:17:58.431, 3, 55.41, 0, 210, 1215
2026/02/23 16:17:58.482, 0, 311.08, 100, 1410, 1215
2026/02/23 16:17:58.482, 1, 55.03, 0, 210, 1215
2026/02/23 16:17:58.482, 2, 57.28, 0, 210, 1215
2026/02/23 16:17:58.482, 3, 55.41, 0, 210, 1215
2026/02/23 16:17:58.532, 0, 311.08, 100, 1410, 1215
2026/02/23 16:17:58.532, 1, 55.03, 0, 210, 1215
2026/02/23 16:17:58.532, 2, 57.28, 0, 210, 1215
2026/02/23 16:17:58.532, 3, 55.41, 0, 210, 1215
2026/02/23 16:17:58.583, 0, 311.35, 100, 1410, 1215
2026/02/23 16:17:58.583, 1, 54.97, 0, 210, 1215
2026/02/23 16:17:58.583, 2, 57.28, 0, 210, 1215
2026/02/23 16:17:58.583, 3, 55.41, 0, 210, 1215
2026/02/23 16:17:58.633, 0, 311.35, 100, 1410, 1215
2026/02/23 16:17:58.633, 1, 54.97, 0, 210, 1215
2026/02/23 16:17:58.633, 2, 57.28, 0, 210, 1215
2026/02/23 16:17:58.633, 3, 55.41, 0, 210, 1215
2026/02/23 16:17:58.683, 0, 311.35, 100, 1410, 1215
2026/02/23 16:17:58.684, 1, 55.03, 0, 210, 1215
2026/02/23 16:17:58.684, 2, 57.28, 0, 210, 1215
2026/02/23 16:17:58.684, 3, 55.41, 0, 210, 1215
2026/02/23 16:17:58.734, 0, 311.35, 100, 1410, 1215
2026/02/23 16:17:58.734, 1, 55.03, 0, 210, 1215
2026/02/23 16:17:58.734, 2, 57.28, 0, 210, 1215
2026/02/23 16:17:58.734, 3, 55.41, 0, 210, 1215
2026/02/23 16:17:58.784, 0, 311.35, 100, 1410, 1215
2026/02/23 16:17:58.784, 1, 54.97, 0, 210, 1215
2026/02/23 16:17:58.785, 2, 57.28, 0, 210, 1215
2026/02/23 16:17:58.785, 3, 55.41, 0, 210, 1215
2026/02/23 16:17:58.835, 0, 311.35, 100, 1410, 1215
2026/02/23 16:17:58.835, 1, 54.97, 0, 210, 1215
2026/02/23 16:17:58.835, 2, 57.28, 0, 210, 1215
2026/02/23 16:17:58.835, 3, 55.41, 0, 210, 1215
2026/02/23 16:17:58.885, 0, 311.35, 100, 1410, 1215
2026/02/23 16:17:58.885, 1, 55.03, 0, 210, 1215
2026/02/23 16:17:58.885, 2, 57.28, 0, 210, 1215
2026/02/23 16:17:58.885, 3, 55.41, 0, 210, 1215
2026/02/23 16:17:58.936, 0, 311.08, 100, 1410, 1215
2026/02/23 16:17:58.936, 1, 55.03, 0, 210, 1215
2026/02/23 16:17:58.936, 2, 57.28, 0, 210, 1215
2026/02/23 16:17:58.936, 3, 55.41, 0, 210, 1215
2026/02/23 16:17:58.986, 0, 311.08, 100, 1410, 1215
2026/02/23 16:17:58.986, 1, 54.97, 0, 210, 1215
2026/02/23 16:17:58.986, 2, 57.28, 0, 210, 1215
2026/02/23 16:17:58.986, 3, 55.41, 0, 210, 1215
2026/02/23 16:17:59.037, 0, 311.03, 100, 1410, 1215
2026/02/23 16:17:59.037, 1, 54.97, 0, 210, 1215
2026/02/23 16:17:59.037, 2, 57.28, 0, 210, 1215
2026/02/23 16:17:59.037, 3, 55.41, 0, 210, 1215
2026/02/23 16:17:59.087, 0, 311.03, 100, 1410, 1215
2026/02/23 16:17:59.087, 1, 54.97, 0, 210, 1215
2026/02/23 16:17:59.087, 2, 57.28, 0, 210, 1215
2026/02/23 16:17:59.087, 3, 55.41, 0, 210, 1215
2026/02/23 16:17:59.137, 0, 311.08, 100, 1410, 1215
2026/02/23 16:17:59.138, 1, 54.97, 0, 210, 1215
2026/02/23 16:17:59.138, 2, 57.28, 0, 210, 1215
2026/02/23 16:17:59.138, 3, 55.41, 0, 210, 1215
2026/02/23 16:17:59.188, 0, 311.08, 100, 1410, 1215
2026/02/23 16:17:59.188, 1, 55.03, 0, 210, 1215
2026/02/23 16:17:59.188, 2, 57.28, 0, 210, 1215
2026/02/23 16:17:59.188, 3, 55.41, 0, 210, 1215
2026/02/23 16:17:59.238, 0, 311.08, 100, 1410, 1215
2026/02/23 16:17:59.238, 1, 55.03, 0, 210, 1215
2026/02/23 16:17:59.239, 2, 57.28, 0, 210, 1215
2026/02/23 16:17:59.239, 3, 55.41, 0, 210, 1215
2026/02/23 16:17:59.289, 0, 311.08, 100, 1410, 1215
2026/02/23 16:17:59.289, 1, 54.97, 0, 210, 1215
2026/02/23 16:17:59.289, 2, 57.28, 0, 210, 1215
2026/02/23 16:17:59.289, 3, 55.41, 0, 210, 1215
2026/02/23 16:17:59.339, 0, 311.08, 100, 1410, 1215
2026/02/23 16:17:59.339, 1, 54.97, 0, 210, 1215
2026/02/23 16:17:59.339, 2, 57.28, 0, 210, 1215
2026/02/23 16:17:59.340, 3, 55.41, 0, 210, 1215
2026/02/23 16:17:59.390, 0, 311.08, 100, 1410, 1215
2026/02/23 16:17:59.390, 1, 54.97, 0, 210, 1215
2026/02/23 16:17:59.390, 2, 57.28, 0, 210, 1215
2026/02/23 16:17:59.390, 3, 55.41, 0, 210, 1215
2026/02/23 16:17:59.440, 0, 311.08, 100, 1410, 1215
2026/02/23 16:17:59.440, 1, 54.97, 0, 210, 1215
2026/02/23 16:17:59.440, 2, 57.28, 0, 210, 1215
2026/02/23 16:17:59.440, 3, 55.41, 0, 210, 1215
2026/02/23 16:17:59.491, 0, 311.08, 100, 1410, 1215
2026/02/23 16:17:59.491, 1, 55.03, 0, 210, 1215
2026/02/23 16:17:59.491, 2, 57.34, 0, 210, 1215
2026/02/23 16:17:59.491, 3, 55.41, 0, 210, 1215
2026/02/23 16:17:59.541, 0, 311.35, 100, 1410, 1215
2026/02/23 16:17:59.541, 1, 55.03, 0, 210, 1215
2026/02/23 16:17:59.541, 2, 57.34, 0, 210, 1215
2026/02/23 16:17:59.541, 3, 55.41, 0, 210, 1215
2026/02/23 16:17:59.592, 0, 311.35, 100, 1410, 1215
2026/02/23 16:17:59.592, 1, 55.03, 0, 210, 1215
2026/02/23 16:17:59.592, 2, 57.28, 0, 210, 1215
2026/02/23 16:17:59.592, 3, 55.41, 0, 210, 1215
2026/02/23 16:17:59.642, 0, 310.81, 100, 1410, 1215
2026/02/23 16:17:59.642, 1, 55.03, 0, 210, 1215
2026/02/23 16:17:59.642, 2, 57.28, 0, 210, 1215
2026/02/23 16:17:59.642, 3, 55.41, 0, 210, 1215
2026/02/23 16:17:59.692, 0, 310.81, 100, 1410, 1215
2026/02/23 16:17:59.693, 1, 55.03, 0, 210, 1215
2026/02/23 16:17:59.693, 2, 57.34, 0, 210, 1215
2026/02/23 16:17:59.693, 3, 55.41, 0, 210, 1215
2026/02/23 16:17:59.743, 0, 310.81, 100, 1410, 1215
2026/02/23 16:17:59.743, 1, 55.03, 0, 210, 1215
2026/02/23 16:17:59.743, 2, 57.34, 0, 210, 1215
2026/02/23 16:17:59.743, 3, 55.41, 0, 210, 1215
2026/02/23 16:17:59.793, 0, 310.81, 100, 1410, 1215
2026/02/23 16:17:59.793, 1, 55.03, 0, 210, 1215
2026/02/23 16:17:59.794, 2, 57.28, 0, 210, 1215
2026/02/23 16:17:59.794, 3, 55.41, 0, 210, 1215
2026/02/23 16:17:59.844, 0, 310.81, 100, 1410, 1215
2026/02/23 16:17:59.844, 1, 55.03, 0, 210, 1215
2026/02/23 16:17:59.844, 2, 57.28, 0, 210, 1215
2026/02/23 16:17:59.844, 3, 55.41, 0, 210, 1215
2026/02/23 16:17:59.894, 0, 310.81, 100, 1410, 1215
2026/02/23 16:17:59.894, 1, 55.03, 0, 210, 1215
2026/02/23 16:17:59.894, 2, 57.28, 0, 210, 1215
2026/02/23 16:17:59.895, 3, 55.41, 0, 210, 1215
2026/02/23 16:17:59.945, 0, 311.08, 100, 1410, 1215
2026/02/23 16:17:59.945, 1, 55.03, 0, 210, 1215
2026/02/23 16:17:59.945, 2, 57.28, 0, 210, 1215
2026/02/23 16:17:59.945, 3, 55.41, 0, 210, 1215
2026/02/23 16:17:59.995, 0, 311.08, 100, 1410, 1215
2026/02/23 16:17:59.995, 1, 54.97, 0, 210, 1215
2026/02/23 16:17:59.995, 2, 57.28, 0, 210, 1215
2026/02/23 16:17:59.995, 3, 55.41, 0, 210, 1215
2026/02/23 16:18:00.046, 0, 310.81, 100, 1410, 1215
2026/02/23 16:18:00.046, 1, 54.97, 0, 210, 1215
2026/02/23 16:18:00.046, 2, 57.28, 0, 210, 1215
2026/02/23 16:18:00.046, 3, 55.41, 0, 210, 1215
2026/02/23 16:18:00.096, 0, 310.81, 100, 1410, 1215
2026/02/23 16:18:00.096, 1, 54.97, 0, 210, 1215
2026/02/23 16:18:00.096, 2, 57.34, 0, 210, 1215
2026/02/23 16:18:00.096, 3, 55.41, 0, 210, 1215
2026/02/23 16:18:00.147, 0, 311.08, 100, 1410, 1215
2026/02/23 16:18:00.147, 1, 54.97, 0, 210, 1215
2026/02/23 16:18:00.147, 2, 57.34, 0, 210, 1215
2026/02/23 16:18:00.147, 3, 55.41, 0, 210, 1215
2026/02/23 16:18:00.197, 0, 311.08, 100, 1410, 1215
2026/02/23 16:18:00.197, 1, 55.03, 0, 210, 1215
2026/02/23 16:18:00.197, 2, 57.34, 0, 210, 1215
2026/02/23 16:18:00.197, 3, 55.41, 0, 210, 1215
2026/02/23 16:18:00.247, 0, 310.81, 100, 1410, 1215
2026/02/23 16:18:00.248, 1, 55.03, 0, 210, 1215
2026/02/23 16:18:00.248, 2, 57.34, 0, 210, 1215
2026/02/23 16:18:00.248, 3, 55.41, 0, 210, 1215
2026/02/23 16:18:00.298, 0, 310.81, 100, 1410, 1215
2026/02/23 16:18:00.298, 1, 55.03, 0, 210, 1215
2026/02/23 16:18:00.298, 2, 57.34, 0, 210, 1215
2026/02/23 16:18:00.298, 3, 55.41, 0, 210, 1215
2026/02/23 16:18:00.348, 0, 310.20, 100, 1410, 1215
2026/02/23 16:18:00.348, 1, 55.03, 0, 210, 1215
2026/02/23 16:18:00.349, 2, 57.34, 0, 210, 1215
2026/02/23 16:18:00.349, 3, 55.41, 0, 210, 1215
2026/02/23 16:18:00.399, 0, 310.20, 100, 1410, 1215
2026/02/23 16:18:00.399, 1, 55.03, 0, 210, 1215
2026/02/23 16:18:00.399, 2, 57.34, 0, 210, 1215
2026/02/23 16:18:00.399, 3, 55.41, 0, 210, 1215
2026/02/23 16:18:00.449, 0, 310.81, 100, 1410, 1215
2026/02/23 16:18:00.449, 1, 55.03, 0, 210, 1215
2026/02/23 16:18:00.449, 2, 57.34, 0, 210, 1215
2026/02/23 16:18:00.449, 3, 55.41, 0, 210, 1215
2026/02/23 16:18:00.500, 0, 310.81, 100, 1410, 1215
2026/02/23 16:18:00.500, 1, 55.03, 0, 210, 1215
2026/02/23 16:18:00.500, 2, 57.28, 0, 210, 1215
2026/02/23 16:18:00.500, 3, 55.35, 0, 210, 1215
2026/02/23 16:18:00.550, 0, 310.47, 100, 1410, 1215
2026/02/23 16:18:00.550, 1, 55.03, 0, 210, 1215
2026/02/23 16:18:00.550, 2, 57.28, 0, 210, 1215
2026/02/23 16:18:00.550, 3, 55.35, 0, 210, 1215
2026/02/23 16:18:00.601, 0, 310.47, 100, 1410, 1215
2026/02/23 16:18:00.601, 1, 55.03, 0, 210, 1215
2026/02/23 16:18:00.601, 2, 57.28, 0, 210, 1215
2026/02/23 16:18:00.601, 3, 55.41, 0, 210, 1215
2026/02/23 16:18:00.651, 0, 310.47, 100, 1410, 1215
2026/02/23 16:18:00.651, 1, 55.03, 0, 210, 1215
2026/02/23 16:18:00.651, 2, 57.28, 0, 210, 1215
2026/02/23 16:18:00.651, 3, 55.41, 0, 210, 1215
2026/02/23 16:18:00.701, 0, 310.47, 100, 1410, 1215
2026/02/23 16:18:00.702, 1, 54.97, 0, 210, 1215
2026/02/23 16:18:00.702, 2, 57.28, 0, 210, 1215
2026/02/23 16:18:00.702, 3, 55.41, 0, 210, 1215
2026/02/23 16:18:00.752, 0, 310.20, 100, 1410, 1215
2026/02/23 16:18:00.752, 1, 54.97, 0, 210, 1215
2026/02/23 16:18:00.752, 2, 57.28, 0, 210, 1215
2026/02/23 16:18:00.752, 3, 55.41, 0, 210, 1215
2026/02/23 16:18:00.802, 0, 310.20, 100, 1410, 1215
2026/02/23 16:18:00.802, 1, 54.97, 0, 210, 1215
2026/02/23 16:18:00.803, 2, 57.28, 0, 210, 1215
2026/02/23 16:18:00.803, 3, 55.41, 0, 210, 1215
2026/02/23 16:18:00.853, 0, 310.47, 100, 1410, 1215
2026/02/23 16:18:00.853, 1, 54.97, 0, 210, 1215
2026/02/23 16:18:00.853, 2, 57.28, 0, 210, 1215
2026/02/23 16:18:00.853, 3, 55.41, 0, 210, 1215
2026/02/23 16:18:00.903, 0, 310.47, 100, 1410, 1215
2026/02/23 16:18:00.903, 1, 55.03, 0, 210, 1215
2026/02/23 16:18:00.903, 2, 57.28, 0, 210, 1215
2026/02/23 16:18:00.904, 3, 55.41, 0, 210, 1215
2026/02/23 16:18:00.954, 0, 310.20, 100, 1410, 1215
2026/02/23 16:18:00.954, 1, 55.03, 0, 210, 1215
2026/02/23 16:18:00.954, 2, 57.28, 0, 210, 1215
2026/02/23 16:18:00.954, 3, 55.41, 0, 210, 1215
2026/02/23 16:18:01.004, 0, 310.20, 100, 1410, 1215
2026/02/23 16:18:01.004, 1, 55.03, 0, 210, 1215
2026/02/23 16:18:01.004, 2, 57.34, 0, 210, 1215
2026/02/23 16:18:01.004, 3, 55.41, 0, 210, 1215
2026/02/23 16:18:01.055, 0, 310.47, 100, 1410, 1215
2026/02/23 16:18:01.055, 1, 55.03, 0, 210, 1215
2026/02/23 16:18:01.055, 2, 57.34, 0, 210, 1215
2026/02/23 16:18:01.055, 3, 55.41, 0, 210, 1215
2026/02/23 16:18:01.105, 0, 310.47, 100, 1410, 1215
2026/02/23 16:18:01.105, 1, 55.03, 0, 210, 1215
2026/02/23 16:18:01.105, 2, 57.34, 0, 210, 1215
2026/02/23 16:18:01.105, 3, 55.41, 0, 210, 1215
2026/02/23 16:18:01.156, 0, 310.20, 100, 1410, 1215
2026/02/23 16:18:01.156, 1, 55.03, 0, 210, 1215
2026/02/23 16:18:01.156, 2, 57.34, 0, 210, 1215
2026/02/23 16:18:01.156, 3, 55.41, 0, 210, 1215
2026/02/23 16:18:01.206, 0, 310.20, 100, 1410, 1215
2026/02/23 16:18:01.206, 1, 54.97, 0, 210, 1215
2026/02/23 16:18:01.206, 2, 57.28, 0, 210, 1215
2026/02/23 16:18:01.206, 3, 55.41, 0, 210, 1215
2026/02/23 16:18:01.256, 0, 310.20, 100, 1410, 1215
2026/02/23 16:18:01.257, 1, 54.97, 0, 210, 1215
2026/02/23 16:18:01.257, 2, 57.28, 0, 210, 1215
2026/02/23 16:18:01.257, 3, 55.41, 0, 210, 1215
2026/02/23 16:18:01.307, 0, 310.20, 100, 1410, 1215
2026/02/23 16:18:01.307, 1, 54.97, 0, 210, 1215
2026/02/23 16:18:01.307, 2, 57.28, 0, 210, 1215
2026/02/23 16:18:01.307, 3, 55.41, 0, 210, 1215
2026/02/23 16:18:01.357, 0, 309.92, 100, 1410, 1215
2026/02/23 16:18:01.357, 1, 54.97, 0, 210, 1215
2026/02/23 16:18:01.358, 2, 57.28, 0, 210, 1215
2026/02/23 16:18:01.358, 3, 55.41, 0, 210, 1215
2026/02/23 16:18:01.408, 0, 309.92, 100, 1410, 1215
2026/02/23 16:18:01.408, 1, 55.03, 0, 210, 1215
2026/02/23 16:18:01.408, 2, 57.28, 0, 210, 1215
2026/02/23 16:18:01.408, 3, 55.41, 0, 210, 1215
2026/02/23 16:18:01.458, 0, 310.47, 100, 1410, 1215
2026/02/23 16:18:01.458, 1, 55.03, 0, 210, 1215
2026/02/23 16:18:01.458, 2, 57.28, 0, 210, 1215
2026/02/23 16:18:01.458, 3, 55.41, 0, 210, 1215
2026/02/23 16:18:01.509, 0, 310.47, 100, 1410, 1215
2026/02/23 16:18:01.509, 1, 55.03, 0, 210, 1215
2026/02/23 16:18:01.509, 2, 57.34, 0, 210, 1215
2026/02/23 16:18:01.509, 3, 55.41, 0, 210, 1215
2026/02/23 16:18:01.559, 0, 310.20, 100, 1410, 1215
2026/02/23 16:18:01.559, 1, 55.03, 0, 210, 1215
2026/02/23 16:18:01.559, 2, 57.34, 0, 210, 1215
2026/02/23 16:18:01.559, 3, 55.41, 0, 210, 1215
2026/02/23 16:18:01.610, 0, 310.20, 100, 1410, 1215
2026/02/23 16:18:01.610, 1, 55.03, 0, 210, 1215
2026/02/23 16:18:01.610, 2, 57.34, 0, 210, 1215
2026/02/23 16:18:01.610, 3, 55.41, 0, 210, 1215
2026/02/23 16:18:01.660, 0, 309.92, 100, 1410, 1215
2026/02/23 16:18:01.660, 1, 55.03, 0, 210, 1215
2026/02/23 16:18:01.660, 2, 57.34, 0, 210, 1215
2026/02/23 16:18:01.660, 3, 55.41, 0, 210, 1215
2026/02/23 16:18:01.710, 0, 309.92, 100, 1410, 1215
2026/02/23 16:18:01.711, 1, 54.97, 0, 210, 1215
2026/02/23 16:18:01.711, 2, 57.28, 0, 210, 1215
2026/02/23 16:18:01.711, 3, 55.41, 0, 210, 1215
2026/02/23 16:18:01.761, 0, 310.47, 100, 1410, 1215
2026/02/23 16:18:01.761, 1, 55.03, 0, 210, 1215
2026/02/23 16:18:01.761, 2, 57.28, 0, 210, 1215
2026/02/23 16:18:01.761, 3, 55.41, 0, 210, 1215
2026/02/23 16:18:01.811, 0, 310.47, 100, 1410, 1215
2026/02/23 16:18:01.811, 1, 55.03, 0, 210, 1215
2026/02/23 16:18:01.812, 2, 57.28, 0, 210, 1215
2026/02/23 16:18:01.812, 3, 55.41, 0, 210, 1215
2026/02/23 16:18:01.862, 0, 310.47, 100, 1410, 1215
2026/02/23 16:18:01.862, 1, 54.97, 0, 210, 1215
2026/02/23 16:18:01.862, 2, 57.28, 0, 210, 1215
2026/02/23 16:18:01.862, 3, 55.41, 0, 210, 1215
2026/02/23 16:18:01.912, 0, 310.47, 100, 1410, 1215
2026/02/23 16:18:01.912, 1, 54.97, 0, 210, 1215
2026/02/23 16:18:01.912, 2, 57.28, 0, 210, 1215
2026/02/23 16:18:01.913, 3, 55.41, 0, 210, 1215
2026/02/23 16:18:01.963, 0, 311.08, 100, 1410, 1215
2026/02/23 16:18:01.963, 1, 55.03, 0, 210, 1215
2026/02/23 16:18:01.963, 2, 57.28, 0, 210, 1215
2026/02/23 16:18:01.963, 3, 55.41, 0, 210, 1215
2026/02/23 16:18:02.013, 0, 311.08, 100, 1410, 1215
2026/02/23 16:18:02.013, 1, 55.03, 0, 210, 1215
2026/02/23 16:18:02.013, 2, 57.28, 0, 210, 1215
2026/02/23 16:18:02.013, 3, 55.41, 0, 210, 1215
2026/02/23 16:18:02.064, 0, 310.20, 100, 1410, 1215
2026/02/23 16:18:02.064, 1, 55.03, 0, 210, 1215
2026/02/23 16:18:02.064, 2, 57.28, 0, 210, 1215
2026/02/23 16:18:02.064, 3, 55.41, 0, 210, 1215
2026/02/23 16:18:02.114, 0, 310.20, 100, 1410, 1215
2026/02/23 16:18:02.114, 1, 55.03, 0, 210, 1215
2026/02/23 16:18:02.114, 2, 57.34, 0, 210, 1215
2026/02/23 16:18:02.114, 3, 55.41, 0, 210, 1215
2026/02/23 16:18:02.165, 0, 311.35, 100, 1410, 1215
2026/02/23 16:18:02.165, 1, 55.03, 0, 210, 1215
2026/02/23 16:18:02.165, 2, 57.34, 0, 210, 1215
2026/02/23 16:18:02.165, 3, 55.41, 0, 210, 1215
2026/02/23 16:18:02.215, 0, 311.35, 100, 1410, 1215
2026/02/23 16:18:02.215, 1, 55.03, 0, 210, 1215
2026/02/23 16:18:02.215, 2, 57.28, 0, 210, 1215
2026/02/23 16:18:02.215, 3, 55.41, 0, 210, 1215
2026/02/23 16:18:02.265, 0, 311.08, 100, 1410, 1215
2026/02/23 16:18:02.266, 1, 55.03, 0, 210, 1215
2026/02/23 16:18:02.266, 2, 57.28, 0, 210, 1215
2026/02/23 16:18:02.266, 3, 55.41, 0, 210, 1215
2026/02/23 16:18:02.316, 0, 311.08, 100, 1410, 1215
2026/02/23 16:18:02.316, 1, 55.03, 0, 210, 1215
2026/02/23 16:18:02.316, 2, 57.34, 0, 210, 1215
2026/02/23 16:18:02.316, 3, 55.41, 0, 210, 1215
2026/02/23 16:18:02.366, 0, 311.08, 100, 1410, 1215
2026/02/23 16:18:02.366, 1, 55.03, 0, 210, 1215
2026/02/23 16:18:02.367, 2, 57.34, 0, 210, 1215
2026/02/23 16:18:02.367, 3, 55.41, 0, 210, 1215
2026/02/23 16:18:02.417, 0, 311.08, 100, 1410, 1215
2026/02/23 16:18:02.417, 1, 55.03, 0, 210, 1215
2026/02/23 16:18:02.417, 2, 57.28, 0, 210, 1215
2026/02/23 16:18:02.417, 3, 55.41, 0, 210, 1215
2026/02/23 16:18:02.467, 0, 311.68, 100, 1410, 1215
2026/02/23 16:18:02.467, 1, 55.03, 0, 210, 1215
2026/02/23 16:18:02.467, 2, 57.28, 0, 210, 1215
2026/02/23 16:18:02.467, 3, 55.41, 0, 210, 1215
2026/02/23 16:18:02.518, 0, 311.68, 100, 1410, 1215
2026/02/23 16:18:02.518, 1, 55.03, 0, 210, 1215
2026/02/23 16:18:02.518, 2, 57.28, 0, 210, 1215
2026/02/23 16:18:02.518, 3, 55.41, 0, 210, 1215
2026/02/23 16:18:02.568, 0, 311.35, 100, 1410, 1215
2026/02/23 16:18:02.568, 1, 55.03, 0, 210, 1215
2026/02/23 16:18:02.568, 2, 57.28, 0, 210, 1215
2026/02/23 16:18:02.568, 3, 55.41, 0, 210, 1215
2026/02/23 16:18:02.619, 0, 311.35, 100, 1410, 1215
2026/02/23 16:18:02.619, 1, 55.03, 0, 210, 1215
2026/02/23 16:18:02.619, 2, 57.28, 0, 210, 1215
2026/02/23 16:18:02.619, 3, 55.41, 0, 210, 1215
2026/02/23 16:18:02.669, 0, 311.08, 100, 1410, 1215
2026/02/23 16:18:02.669, 1, 55.03, 0, 210, 1215
2026/02/23 16:18:02.669, 2, 57.28, 0, 210, 1215
2026/02/23 16:18:02.669, 3, 55.41, 0, 210, 1215
2026/02/23 16:18:02.719, 0, 311.08, 100, 1410, 1215
2026/02/23 16:18:02.720, 1, 55.03, 0, 210, 1215
2026/02/23 16:18:02.720, 2, 57.34, 0, 210, 1215
2026/02/23 16:18:02.720, 3, 55.41, 0, 210, 1215
2026/02/23 16:18:02.770, 0, 311.35, 100, 1410, 1215
2026/02/23 16:18:02.770, 1, 55.03, 0, 210, 1215
2026/02/23 16:18:02.770, 2, 57.34, 0, 210, 1215
2026/02/23 16:18:02.770, 3, 55.41, 0, 210, 1215
2026/02/23 16:18:02.820, 0, 311.35, 100, 1410, 1215
2026/02/23 16:18:02.821, 1, 55.03, 0, 210, 1215
2026/02/23 16:18:02.821, 2, 57.34, 0, 210, 1215
2026/02/23 16:18:02.821, 3, 55.41, 0, 210, 1215
2026/02/23 16:18:02.871, 0, 307.23, 100, 1410, 1215
2026/02/23 16:18:02.871, 1, 55.03, 0, 210, 1215
2026/02/23 16:18:02.871, 2, 57.34, 0, 210, 1215
2026/02/23 16:18:02.871, 3, 55.41, 0, 210, 1215
2026/02/23 16:18:02.921, 0, 307.23, 100, 1410, 1215
2026/02/23 16:18:02.921, 1, 55.03, 0, 210, 1215
2026/02/23 16:18:02.922, 2, 57.34, 0, 210, 1215
2026/02/23 16:18:02.922, 3, 55.41, 0, 210, 1215
2026/02/23 16:18:02.972, 0, 311.08, 100, 1410, 1215
2026/02/23 16:18:02.973, 1, 55.03, 0, 210, 1215
2026/02/23 16:18:02.973, 2, 57.34, 0, 210, 1215
2026/02/23 16:18:02.973, 3, 55.41, 0, 210, 1215
2026/02/23 16:18:03.023, 0, 311.08, 100, 1410, 1215
2026/02/23 16:18:03.023, 1, 55.03, 0, 210, 1215
2026/02/23 16:18:03.023, 2, 57.34, 0, 210, 1215
2026/02/23 16:18:03.023, 3, 55.41, 0, 210, 1215
2026/02/23 16:18:03.073, 0, 310.81, 100, 1410, 1215
2026/02/23 16:18:03.074, 1, 54.97, 0, 210, 1215
2026/02/23 16:18:03.074, 2, 57.34, 0, 210, 1215
2026/02/23 16:18:03.074, 3, 55.41, 0, 210, 1215
2026/02/23 16:18:03.124, 0, 310.81, 100, 1410, 1215
2026/02/23 16:18:03.124, 1, 54.97, 0, 210, 1215
2026/02/23 16:18:03.124, 2, 57.34, 0, 210, 1215
2026/02/23 16:18:03.124, 3, 55.41, 0, 210, 1215
2026/02/23 16:18:03.174, 0, 310.81, 100, 1410, 1215
2026/02/23 16:18:03.175, 1, 55.03, 0, 210, 1215
2026/02/23 16:18:03.175, 2, 57.28, 0, 210, 1215
2026/02/23 16:18:03.175, 3, 55.41, 0, 210, 1215
2026/02/23 16:18:03.225, 0, 310.81, 100, 1410, 1215
2026/02/23 16:18:03.225, 1, 55.03, 0, 210, 1215
2026/02/23 16:18:03.225, 2, 57.28, 0, 210, 1215
2026/02/23 16:18:03.225, 3, 55.41, 0, 210, 1215
2026/02/23 16:18:03.275, 0, 311.35, 100, 1410, 1215
2026/02/23 16:18:03.275, 1, 55.03, 0, 210, 1215
2026/02/23 16:18:03.275, 2, 57.34, 0, 210, 1215
2026/02/23 16:18:03.276, 3, 55.41, 0, 210, 1215
2026/02/23 16:18:03.326, 0, 311.35, 100, 1410, 1215
2026/02/23 16:18:03.326, 1, 55.03, 0, 210, 1215
2026/02/23 16:18:03.326, 2, 57.34, 0, 210, 1215
2026/02/23 16:18:03.326, 3, 55.41, 0, 210, 1215
2026/02/23 16:18:03.376, 0, 307.23, 100, 1410, 1215
2026/02/23 16:18:03.376, 1, 55.03, 0, 210, 1215
2026/02/23 16:18:03.376, 2, 57.34, 0, 210, 1215
2026/02/23 16:18:03.376, 3, 55.41, 0, 210, 1215
2026/02/23 16:18:03.427, 0, 307.23, 100, 1410, 1215
2026/02/23 16:18:03.427, 1, 55.03, 0, 210, 1215
2026/02/23 16:18:03.427, 2, 57.34, 0, 210, 1215
2026/02/23 16:18:03.427, 3, 55.41, 0, 210, 1215
2026/02/23 16:18:03.477, 0, 311.08, 100, 1410, 1215
2026/02/23 16:18:03.477, 1, 54.97, 0, 210, 1215
2026/02/23 16:18:03.477, 2, 57.34, 0, 210, 1215
2026/02/23 16:18:03.477, 3, 55.41, 0, 210, 1215
2026/02/23 16:18:03.528, 0, 311.08, 100, 1410, 1215
2026/02/23 16:18:03.528, 1, 54.97, 0, 210, 1215
2026/02/23 16:18:03.528, 2, 57.34, 0, 210, 1215
2026/02/23 16:18:03.528, 3, 55.41, 0, 210, 1215
2026/02/23 16:18:03.578, 0, 310.47, 100, 1410, 1215
2026/02/23 16:18:03.578, 1, 54.97, 0, 210, 1215
2026/02/23 16:18:03.578, 2, 57.28, 0, 210, 1215
2026/02/23 16:18:03.578, 3, 55.41, 0, 210, 1215
2026/02/23 16:18:03.628, 0, 310.47, 100, 1410, 1215
2026/02/23 16:18:03.629, 1, 54.97, 0, 210, 1215
2026/02/23 16:18:03.629, 2, 57.28, 0, 210, 1215
2026/02/23 16:18:03.629, 3, 55.41, 0, 210, 1215
2026/02/23 16:18:03.679, 0, 310.81, 100, 1410, 1215
2026/02/23 16:18:03.679, 1, 55.03, 0, 210, 1215
2026/02/23 16:18:03.679, 2, 57.28, 0, 210, 1215
2026/02/23 16:18:03.679, 3, 55.41, 0, 210, 1215
2026/02/23 16:18:03.729, 0, 310.81, 100, 1410, 1215
2026/02/23 16:18:03.729, 1, 55.03, 0, 210, 1215
2026/02/23 16:18:03.730, 2, 57.28, 0, 210, 1215
2026/02/23 16:18:03.730, 3, 55.69, 0, 210, 1215
2026/02/23 16:18:03.780, 0, 311.08, 100, 1410, 1215
2026/02/23 16:18:03.780, 1, 55.03, 0, 210, 1215
2026/02/23 16:18:03.780, 2, 57.28, 0, 210, 1215
2026/02/23 16:18:03.780, 3, 55.69, 0, 210, 1215
2026/02/23 16:18:03.830, 0, 311.08, 100, 1410, 1215
2026/02/23 16:18:03.830, 1, 55.03, 0, 210, 1215
2026/02/23 16:18:03.830, 2, 57.28, 0, 210, 1215
2026/02/23 16:18:03.831, 3, 55.69, 0, 210, 1215
2026/02/23 16:18:03.881, 0, 310.47, 100, 1410, 1215
2026/02/23 16:18:03.881, 1, 55.03, 0, 210, 1215
2026/02/23 16:18:03.881, 2, 57.28, 0, 210, 1215
2026/02/23 16:18:03.881, 3, 55.69, 0, 210, 1215
2026/02/23 16:18:03.931, 0, 310.47, 100, 1410, 1215
2026/02/23 16:18:03.931, 1, 55.03, 0, 210, 1215
2026/02/23 16:18:03.931, 2, 57.28, 0, 210, 1215
2026/02/23 16:18:03.931, 3, 55.41, 0, 210, 1215
2026/02/23 16:18:03.982, 0, 310.81, 100, 1410, 1215
2026/02/23 16:18:03.982, 1, 55.03, 0, 210, 1215
2026/02/23 16:18:03.982, 2, 57.28, 0, 210, 1215
2026/02/23 16:18:03.982, 3, 55.41, 0, 210, 1215
2026/02/23 16:18:04.032, 0, 310.81, 100, 1410, 1215
2026/02/23 16:18:04.032, 1, 55.03, 0, 210, 1215
2026/02/23 16:18:04.032, 2, 57.28, 0, 210, 1215
2026/02/23 16:18:04.032, 3, 55.41, 0, 210, 1215
2026/02/23 16:18:04.083, 0, 310.47, 100, 1410, 1215
2026/02/23 16:18:04.083, 1, 55.03, 0, 210, 1215
2026/02/23 16:18:04.083, 2, 57.28, 0, 210, 1215
2026/02/23 16:18:04.083, 3, 55.41, 0, 210, 1215
2026/02/23 16:18:04.133, 0, 310.81, 100, 1410, 1215
2026/02/23 16:18:04.133, 1, 55.03, 0, 210, 1215
2026/02/23 16:18:04.133, 2, 57.28, 0, 210, 1215
2026/02/23 16:18:04.133, 3, 55.41, 0, 210, 1215
2026/02/23 16:18:04.183, 0, 310.81, 100, 1410, 1215
2026/02/23 16:18:04.184, 1, 54.97, 0, 210, 1215
2026/02/23 16:18:04.184, 2, 57.34, 0, 210, 1215
2026/02/23 16:18:04.184, 3, 55.41, 0, 210, 1215
2026/02/23 16:18:04.234, 0, 310.81, 100, 1410, 1215
2026/02/23 16:18:04.234, 1, 54.97, 0, 210, 1215
2026/02/23 16:18:04.234, 2, 57.34, 0, 210, 1215
2026/02/23 16:18:04.234, 3, 55.41, 0, 210, 1215
2026/02/23 16:18:04.284, 0, 310.81, 100, 1410, 1215
2026/02/23 16:18:04.284, 1, 55.03, 0, 210, 1215
2026/02/23 16:18:04.285, 2, 57.28, 0, 210, 1215
2026/02/23 16:18:04.285, 3, 55.41, 0, 210, 1215
2026/02/23 16:18:04.335, 0, 310.81, 100, 1410, 1215
2026/02/23 16:18:04.335, 1, 55.03, 0, 210, 1215
2026/02/23 16:18:04.335, 2, 57.28, 0, 210, 1215
2026/02/23 16:18:04.335, 3, 55.41, 0, 210, 1215
2026/02/23 16:18:04.385, 0, 310.81, 100, 1410, 1215
2026/02/23 16:18:04.385, 1, 54.97, 0, 210, 1215
2026/02/23 16:18:04.385, 2, 57.28, 0, 210, 1215
2026/02/23 16:18:04.386, 3, 55.41, 0, 210, 1215
2026/02/23 16:18:04.436, 0, 310.20, 100, 1410, 1215
2026/02/23 16:18:04.436, 1, 54.97, 0, 210, 1215
2026/02/23 16:18:04.436, 2, 57.28, 0, 210, 1215
2026/02/23 16:18:04.436, 3, 55.41, 0, 210, 1215
2026/02/23 16:18:04.486, 0, 310.20, 100, 1410, 1215
2026/02/23 16:18:04.486, 1, 54.97, 0, 210, 1215
2026/02/23 16:18:04.486, 2, 57.28, 0, 210, 1215
2026/02/23 16:18:04.486, 3, 55.41, 0, 210, 1215
2026/02/23 16:18:04.537, 0, 310.47, 100, 1410, 1215
2026/02/23 16:18:04.537, 1, 54.97, 0, 210, 1215
2026/02/23 16:18:04.537, 2, 57.28, 0, 210, 1215
2026/02/23 16:18:04.537, 3, 55.41, 0, 210, 1215
2026/02/23 16:18:04.587, 0, 310.47, 100, 1410, 1215
2026/02/23 16:18:04.587, 1, 54.97, 0, 210, 1215
2026/02/23 16:18:04.587, 2, 57.28, 0, 210, 1215
2026/02/23 16:18:04.587, 3, 55.41, 0, 210, 1215
2026/02/23 16:18:04.637, 0, 310.47, 100, 1410, 1215
2026/02/23 16:18:04.638, 1, 54.97, 0, 210, 1215
2026/02/23 16:18:04.638, 2, 57.28, 0, 210, 1215
2026/02/23 16:18:04.638, 3, 55.41, 0, 210, 1215
2026/02/23 16:18:04.688, 0, 310.47, 100, 1410, 1215
2026/02/23 16:18:04.688, 1, 55.03, 0, 210, 1215
2026/02/23 16:18:04.688, 2, 57.28, 0, 210, 1215
2026/02/23 16:18:04.688, 3, 55.41, 0, 210, 1215
2026/02/23 16:18:04.738, 0, 310.20, 100, 1410, 1215
2026/02/23 16:18:04.739, 1, 55.03, 0, 210, 1215
2026/02/23 16:18:04.739, 2, 57.28, 0, 210, 1215
2026/02/23 16:18:04.739, 3, 55.41, 0, 210, 1215
2026/02/23 16:18:04.789, 0, 310.20, 100, 1410, 1215
2026/02/23 16:18:04.789, 1, 54.97, 0, 210, 1215
2026/02/23 16:18:04.789, 2, 57.28, 0, 210, 1215
2026/02/23 16:18:04.789, 3, 55.41, 0, 210, 1215
2026/02/23 16:18:04.839, 0, 309.92, 100, 1410, 1215
2026/02/23 16:18:04.839, 1, 54.97, 0, 210, 1215
2026/02/23 16:18:04.840, 2, 57.28, 0, 210, 1215
2026/02/23 16:18:04.840, 3, 55.41, 0, 210, 1215
2026/02/23 16:18:04.890, 0, 309.92, 100, 1410, 1215
2026/02/23 16:18:04.890, 1, 55.03, 0, 210, 1215
2026/02/23 16:18:04.890, 2, 57.28, 0, 210, 1215
2026/02/23 16:18:04.890, 3, 55.41, 0, 210, 1215
2026/02/23 16:18:04.940, 0, 310.20, 100, 1410, 1215
2026/02/23 16:18:04.940, 1, 55.03, 0, 210, 1215
2026/02/23 16:18:04.940, 2, 57.28, 0, 210, 1215
2026/02/23 16:18:04.940, 3, 55.41, 0, 210, 1215
2026/02/23 16:18:04.991, 0, 310.20, 100, 1410, 1215
2026/02/23 16:18:04.991, 1, 55.03, 0, 210, 1215
2026/02/23 16:18:04.991, 2, 57.28, 0, 210, 1215
2026/02/23 16:18:04.991, 3, 55.41, 0, 210, 1215
2026/02/23 16:18:05.041, 0, 310.20, 100, 1410, 1215
2026/02/23 16:18:05.041, 1, 55.03, 0, 210, 1215
2026/02/23 16:18:05.041, 2, 57.28, 0, 210, 1215
2026/02/23 16:18:05.041, 3, 55.41, 0, 210, 1215
2026/02/23 16:18:05.092, 0, 310.20, 100, 1410, 1215
2026/02/23 16:18:05.092, 1, 54.97, 0, 210, 1215
2026/02/23 16:18:05.092, 2, 57.28, 0, 210, 1215
2026/02/23 16:18:05.092, 3, 55.41, 0, 210, 1215
2026/02/23 16:18:05.142, 0, 310.47, 100, 1410, 1215
2026/02/23 16:18:05.142, 1, 54.97, 0, 210, 1215
2026/02/23 16:18:05.142, 2, 57.28, 0, 210, 1215
2026/02/23 16:18:05.142, 3, 55.41, 0, 210, 1215
2026/02/23 16:18:05.192, 0, 310.47, 100, 1410, 1215
2026/02/23 16:18:05.193, 1, 55.03, 0, 210, 1215
2026/02/23 16:18:05.193, 2, 57.28, 0, 210, 1215
2026/02/23 16:18:05.193, 3, 55.41, 0, 210, 1215
2026/02/23 16:18:05.243, 0, 310.20, 100, 1410, 1215
2026/02/23 16:18:05.243, 1, 55.03, 0, 210, 1215
2026/02/23 16:18:05.243, 2, 57.28, 0, 210, 1215
2026/02/23 16:18:05.243, 3, 55.41, 0, 210, 1215
2026/02/23 16:18:05.293, 0, 310.20, 100, 1410, 1215
2026/02/23 16:18:05.293, 1, 54.97, 0, 210, 1215
2026/02/23 16:18:05.294, 2, 57.28, 0, 210, 1215
2026/02/23 16:18:05.294, 3, 55.41, 0, 210, 1215
2026/02/23 16:18:05.344, 0, 310.20, 100, 1410, 1215
2026/02/23 16:18:05.344, 1, 54.97, 0, 210, 1215
2026/02/23 16:18:05.344, 2, 57.28, 0, 210, 1215
2026/02/23 16:18:05.344, 3, 55.41, 0, 210, 1215
2026/02/23 16:18:05.394, 0, 310.20, 100, 1410, 1215
2026/02/23 16:18:05.394, 1, 55.03, 0, 210, 1215
2026/02/23 16:18:05.394, 2, 57.28, 0, 210, 1215
2026/02/23 16:18:05.395, 3, 55.41, 0, 210, 1215
2026/02/23 16:18:05.445, 0, 310.20, 100, 1410, 1215
2026/02/23 16:18:05.445, 1, 55.03, 0, 210, 1215
2026/02/23 16:18:05.445, 2, 57.28, 0, 210, 1215
2026/02/23 16:18:05.445, 3, 55.41, 0, 210, 1215
2026/02/23 16:18:05.495, 0, 310.20, 100, 1410, 1215
2026/02/23 16:18:05.495, 1, 54.97, 0, 210, 1215
2026/02/23 16:18:05.495, 2, 57.28, 0, 210, 1215
2026/02/23 16:18:05.495, 3, 55.41, 0, 210, 1215
2026/02/23 16:18:05.546, 0, 310.20, 100, 1410, 1215
2026/02/23 16:18:05.546, 1, 54.97, 0, 210, 1215
2026/02/23 16:18:05.546, 2, 57.28, 0, 210, 1215
2026/02/23 16:18:05.546, 3, 55.41, 0, 210, 1215
2026/02/23 16:18:05.596, 0, 310.20, 100, 1410, 1215
2026/02/23 16:18:05.596, 1, 54.97, 0, 210, 1215
2026/02/23 16:18:05.596, 2, 57.28, 0, 210, 1215
2026/02/23 16:18:05.596, 3, 55.41, 0, 210, 1215
2026/02/23 16:18:05.647, 0, 310.20, 100, 1410, 1215
2026/02/23 16:18:05.647, 1, 54.97, 0, 210, 1215
2026/02/23 16:18:05.647, 2, 57.28, 0, 210, 1215
2026/02/23 16:18:05.647, 3, 55.41, 0, 210, 1215
2026/02/23 16:18:05.697, 0, 310.20, 100, 1410, 1215
2026/02/23 16:18:05.697, 1, 54.97, 0, 210, 1215
2026/02/23 16:18:05.697, 2, 57.28, 0, 210, 1215
2026/02/23 16:18:05.697, 3, 55.41, 0, 210, 1215
2026/02/23 16:18:05.747, 0, 309.92, 100, 1410, 1215
2026/02/23 16:18:05.748, 1, 54.97, 0, 210, 1215
2026/02/23 16:18:05.748, 2, 57.28, 0, 210, 1215
2026/02/23 16:18:05.748, 3, 55.41, 0, 210, 1215
2026/02/23 16:18:05.798, 0, 309.92, 100, 1410, 1215
2026/02/23 16:18:05.798, 1, 55.03, 0, 210, 1215
2026/02/23 16:18:05.798, 2, 57.28, 0, 210, 1215
2026/02/23 16:18:05.798, 3, 55.41, 0, 210, 1215
2026/02/23 16:18:05.848, 0, 310.47, 100, 1410, 1215
2026/02/23 16:18:05.848, 1, 55.03, 0, 210, 1215
2026/02/23 16:18:05.849, 2, 57.28, 0, 210, 1215
2026/02/23 16:18:05.849, 3, 55.41, 0, 210, 1215
2026/02/23 16:18:05.899, 0, 310.47, 100, 1410, 1215
2026/02/23 16:18:05.899, 1, 55.03, 0, 210, 1215
2026/02/23 16:18:05.899, 2, 57.28, 0, 210, 1215
2026/02/23 16:18:05.899, 3, 55.41, 0, 210, 1215
2026/02/23 16:18:05.949, 0, 310.47, 100, 1410, 1215
2026/02/23 16:18:05.949, 1, 55.03, 0, 210, 1215
2026/02/23 16:18:05.949, 2, 57.28, 0, 210, 1215
2026/02/23 16:18:05.949, 3, 55.41, 0, 210, 1215
2026/02/23 16:18:06.000, 0, 310.47, 100, 1410, 1215
2026/02/23 16:18:06.000, 1, 55.03, 0, 210, 1215
2026/02/23 16:18:06.000, 2, 57.34, 0, 210, 1215
2026/02/23 16:18:06.000, 3, 55.41, 0, 210, 1215
2026/02/23 16:18:06.050, 0, 310.20, 100, 1410, 1215
2026/02/23 16:18:06.050, 1, 55.03, 0, 210, 1215
2026/02/23 16:18:06.050, 2, 57.34, 0, 210, 1215
2026/02/23 16:18:06.050, 3, 55.41, 0, 210, 1215
2026/02/23 16:18:06.101, 0, 310.20, 100, 1410, 1215
2026/02/23 16:18:06.101, 1, 55.03, 0, 210, 1215
2026/02/23 16:18:06.101, 2, 57.34, 0, 210, 1215
2026/02/23 16:18:06.101, 3, 55.41, 0, 210, 1215
2026/02/23 16:18:06.151, 0, 310.47, 100, 1410, 1215
2026/02/23 16:18:06.151, 1, 55.03, 0, 210, 1215
2026/02/23 16:18:06.151, 2, 57.34, 0, 210, 1215
2026/02/23 16:18:06.151, 3, 55.41, 0, 210, 1215
2026/02/23 16:18:06.201, 0, 310.47, 100, 1410, 1215
2026/02/23 16:18:06.202, 1, 54.97, 0, 210, 1215
2026/02/23 16:18:06.202, 2, 57.28, 0, 210, 1215
2026/02/23 16:18:06.202, 3, 55.41, 0, 210, 1215
2026/02/23 16:18:06.252, 0, 311.35, 100, 1410, 1215
2026/02/23 16:18:06.252, 1, 54.97, 0, 210, 1215
2026/02/23 16:18:06.252, 2, 57.28, 0, 210, 1215
2026/02/23 16:18:06.252, 3, 55.41, 0, 210, 1215
2026/02/23 16:18:06.302, 0, 311.35, 100, 1410, 1215
2026/02/23 16:18:06.302, 1, 55.03, 0, 210, 1215
2026/02/23 16:18:06.303, 2, 57.34, 0, 210, 1215
2026/02/23 16:18:06.303, 3, 55.41, 0, 210, 1215
2026/02/23 16:18:06.353, 0, 310.20, 100, 1410, 1215
2026/02/23 16:18:06.353, 1, 55.03, 0, 210, 1215
2026/02/23 16:18:06.353, 2, 57.34, 0, 210, 1215
2026/02/23 16:18:06.353, 3, 55.41, 0, 210, 1215
2026/02/23 16:18:06.403, 0, 310.20, 100, 1410, 1215
2026/02/23 16:18:06.403, 1, 55.03, 0, 210, 1215
2026/02/23 16:18:06.403, 2, 57.28, 0, 210, 1215
2026/02/23 16:18:06.404, 3, 55.41, 0, 210, 1215
2026/02/23 16:18:06.454, 0, 311.35, 100, 1410, 1215
2026/02/23 16:18:06.454, 1, 55.03, 0, 210, 1215
2026/02/23 16:18:06.454, 2, 57.28, 0, 210, 1215
2026/02/23 16:18:06.454, 3, 55.41, 0, 210, 1215
2026/02/23 16:18:06.504, 0, 311.35, 100, 1410, 1215
2026/02/23 16:18:06.504, 1, 55.03, 0, 210, 1215
2026/02/23 16:18:06.504, 2, 57.34, 0, 210, 1215
2026/02/23 16:18:06.504, 3, 55.41, 0, 210, 1215
2026/02/23 16:18:06.555, 0, 311.35, 100, 1410, 1215
2026/02/23 16:18:06.555, 1, 55.03, 0, 210, 1215
2026/02/23 16:18:06.555, 2, 57.34, 0, 210, 1215
2026/02/23 16:18:06.555, 3, 55.41, 0, 210, 1215
2026/02/23 16:18:06.605, 0, 311.35, 100, 1410, 1215
2026/02/23 16:18:06.605, 1, 55.03, 0, 210, 1215
2026/02/23 16:18:06.605, 2, 57.28, 0, 210, 1215
2026/02/23 16:18:06.605, 3, 55.41, 0, 210, 1215
2026/02/23 16:18:06.656, 0, 311.35, 100, 1410, 1215
2026/02/23 16:18:06.656, 1, 55.03, 0, 210, 1215
2026/02/23 16:18:06.656, 2, 57.28, 0, 210, 1215
2026/02/23 16:18:06.656, 3, 55.41, 0, 210, 1215
2026/02/23 16:18:06.706, 0, 311.35, 100, 1410, 1215
2026/02/23 16:18:06.706, 1, 54.97, 0, 210, 1215
2026/02/23 16:18:06.706, 2, 57.28, 0, 210, 1215
2026/02/23 16:18:06.706, 3, 55.41, 0, 210, 1215
2026/02/23 16:18:06.756, 0, 311.35, 100, 1410, 1215
2026/02/23 16:18:06.757, 1, 54.97, 0, 210, 1215
2026/02/23 16:18:06.757, 2, 57.28, 0, 210, 1215
2026/02/23 16:18:06.757, 3, 55.41, 0, 210, 1215
2026/02/23 16:18:06.807, 0, 311.35, 100, 1410, 1215
2026/02/23 16:18:06.807, 1, 55.03, 0, 210, 1215
2026/02/23 16:18:06.807, 2, 57.28, 0, 210, 1215
2026/02/23 16:18:06.807, 3, 55.41, 0, 210, 1215
2026/02/23 16:18:06.857, 0, 311.08, 100, 1410, 1215
2026/02/23 16:18:06.857, 1, 55.03, 0, 210, 1215
2026/02/23 16:18:06.858, 2, 57.28, 0, 210, 1215
2026/02/23 16:18:06.858, 3, 55.41, 0, 210, 1215
2026/02/23 16:18:06.908, 0, 311.08, 100, 1410, 1215
2026/02/23 16:18:06.908, 1, 55.03, 0, 210, 1215
2026/02/23 16:18:06.908, 2, 57.28, 0, 210, 1215
2026/02/23 16:18:06.908, 3, 55.41, 0, 210, 1215
2026/02/23 16:18:06.958, 0, 311.08, 100, 1410, 1215
2026/02/23 16:18:06.958, 1, 55.03, 0, 210, 1215
2026/02/23 16:18:06.958, 2, 57.28, 0, 210, 1215
2026/02/23 16:18:06.959, 3, 55.41, 0, 210, 1215
2026/02/23 16:18:07.009, 0, 311.08, 100, 1410, 1215
2026/02/23 16:18:07.009, 1, 55.03, 0, 210, 1215
2026/02/23 16:18:07.009, 2, 57.28, 0, 210, 1215
2026/02/23 16:18:07.009, 3, 55.41, 0, 210, 1215
2026/02/23 16:18:07.059, 0, 311.35, 100, 1410, 1215
2026/02/23 16:18:07.059, 1, 55.03, 0, 210, 1215
2026/02/23 16:18:07.059, 2, 57.28, 0, 210, 1215
2026/02/23 16:18:07.059, 3, 55.41, 0, 210, 1215
2026/02/23 16:18:07.110, 0, 311.35, 100, 1410, 1215
2026/02/23 16:18:07.110, 1, 55.03, 0, 210, 1215
2026/02/23 16:18:07.110, 2, 57.34, 0, 210, 1215
2026/02/23 16:18:07.110, 3, 55.41, 0, 210, 1215
2026/02/23 16:18:07.160, 0, 311.08, 100, 1410, 1215
2026/02/23 16:18:07.160, 1, 55.03, 0, 210, 1215
2026/02/23 16:18:07.160, 2, 57.34, 0, 210, 1215
2026/02/23 16:18:07.160, 3, 55.41, 0, 210, 1215
2026/02/23 16:18:07.211, 0, 311.08, 100, 1410, 1215
2026/02/23 16:18:07.211, 1, 54.97, 0, 210, 1215
2026/02/23 16:18:07.211, 2, 57.34, 0, 210, 1215
2026/02/23 16:18:07.211, 3, 55.41, 0, 210, 1215
2026/02/23 16:18:07.261, 0, 310.81, 100, 1410, 1215
2026/02/23 16:18:07.261, 1, 54.97, 0, 210, 1215
2026/02/23 16:18:07.261, 2, 57.34, 0, 210, 1215
2026/02/23 16:18:07.261, 3, 55.41, 0, 210, 1215
2026/02/23 16:18:07.311, 0, 310.81, 100, 1410, 1215
2026/02/23 16:18:07.312, 1, 55.03, 0, 210, 1215
2026/02/23 16:18:07.312, 2, 57.34, 0, 210, 1215
2026/02/23 16:18:07.312, 3, 55.41, 0, 210, 1215
2026/02/23 16:18:07.362, 0, 310.81, 100, 1410, 1215
2026/02/23 16:18:07.362, 1, 54.97, 0, 210, 1215
2026/02/23 16:18:07.362, 2, 57.34, 0, 210, 1215
2026/02/23 16:18:07.362, 3, 55.41, 0, 210, 1215
2026/02/23 16:18:07.412, 0, 310.81, 100, 1410, 1215
2026/02/23 16:18:07.412, 1, 54.97, 0, 210, 1215
2026/02/23 16:18:07.413, 2, 57.28, 0, 210, 1215
2026/02/23 16:18:07.413, 3, 55.41, 0, 210, 1215
2026/02/23 16:18:07.463, 0, 310.81, 100, 1410, 1215
2026/02/23 16:18:07.463, 1, 55.03, 0, 210, 1215
2026/02/23 16:18:07.463, 2, 57.28, 0, 210, 1215
2026/02/23 16:18:07.463, 3, 55.41, 0, 210, 1215
2026/02/23 16:18:07.513, 0, 310.81, 100, 1410, 1215
2026/02/23 16:18:07.513, 1, 55.03, 0, 210, 1215
2026/02/23 16:18:07.513, 2, 57.28, 0, 210, 1215
2026/02/23 16:18:07.514, 3, 55.41, 0, 210, 1215
2026/02/23 16:18:07.564, 0, 310.81, 100, 1410, 1215
2026/02/23 16:18:07.564, 1, 55.03, 0, 210, 1215
2026/02/23 16:18:07.564, 2, 57.28, 0, 210, 1215
2026/02/23 16:18:07.564, 3, 55.41, 0, 210, 1215
2026/02/23 16:18:07.614, 0, 310.81, 100, 1410, 1215
2026/02/23 16:18:07.614, 1, 55.03, 0, 210, 1215
2026/02/23 16:18:07.614, 2, 57.28, 0, 210, 1215
2026/02/23 16:18:07.614, 3, 55.41, 0, 210, 1215
2026/02/23 16:18:07.665, 0, 311.08, 100, 1410, 1215
2026/02/23 16:18:07.665, 1, 54.97, 0, 210, 1215
2026/02/23 16:18:07.665, 2, 57.28, 0, 210, 1215
2026/02/23 16:18:07.665, 3, 55.41, 0, 210, 1215
2026/02/23 16:18:07.715, 0, 311.08, 100, 1410, 1215
2026/02/23 16:18:07.715, 1, 54.97, 0, 210, 1215
2026/02/23 16:18:07.715, 2, 57.28, 0, 210, 1215
2026/02/23 16:18:07.715, 3, 55.41, 0, 210, 1215
2026/02/23 16:18:07.766, 0, 311.08, 100, 1410, 1215
2026/02/23 16:18:07.766, 1, 55.03, 0, 210, 1215
2026/02/23 16:18:07.766, 2, 57.28, 0, 210, 1215
2026/02/23 16:18:07.766, 3, 55.41, 0, 210, 1215
2026/02/23 16:18:07.816, 0, 311.08, 100, 1410, 1215
2026/02/23 16:18:07.816, 1, 55.03, 0, 210, 1215
2026/02/23 16:18:07.816, 2, 57.34, 0, 210, 1215
2026/02/23 16:18:07.816, 3, 55.41, 0, 210, 1215
2026/02/23 16:18:07.866, 0, 310.81, 100, 1410, 1215
2026/02/23 16:18:07.867, 1, 54.97, 0, 210, 1215
2026/02/23 16:18:07.867, 2, 57.34, 0, 210, 1215
2026/02/23 16:18:07.867, 3, 55.41, 0, 210, 1215
2026/02/23 16:18:07.917, 0, 310.81, 100, 1410, 1215
2026/02/23 16:18:07.917, 1, 54.97, 0, 210, 1215
2026/02/23 16:18:07.917, 2, 57.28, 0, 210, 1215
2026/02/23 16:18:07.917, 3, 55.35, 0, 210, 1215
2026/02/23 16:18:07.967, 0, 310.81, 100, 1410, 1215
2026/02/23 16:18:07.967, 1, 55.03, 0, 210, 1215
2026/02/23 16:18:07.968, 2, 57.28, 0, 210, 1215
2026/02/23 16:18:07.968, 3, 55.35, 0, 210, 1215
2026/02/23 16:18:08.018, 0, 310.81, 100, 1410, 1215
2026/02/23 16:18:08.018, 1, 55.03, 0, 210, 1215
2026/02/23 16:18:08.018, 2, 57.34, 0, 210, 1215
2026/02/23 16:18:08.018, 3, 55.41, 0, 210, 1215
2026/02/23 16:18:08.068, 0, 310.47, 100, 1410, 1215
2026/02/23 16:18:08.068, 1, 55.03, 0, 210, 1215
2026/02/23 16:18:08.068, 2, 57.34, 0, 210, 1215
2026/02/23 16:18:08.068, 3, 55.41, 0, 210, 1215
2026/02/23 16:18:08.119, 0, 310.47, 100, 1410, 1215
2026/02/23 16:18:08.119, 1, 55.03, 0, 210, 1215
2026/02/23 16:18:08.119, 2, 57.28, 0, 210, 1215
2026/02/23 16:18:08.119, 3, 55.41, 0, 210, 1215
2026/02/23 16:18:08.169, 0, 310.81, 100, 1410, 1215
2026/02/23 16:18:08.169, 1, 54.97, 0, 210, 1215
2026/02/23 16:18:08.169, 2, 57.28, 0, 210, 1215
2026/02/23 16:18:08.169, 3, 55.41, 0, 210, 1215
2026/02/23 16:18:08.220, 0, 310.81, 100, 1410, 1215
2026/02/23 16:18:08.220, 1, 54.97, 0, 210, 1215
2026/02/23 16:18:08.220, 2, 57.28, 0, 210, 1215
2026/02/23 16:18:08.220, 3, 55.41, 0, 210, 1215
2026/02/23 16:18:08.270, 0, 310.20, 100, 1410, 1215
2026/02/23 16:18:08.270, 1, 54.97, 0, 210, 1215
2026/02/23 16:18:08.270, 2, 57.28, 0, 210, 1215
2026/02/23 16:18:08.270, 3, 55.41, 0, 210, 1215
2026/02/23 16:18:08.321, 0, 310.20, 100, 1410, 1215
2026/02/23 16:18:08.321, 1, 54.97, 0, 210, 1215
2026/02/23 16:18:08.321, 2, 57.34, 0, 210, 1215
2026/02/23 16:18:08.321, 3, 55.41, 0, 210, 1215
2026/02/23 16:18:08.371, 0, 309.92, 100, 1410, 1215
2026/02/23 16:18:08.371, 1, 54.97, 0, 210, 1215
2026/02/23 16:18:08.371, 2, 57.34, 0, 210, 1215
2026/02/23 16:18:08.371, 3, 55.41, 0, 210, 1215
2026/02/23 16:18:08.421, 0, 309.92, 100, 1410, 1215
2026/02/23 16:18:08.422, 1, 54.97, 0, 210, 1215
2026/02/23 16:18:08.422, 2, 57.28, 0, 210, 1215
2026/02/23 16:18:08.422, 3, 55.41, 0, 210, 1215
2026/02/23 16:18:08.472, 0, 310.20, 100, 1410, 1215
2026/02/23 16:18:08.472, 1, 55.03, 0, 210, 1215
2026/02/23 16:18:08.472, 2, 57.34, 0, 210, 1215
2026/02/23 16:18:08.472, 3, 55.41, 0, 210, 1215
2026/02/23 16:18:08.522, 0, 310.20, 100, 1410, 1215
2026/02/23 16:18:08.522, 1, 55.03, 0, 210, 1215
2026/02/23 16:18:08.522, 2, 57.34, 0, 210, 1215
2026/02/23 16:18:08.523, 3, 55.41, 0, 210, 1215
2026/02/23 16:18:08.573, 0, 310.47, 100, 1410, 1215
2026/02/23 16:18:08.573, 1, 54.97, 0, 210, 1215
2026/02/23 16:18:08.573, 2, 57.28, 0, 210, 1215
2026/02/23 16:18:08.573, 3, 55.41, 0, 210, 1215
2026/02/23 16:18:08.623, 0, 310.47, 100, 1410, 1215
2026/02/23 16:18:08.623, 1, 54.97, 0, 210, 1215
2026/02/23 16:18:08.623, 2, 57.28, 0, 210, 1215
2026/02/23 16:18:08.624, 3, 55.41, 0, 210, 1215
2026/02/23 16:18:08.674, 0, 310.20, 100, 1410, 1215
2026/02/23 16:18:08.674, 1, 55.03, 0, 210, 1215
2026/02/23 16:18:08.674, 2, 57.28, 0, 210, 1215
2026/02/23 16:18:08.674, 3, 55.41, 0, 210, 1215
2026/02/23 16:18:08.724, 0, 310.20, 100, 1410, 1215
2026/02/23 16:18:08.724, 1, 55.03, 0, 210, 1215
2026/02/23 16:18:08.724, 2, 57.28, 0, 210, 1215
2026/02/23 16:18:08.724, 3, 55.41, 0, 210, 1215
2026/02/23 16:18:08.775, 0, 309.92, 100, 1410, 1215
2026/02/23 16:18:08.775, 1, 54.97, 0, 210, 1215
2026/02/23 16:18:08.775, 2, 57.28, 0, 210, 1215
2026/02/23 16:18:08.775, 3, 55.41, 0, 210, 1215
2026/02/23 16:18:08.825, 0, 309.92, 100, 1410, 1215
2026/02/23 16:18:08.825, 1, 54.97, 0, 210, 1215
2026/02/23 16:18:08.825, 2, 57.28, 0, 210, 1215
2026/02/23 16:18:08.825, 3, 55.41, 0, 210, 1215
2026/02/23 16:18:08.876, 0, 310.20, 100, 1410, 1215
2026/02/23 16:18:08.876, 1, 55.03, 0, 210, 1215
2026/02/23 16:18:08.876, 2, 57.28, 0, 210, 1215
2026/02/23 16:18:08.876, 3, 55.41, 0, 210, 1215
2026/02/23 16:18:08.926, 0, 310.20, 100, 1410, 1215
2026/02/23 16:18:08.926, 1, 55.03, 0, 210, 1215
2026/02/23 16:18:08.926, 2, 57.28, 0, 210, 1215
2026/02/23 16:18:08.926, 3, 55.41, 0, 210, 1215
2026/02/23 16:18:08.976, 0, 309.92, 100, 1410, 1215
2026/02/23 16:18:08.977, 1, 55.03, 0, 210, 1215
2026/02/23 16:18:08.977, 2, 57.34, 0, 210, 1215
2026/02/23 16:18:08.977, 3, 55.41, 0, 210, 1215
2026/02/23 16:18:09.027, 0, 309.92, 100, 1410, 1215
2026/02/23 16:18:09.027, 1, 55.03, 0, 210, 1215
2026/02/23 16:18:09.027, 2, 57.34, 0, 210, 1215
2026/02/23 16:18:09.027, 3, 55.41, 0, 210, 1215
2026/02/23 16:18:09.077, 0, 309.92, 100, 1410, 1215
2026/02/23 16:18:09.077, 1, 55.03, 0, 210, 1215
2026/02/23 16:18:09.077, 2, 57.34, 0, 210, 1215
2026/02/23 16:18:09.078, 3, 55.41, 0, 210, 1215
2026/02/23 16:18:09.128, 0, 309.92, 100, 1410, 1215
2026/02/23 16:18:09.128, 1, 55.03, 0, 210, 1215
2026/02/23 16:18:09.128, 2, 57.34, 0, 210, 1215
2026/02/23 16:18:09.128, 3, 55.41, 0, 210, 1215
2026/02/23 16:18:09.178, 0, 309.60, 100, 1410, 1215
2026/02/23 16:18:09.178, 1, 55.03, 0, 210, 1215
2026/02/23 16:18:09.178, 2, 57.34, 0, 210, 1215
2026/02/23 16:18:09.178, 3, 55.41, 0, 210, 1215
2026/02/23 16:18:09.229, 0, 309.60, 100, 1410, 1215
2026/02/23 16:18:09.229, 1, 55.03, 0, 210, 1215
2026/02/23 16:18:09.229, 2, 57.34, 0, 210, 1215
2026/02/23 16:18:09.229, 3, 55.41, 0, 210, 1215
2026/02/23 16:18:09.279, 0, 309.92, 100, 1410, 1215
2026/02/23 16:18:09.279, 1, 54.97, 0, 210, 1215
2026/02/23 16:18:09.279, 2, 57.28, 0, 210, 1215
2026/02/23 16:18:09.279, 3, 55.41, 0, 210, 1215
2026/02/23 16:18:09.330, 0, 309.92, 100, 1410, 1215
2026/02/23 16:18:09.330, 1, 54.97, 0, 210, 1215
2026/02/23 16:18:09.330, 2, 57.28, 0, 210, 1215
2026/02/23 16:18:09.330, 3, 55.41, 0, 210, 1215
2026/02/23 16:18:09.380, 0, 309.92, 100, 1410, 1215
2026/02/23 16:18:09.380, 1, 55.03, 0, 210, 1215
2026/02/23 16:18:09.380, 2, 57.34, 0, 210, 1215
2026/02/23 16:18:09.380, 3, 55.41, 0, 210, 1215
2026/02/23 16:18:09.430, 0, 309.92, 100, 1410, 1215
2026/02/23 16:18:09.431, 1, 55.03, 0, 210, 1215
2026/02/23 16:18:09.431, 2, 57.34, 0, 210, 1215
2026/02/23 16:18:09.431, 3, 55.41, 0, 210, 1215
2026/02/23 16:18:09.481, 0, 309.92, 100, 1410, 1215
2026/02/23 16:18:09.481, 1, 55.03, 0, 210, 1215
2026/02/23 16:18:09.481, 2, 57.28, 0, 210, 1215
2026/02/23 16:18:09.481, 3, 55.41, 0, 210, 1215
2026/02/23 16:18:09.531, 0, 309.92, 100, 1410, 1215
2026/02/23 16:18:09.531, 1, 55.03, 0, 210, 1215
2026/02/23 16:18:09.532, 2, 57.28, 0, 210, 1215
2026/02/23 16:18:09.532, 3, 55.41, 0, 210, 1215
2026/02/23 16:18:09.582, 0, 309.60, 100, 1410, 1215
2026/02/23 16:18:09.582, 1, 55.03, 0, 210, 1215
2026/02/23 16:18:09.582, 2, 57.34, 0, 210, 1215
2026/02/23 16:18:09.582, 3, 55.41, 0, 210, 1215
2026/02/23 16:18:09.632, 0, 309.60, 100, 1410, 1215
2026/02/23 16:18:09.632, 1, 55.03, 0, 210, 1215
2026/02/23 16:18:09.632, 2, 57.34, 0, 210, 1215
2026/02/23 16:18:09.633, 3, 55.41, 0, 210, 1215
2026/02/23 16:18:09.683, 0, 309.92, 100, 1410, 1215
2026/02/23 16:18:09.683, 1, 55.03, 0, 210, 1215
2026/02/23 16:18:09.683, 2, 57.28, 0, 210, 1215
2026/02/23 16:18:09.683, 3, 55.41, 0, 210, 1215
2026/02/23 16:18:09.733, 0, 309.92, 100, 1410, 1215
2026/02/23 16:18:09.733, 1, 55.03, 0, 210, 1215
2026/02/23 16:18:09.733, 2, 57.28, 0, 210, 1215
2026/02/23 16:18:09.733, 3, 55.41, 0, 210, 1215
2026/02/23 16:18:09.784, 0, 309.92, 100, 1410, 1215
2026/02/23 16:18:09.784, 1, 54.97, 0, 210, 1215
2026/02/23 16:18:09.784, 2, 57.28, 0, 210, 1215
2026/02/23 16:18:09.784, 3, 55.41, 0, 210, 1215
2026/02/23 16:18:09.834, 0, 309.92, 100, 1410, 1215
2026/02/23 16:18:09.834, 1, 54.97, 0, 210, 1215
2026/02/23 16:18:09.834, 2, 57.28, 0, 210, 1215
2026/02/23 16:18:09.834, 3, 55.41, 0, 210, 1215
2026/02/23 16:18:09.885, 0, 309.92, 100, 1410, 1215
2026/02/23 16:18:09.885, 1, 55.03, 0, 210, 1215
2026/02/23 16:18:09.885, 2, 57.28, 0, 210, 1215
2026/02/23 16:18:09.885, 3, 55.41, 0, 210, 1215
2026/02/23 16:18:09.935, 0, 309.92, 100, 1410, 1215
2026/02/23 16:18:09.935, 1, 55.03, 0, 210, 1215
2026/02/23 16:18:09.935, 2, 57.28, 0, 210, 1215
2026/02/23 16:18:09.935, 3, 55.41, 0, 210, 1215
2026/02/23 16:18:09.985, 0, 309.92, 100, 1410, 1215
2026/02/23 16:18:09.986, 1, 54.97, 0, 210, 1215
2026/02/23 16:18:09.986, 2, 57.28, 0, 210, 1215
2026/02/23 16:18:09.986, 3, 55.41, 0, 210, 1215
2026/02/23 16:18:10.036, 0, 310.20, 100, 1410, 1215
2026/02/23 16:18:10.036, 1, 54.97, 0, 210, 1215
2026/02/23 16:18:10.036, 2, 57.28, 0, 210, 1215
2026/02/23 16:18:10.036, 3, 55.41, 0, 210, 1215
2026/02/23 16:18:10.086, 0, 310.20, 100, 1410, 1215
2026/02/23 16:18:10.086, 1, 55.03, 0, 210, 1215
2026/02/23 16:18:10.087, 2, 57.28, 0, 210, 1215
2026/02/23 16:18:10.087, 3, 55.41, 0, 210, 1215
2026/02/23 16:18:10.137, 0, 310.20, 100, 1410, 1215
2026/02/23 16:18:10.137, 1, 55.03, 0, 210, 1215
2026/02/23 16:18:10.137, 2, 57.28, 0, 210, 1215
2026/02/23 16:18:10.137, 3, 55.41, 0, 210, 1215
2026/02/23 16:18:10.187, 0, 310.20, 100, 1410, 1215
2026/02/23 16:18:10.187, 1, 54.97, 0, 210, 1215
2026/02/23 16:18:10.187, 2, 57.28, 0, 210, 1215
2026/02/23 16:18:10.188, 3, 55.41, 0, 210, 1215
2026/02/23 16:18:10.238, 0, 310.47, 100, 1410, 1215
2026/02/23 16:18:10.238, 1, 54.97, 0, 210, 1215
2026/02/23 16:18:10.238, 2, 57.28, 0, 210, 1215
2026/02/23 16:18:10.238, 3, 55.41, 0, 210, 1215
2026/02/23 16:18:10.288, 0, 310.47, 100, 1410, 1215
2026/02/23 16:18:10.288, 1, 55.03, 0, 210, 1215
2026/02/23 16:18:10.288, 2, 57.34, 0, 210, 1215
2026/02/23 16:18:10.288, 3, 55.41, 0, 210, 1215
2026/02/23 16:18:10.339, 0, 310.47, 100, 1410, 1215
2026/02/23 16:18:10.339, 1, 55.03, 0, 210, 1215
2026/02/23 16:18:10.339, 2, 57.34, 0, 210, 1215
2026/02/23 16:18:10.339, 3, 55.41, 0, 210, 1215
2026/02/23 16:18:10.389, 0, 310.47, 100, 1410, 1215
2026/02/23 16:18:10.389, 1, 55.03, 0, 210, 1215
2026/02/23 16:18:10.389, 2, 57.28, 0, 210, 1215
2026/02/23 16:18:10.389, 3, 55.41, 0, 210, 1215
2026/02/23 16:18:10.440, 0, 310.20, 100, 1410, 1215
2026/02/23 16:18:10.440, 1, 55.03, 0, 210, 1215
2026/02/23 16:18:10.440, 2, 57.28, 0, 210, 1215
2026/02/23 16:18:10.440, 3, 55.41, 0, 210, 1215
2026/02/23 16:18:10.490, 0, 310.20, 100, 1410, 1215
2026/02/23 16:18:10.490, 1, 54.97, 0, 210, 1215
2026/02/23 16:18:10.490, 2, 57.28, 0, 210, 1215
2026/02/23 16:18:10.490, 3, 55.41, 0, 210, 1215
2026/02/23 16:18:10.540, 0, 309.88, 100, 1410, 1215
2026/02/23 16:18:10.541, 1, 54.97, 0, 210, 1215
2026/02/23 16:18:10.541, 2, 57.28, 0, 210, 1215
2026/02/23 16:18:10.541, 3, 55.41, 0, 210, 1215
2026/02/23 16:18:10.591, 0, 309.88, 100, 1410, 1215
2026/02/23 16:18:10.591, 1, 55.03, 0, 210, 1215
2026/02/23 16:18:10.591, 2, 57.28, 0, 210, 1215
2026/02/23 16:18:10.591, 3, 55.41, 0, 210, 1215
2026/02/23 16:18:10.641, 0, 311.08, 100, 1410, 1215
2026/02/23 16:18:10.641, 1, 55.03, 0, 210, 1215
2026/02/23 16:18:10.641, 2, 57.28, 0, 210, 1215
2026/02/23 16:18:10.642, 3, 55.41, 0, 210, 1215
2026/02/23 16:18:10.692, 0, 311.08, 100, 1410, 1215
2026/02/23 16:18:10.692, 1, 55.03, 0, 210, 1215
2026/02/23 16:18:10.692, 2, 57.28, 0, 210, 1215
2026/02/23 16:18:10.692, 3, 55.41, 0, 210, 1215
2026/02/23 16:18:10.742, 0, 310.81, 100, 1410, 1215
2026/02/23 16:18:10.742, 1, 55.03, 0, 210, 1215
2026/02/23 16:18:10.742, 2, 57.28, 0, 210, 1215
2026/02/23 16:18:10.742, 3, 55.41, 0, 210, 1215
2026/02/23 16:18:10.793, 0, 310.81, 100, 1410, 1215
2026/02/23 16:18:10.793, 1, 54.97, 0, 210, 1215
2026/02/23 16:18:10.793, 2, 57.28, 0, 210, 1215
2026/02/23 16:18:10.793, 3, 55.41, 0, 210, 1215
2026/02/23 16:18:10.843, 0, 311.08, 100, 1410, 1215
2026/02/23 16:18:10.843, 1, 54.97, 0, 210, 1215
2026/02/23 16:18:10.843, 2, 57.28, 0, 210, 1215
2026/02/23 16:18:10.843, 3, 55.41, 0, 210, 1215
2026/02/23 16:18:10.894, 0, 311.08, 100, 1410, 1215
2026/02/23 16:18:10.894, 1, 54.97, 0, 210, 1215
2026/02/23 16:18:10.894, 2, 57.34, 0, 210, 1215
2026/02/23 16:18:10.895, 3, 55.41, 0, 210, 1215
2026/02/23 16:18:10.945, 0, 310.81, 100, 1410, 1215
2026/02/23 16:18:10.945, 1, 54.97, 0, 210, 1215
2026/02/23 16:18:10.945, 2, 57.34, 0, 210, 1215
2026/02/23 16:18:10.945, 3, 55.41, 0, 210, 1215
2026/02/23 16:18:10.995, 0, 310.81, 100, 1410, 1215
2026/02/23 16:18:10.995, 1, 55.03, 0, 210, 1215
2026/02/23 16:18:10.995, 2, 57.28, 0, 210, 1215
2026/02/23 16:18:10.995, 3, 55.41, 0, 210, 1215
2026/02/23 16:18:11.046, 0, 310.81, 100, 1410, 1215
2026/02/23 16:18:11.046, 1, 55.03, 0, 210, 1215
2026/02/23 16:18:11.046, 2, 57.28, 0, 210, 1215
2026/02/23 16:18:11.046, 3, 55.41, 0, 210, 1215
2026/02/23 16:18:11.096, 0, 310.81, 100, 1410, 1215
2026/02/23 16:18:11.096, 1, 55.03, 0, 210, 1215
2026/02/23 16:18:11.096, 2, 57.28, 0, 210, 1215
2026/02/23 16:18:11.096, 3, 55.41, 0, 210, 1215
2026/02/23 16:18:11.147, 0, 311.08, 100, 1410, 1215
2026/02/23 16:18:11.147, 1, 55.03, 0, 210, 1215
2026/02/23 16:18:11.147, 2, 57.28, 0, 210, 1215
2026/02/23 16:18:11.147, 3, 55.41, 0, 210, 1215
2026/02/23 16:18:11.197, 0, 311.08, 100, 1410, 1215
2026/02/23 16:18:11.197, 1, 55.03, 0, 210, 1215
2026/02/23 16:18:11.197, 2, 57.28, 0, 210, 1215
2026/02/23 16:18:11.197, 3, 55.41, 0, 210, 1215
2026/02/23 16:18:11.247, 0, 311.08, 100, 1410, 1215
2026/02/23 16:18:11.248, 1, 55.03, 0, 210, 1215
2026/02/23 16:18:11.248, 2, 57.28, 0, 210, 1215
2026/02/23 16:18:11.248, 3, 55.41, 0, 210, 1215
2026/02/23 16:18:11.298, 0, 311.08, 100, 1410, 1215
2026/02/23 16:18:11.298, 1, 55.03, 0, 210, 1215
2026/02/23 16:18:11.298, 2, 57.28, 0, 210, 1215
2026/02/23 16:18:11.298, 3, 55.41, 0, 210, 1215
2026/02/23 16:18:11.348, 0, 306.63, 100, 1410, 1215
2026/02/23 16:18:11.348, 1, 55.03, 0, 210, 1215
2026/02/23 16:18:11.349, 2, 57.28, 0, 210, 1215
2026/02/23 16:18:11.349, 3, 55.41, 0, 210, 1215
2026/02/23 16:18:11.399, 0, 306.63, 100, 1410, 1215
2026/02/23 16:18:11.399, 1, 55.03, 0, 210, 1215
2026/02/23 16:18:11.399, 2, 57.34, 0, 210, 1215
2026/02/23 16:18:11.399, 3, 55.41, 0, 210, 1215
2026/02/23 16:18:11.449, 0, 306.63, 100, 1410, 1215
2026/02/23 16:18:11.449, 1, 55.03, 0, 210, 1215
2026/02/23 16:18:11.449, 2, 57.34, 0, 210, 1215
2026/02/23 16:18:11.450, 3, 55.41, 0, 210, 1215
2026/02/23 16:18:11.500, 0, 306.63, 100, 1410, 1215
2026/02/23 16:18:11.500, 1, 54.97, 0, 210, 1215
2026/02/23 16:18:11.500, 2, 57.34, 0, 210, 1215
2026/02/23 16:18:11.500, 3, 55.41, 0, 210, 1215
2026/02/23 16:18:11.550, 0, 310.81, 100, 1410, 1215
2026/02/23 16:18:11.550, 1, 54.97, 0, 210, 1215
2026/02/23 16:18:11.550, 2, 57.34, 0, 210, 1215
2026/02/23 16:18:11.550, 3, 55.41, 0, 210, 1215
2026/02/23 16:18:11.601, 0, 310.81, 100, 1410, 1215
2026/02/23 16:18:11.601, 1, 54.97, 0, 210, 1215
2026/02/23 16:18:11.601, 2, 57.28, 0, 210, 1215
2026/02/23 16:18:11.601, 3, 55.41, 0, 210, 1215
2026/02/23 16:18:11.651, 0, 311.08, 100, 1410, 1215
2026/02/23 16:18:11.651, 1, 54.97, 0, 210, 1215
2026/02/23 16:18:11.651, 2, 57.28, 0, 210, 1215
2026/02/23 16:18:11.651, 3, 55.41, 0, 210, 1215
2026/02/23 16:18:11.702, 0, 311.08, 100, 1410, 1215
2026/02/23 16:18:11.702, 1, 54.97, 0, 210, 1215
2026/02/23 16:18:11.702, 2, 57.28, 0, 210, 1215
2026/02/23 16:18:11.702, 3, 55.41, 0, 210, 1215
2026/02/23 16:18:11.752, 0, 311.08, 100, 1410, 1215
2026/02/23 16:18:11.752, 1, 54.97, 0, 210, 1215
2026/02/23 16:18:11.752, 2, 57.28, 0, 210, 1215
2026/02/23 16:18:11.752, 3, 55.41, 0, 210, 1215
2026/02/23 16:18:11.802, 0, 311.08, 100, 1410, 1215
2026/02/23 16:18:11.803, 1, 55.03, 0, 210, 1215
2026/02/23 16:18:11.803, 2, 57.28, 0, 210, 1215
2026/02/23 16:18:11.803, 3, 55.41, 0, 210, 1215
2026/02/23 16:18:11.853, 0, 310.81, 100, 1410, 1215
2026/02/23 16:18:11.853, 1, 55.03, 0, 210, 1215
2026/02/23 16:18:11.853, 2, 57.28, 0, 210, 1215
2026/02/23 16:18:11.853, 3, 55.41, 0, 210, 1215
2026/02/23 16:18:11.903, 0, 310.81, 100, 1410, 1215
2026/02/23 16:18:11.903, 1, 55.03, 0, 210, 1215
2026/02/23 16:18:11.904, 2, 57.34, 0, 210, 1215
2026/02/23 16:18:11.904, 3, 55.41, 0, 210, 1215
2026/02/23 16:18:11.954, 0, 311.08, 100, 1410, 1215
2026/02/23 16:18:11.954, 1, 55.03, 0, 210, 1215
2026/02/23 16:18:11.954, 2, 57.34, 0, 210, 1215
2026/02/23 16:18:11.954, 3, 55.41, 0, 210, 1215
2026/02/23 16:18:12.004, 0, 311.08, 100, 1410, 1215
2026/02/23 16:18:12.004, 1, 55.03, 0, 210, 1215
2026/02/23 16:18:12.004, 2, 57.28, 0, 210, 1215
2026/02/23 16:18:12.005, 3, 55.41, 0, 210, 1215
2026/02/23 16:18:12.055, 0, 310.81, 100, 1410, 1215
2026/02/23 16:18:12.055, 1, 55.03, 0, 210, 1215
2026/02/23 16:18:12.055, 2, 57.28, 0, 210, 1215
2026/02/23 16:18:12.055, 3, 55.41, 0, 210, 1215
2026/02/23 16:18:12.105, 0, 310.81, 100, 1410, 1215
2026/02/23 16:18:12.105, 1, 55.03, 0, 210, 1215
2026/02/23 16:18:12.105, 2, 57.28, 0, 210, 1215
2026/02/23 16:18:12.105, 3, 55.41, 0, 210, 1215
2026/02/23 16:18:12.156, 0, 311.08, 100, 1410, 1215
2026/02/23 16:18:12.156, 1, 55.03, 0, 210, 1215
2026/02/23 16:18:12.156, 2, 57.28, 0, 210, 1215
2026/02/23 16:18:12.156, 3, 55.41, 0, 210, 1215
2026/02/23 16:18:12.206, 0, 311.08, 100, 1410, 1215
2026/02/23 16:18:12.206, 1, 55.03, 0, 210, 1215
2026/02/23 16:18:12.206, 2, 57.34, 0, 210, 1215
2026/02/23 16:18:12.206, 3, 55.41, 0, 210, 1215
2026/02/23 16:18:12.257, 0, 310.20, 100, 1410, 1215
2026/02/23 16:18:12.257, 1, 55.03, 0, 210, 1215
2026/02/23 16:18:12.257, 2, 57.34, 0, 210, 1215
2026/02/23 16:18:12.257, 3, 55.41, 0, 210, 1215
2026/02/23 16:18:12.307, 0, 310.20, 100, 1410, 1215
2026/02/23 16:18:12.307, 1, 55.03, 0, 210, 1215
2026/02/23 16:18:12.307, 2, 57.28, 0, 210, 1215
2026/02/23 16:18:12.307, 3, 55.41, 0, 210, 1215
2026/02/23 16:18:12.357, 0, 310.81, 100, 1410, 1215
2026/02/23 16:18:12.358, 1, 55.03, 0, 210, 1215
2026/02/23 16:18:12.358, 2, 57.28, 0, 210, 1215
2026/02/23 16:18:12.358, 3, 55.41, 0, 210, 1215
2026/02/23 16:18:12.408, 0, 310.81, 100, 1410, 1215
2026/02/23 16:18:12.408, 1, 54.97, 0, 210, 1215
2026/02/23 16:18:12.408, 2, 57.28, 0, 210, 1215
2026/02/23 16:18:12.408, 3, 55.41, 0, 210, 1215
2026/02/23 16:18:12.458, 0, 310.20, 100, 1410, 1215
2026/02/23 16:18:12.458, 1, 54.97, 0, 210, 1215
2026/02/23 16:18:12.459, 2, 57.28, 0, 210, 1215
2026/02/23 16:18:12.459, 3, 55.41, 0, 210, 1215
2026/02/23 16:18:12.509, 0, 310.20, 100, 1410, 1215
2026/02/23 16:18:12.509, 1, 54.97, 0, 210, 1215
2026/02/23 16:18:12.509, 2, 57.28, 0, 210, 1215
2026/02/23 16:18:12.509, 3, 55.41, 0, 210, 1215
2026/02/23 16:18:12.559, 0, 309.92, 100, 1410, 1215
2026/02/23 16:18:12.559, 1, 54.97, 0, 210, 1215
2026/02/23 16:18:12.559, 2, 57.28, 0, 210, 1215
2026/02/23 16:18:12.559, 3, 55.41, 0, 210, 1215
2026/02/23 16:18:12.610, 0, 309.92, 100, 1410, 1215
2026/02/23 16:18:12.610, 1, 55.03, 0, 210, 1215
2026/02/23 16:18:12.610, 2, 57.34, 0, 210, 1215
2026/02/23 16:18:12.610, 3, 55.41, 0, 210, 1215
2026/02/23 16:18:12.660, 0, 310.20, 100, 1410, 1215
2026/02/23 16:18:12.660, 1, 55.03, 0, 210, 1215
2026/02/23 16:18:12.660, 2, 57.34, 0, 210, 1215
2026/02/23 16:18:12.660, 3, 55.41, 0, 210, 1215
2026/02/23 16:18:12.711, 0, 310.20, 100, 1410, 1215
2026/02/23 16:18:12.711, 1, 55.03, 0, 210, 1215
2026/02/23 16:18:12.711, 2, 57.34, 0, 210, 1215
2026/02/23 16:18:12.711, 3, 55.41, 0, 210, 1215
2026/02/23 16:18:12.761, 0, 309.92, 100, 1410, 1215
2026/02/23 16:18:12.761, 1, 55.03, 0, 210, 1215
2026/02/23 16:18:12.761, 2, 57.34, 0, 210, 1215
2026/02/23 16:18:12.761, 3, 55.41, 0, 210, 1215
2026/02/23 16:18:12.811, 0, 309.92, 100, 1410, 1215
2026/02/23 16:18:12.812, 1, 55.03, 0, 210, 1215
2026/02/23 16:18:12.812, 2, 57.34, 0, 210, 1215
2026/02/23 16:18:12.812, 3, 55.41, 0, 210, 1215
2026/02/23 16:18:12.862, 0, 310.20, 100, 1410, 1215
2026/02/23 16:18:12.862, 1, 55.03, 0, 210, 1215
2026/02/23 16:18:12.862, 2, 57.34, 0, 210, 1215
2026/02/23 16:18:12.862, 3, 55.41, 0, 210, 1215
2026/02/23 16:18:12.912, 0, 310.20, 100, 1410, 1215
2026/02/23 16:18:12.912, 1, 55.03, 0, 210, 1215
2026/02/23 16:18:12.913, 2, 57.28, 0, 210, 1215
2026/02/23 16:18:12.913, 3, 55.41, 0, 210, 1215
2026/02/23 16:18:12.963, 0, 309.92, 100, 1410, 1215
2026/02/23 16:18:12.963, 1, 55.03, 0, 210, 1215
2026/02/23 16:18:12.963, 2, 57.28, 0, 210, 1215
2026/02/23 16:18:12.963, 3, 55.41, 0, 210, 1215
2026/02/23 16:18:13.013, 0, 309.92, 100, 1410, 1215
2026/02/23 16:18:13.013, 1, 55.03, 0, 210, 1215
2026/02/23 16:18:13.013, 2, 57.28, 0, 210, 1215
2026/02/23 16:18:13.014, 3, 55.41, 0, 210, 1215
2026/02/23 16:18:13.064, 0, 310.20, 100, 1410, 1215
2026/02/23 16:18:13.065, 1, 55.03, 0, 210, 1215
2026/02/23 16:18:13.065, 2, 57.28, 0, 210, 1215
2026/02/23 16:18:13.065, 3, 55.41, 0, 210, 1215
2026/02/23 16:18:13.115, 0, 310.20, 100, 1410, 1215
2026/02/23 16:18:13.115, 1, 55.03, 0, 210, 1215
2026/02/23 16:18:13.115, 2, 57.28, 0, 210, 1215
2026/02/23 16:18:13.115, 3, 55.41, 0, 210, 1215
2026/02/23 16:18:13.165, 0, 310.20, 100, 1410, 1215
2026/02/23 16:18:13.166, 1, 54.97, 0, 210, 1215
2026/02/23 16:18:13.166, 2, 57.28, 0, 210, 1215
2026/02/23 16:18:13.166, 3, 55.41, 0, 210, 1215
2026/02/23 16:18:13.216, 0, 310.20, 100, 1410, 1215
2026/02/23 16:18:13.216, 1, 54.97, 0, 210, 1215
2026/02/23 16:18:13.216, 2, 57.28, 0, 210, 1215
2026/02/23 16:18:13.216, 3, 55.41, 0, 210, 1215
2026/02/23 16:18:13.266, 0, 309.92, 100, 1410, 1215
2026/02/23 16:18:13.266, 1, 55.03, 0, 210, 1215
2026/02/23 16:18:13.267, 2, 57.28, 0, 210, 1215
2026/02/23 16:18:13.267, 3, 55.41, 0, 210, 1215
2026/02/23 16:18:13.317, 0, 309.92, 100, 1410, 1215
2026/02/23 16:18:13.317, 1, 55.03, 0, 210, 1215
2026/02/23 16:18:13.317, 2, 57.34, 0, 210, 1215
2026/02/23 16:18:13.317, 3, 55.41, 0, 210, 1215
2026/02/23 16:18:13.367, 0, 309.92, 100, 1410, 1215
2026/02/23 16:18:13.367, 1, 55.03, 0, 210, 1215
2026/02/23 16:18:13.367, 2, 57.34, 0, 210, 1215
2026/02/23 16:18:13.368, 3, 55.41, 0, 210, 1215
2026/02/23 16:18:13.418, 0, 309.92, 100, 1410, 1215
2026/02/23 16:18:13.418, 1, 55.03, 0, 210, 1215
2026/02/23 16:18:13.418, 2, 57.28, 0, 210, 1215
2026/02/23 16:18:13.418, 3, 55.41, 0, 210, 1215
2026/02/23 16:18:13.468, 0, 309.92, 100, 1410, 1215
2026/02/23 16:18:13.468, 1, 54.97, 0, 210, 1215
2026/02/23 16:18:13.468, 2, 57.28, 0, 210, 1215
2026/02/23 16:18:13.468, 3, 55.41, 0, 210, 1215
2026/02/23 16:18:13.519, 0, 309.92, 100, 1410, 1215
2026/02/23 16:18:13.519, 1, 54.97, 0, 210, 1215
2026/02/23 16:18:13.519, 2, 57.28, 0, 210, 1215
2026/02/23 16:18:13.519, 3, 55.41, 0, 210, 1215
2026/02/23 16:18:13.569, 0, 309.60, 100, 1410, 1215
2026/02/23 16:18:13.569, 1, 55.03, 0, 210, 1215
2026/02/23 16:18:13.569, 2, 57.28, 0, 210, 1215
2026/02/23 16:18:13.569, 3, 55.41, 0, 210, 1215
2026/02/23 16:18:13.620, 0, 309.60, 100, 1410, 1215
2026/02/23 16:18:13.620, 1, 55.03, 0, 210, 1215
2026/02/23 16:18:13.620, 2, 57.28, 0, 210, 1215
2026/02/23 16:18:13.620, 3, 55.41, 0, 210, 1215
2026/02/23 16:18:13.670, 0, 310.20, 100, 1410, 1215
2026/02/23 16:18:13.670, 1, 54.97, 0, 210, 1215
2026/02/23 16:18:13.670, 2, 57.28, 0, 210, 1215
2026/02/23 16:18:13.670, 3, 55.41, 0, 210, 1215
2026/02/23 16:18:13.720, 0, 310.20, 100, 1410, 1215
2026/02/23 16:18:13.721, 1, 54.97, 0, 210, 1215
2026/02/23 16:18:13.721, 2, 57.28, 0, 210, 1215
2026/02/23 16:18:13.721, 3, 55.41, 0, 210, 1215
2026/02/23 16:18:13.771, 0, 310.20, 100, 1410, 1215
2026/02/23 16:18:13.771, 1, 55.03, 0, 210, 1215
2026/02/23 16:18:13.771, 2, 57.28, 0, 210, 1215
2026/02/23 16:18:13.771, 3, 55.41, 0, 210, 1215
2026/02/23 16:18:13.821, 0, 310.20, 100, 1410, 1215
2026/02/23 16:18:13.821, 1, 55.03, 0, 210, 1215
2026/02/23 16:18:13.822, 2, 57.28, 0, 210, 1215
2026/02/23 16:18:13.822, 3, 55.41, 0, 210, 1215
2026/02/23 16:18:13.872, 0, 309.92, 100, 1410, 1215
2026/02/23 16:18:13.872, 1, 55.03, 0, 210, 1215
2026/02/23 16:18:13.872, 2, 57.28, 0, 210, 1215
2026/02/23 16:18:13.872, 3, 55.41, 0, 210, 1215
2026/02/23 16:18:13.922, 0, 309.92, 100, 1410, 1215
2026/02/23 16:18:13.922, 1, 55.03, 0, 210, 1215
2026/02/23 16:18:13.922, 2, 57.28, 0, 210, 1215
2026/02/23 16:18:13.923, 3, 55.41, 0, 210, 1215
2026/02/23 16:18:13.973, 0, 310.20, 100, 1410, 1215
2026/02/23 16:18:13.973, 1, 54.97, 0, 210, 1215
2026/02/23 16:18:13.973, 2, 57.28, 0, 210, 1215
2026/02/23 16:18:13.973, 3, 55.41, 0, 210, 1215
2026/02/23 16:18:14.023, 0, 310.20, 100, 1410, 1215
2026/02/23 16:18:14.023, 1, 54.97, 0, 210, 1215
2026/02/23 16:18:14.023, 2, 57.28, 0, 210, 1215
2026/02/23 16:18:14.023, 3, 55.41, 0, 210, 1215
2026/02/23 16:18:14.074, 0, 310.20, 100, 1410, 1215
2026/02/23 16:18:14.074, 1, 55.03, 0, 210, 1215
2026/02/23 16:18:14.074, 2, 57.34, 0, 210, 1215
2026/02/23 16:18:14.074, 3, 55.41, 0, 210, 1215
2026/02/23 16:18:14.124, 0, 310.20, 100, 1410, 1215
2026/02/23 16:18:14.124, 1, 55.03, 0, 210, 1215
2026/02/23 16:18:14.124, 2, 57.34, 0, 210, 1215
2026/02/23 16:18:14.124, 3, 55.41, 0, 210, 1215
2026/02/23 16:18:14.175, 0, 310.81, 100, 1410, 1215
2026/02/23 16:18:14.175, 1, 54.97, 0, 210, 1215
2026/02/23 16:18:14.175, 2, 57.28, 0, 210, 1215
2026/02/23 16:18:14.175, 3, 55.41, 0, 210, 1215
2026/02/23 16:18:14.225, 0, 310.81, 100, 1410, 1215
2026/02/23 16:18:14.225, 1, 54.97, 0, 210, 1215
2026/02/23 16:18:14.225, 2, 57.28, 0, 210, 1215
2026/02/23 16:18:14.225, 3, 55.41, 0, 210, 1215
2026/02/23 16:18:14.275, 0, 310.81, 100, 1410, 1215
2026/02/23 16:18:14.276, 1, 55.03, 0, 210, 1215
2026/02/23 16:18:14.276, 2, 57.28, 0, 210, 1215
2026/02/23 16:18:14.276, 3, 55.41, 0, 210, 1215
2026/02/23 16:18:14.326, 0, 310.81, 100, 1410, 1215
2026/02/23 16:18:14.326, 1, 55.03, 0, 210, 1215
2026/02/23 16:18:14.326, 2, 57.28, 0, 210, 1215
2026/02/23 16:18:14.326, 3, 55.41, 0, 210, 1215
2026/02/23 16:18:14.376, 0, 311.68, 100, 1410, 1215
2026/02/23 16:18:14.376, 1, 54.97, 0, 210, 1215
2026/02/23 16:18:14.376, 2, 57.28, 0, 210, 1215
2026/02/23 16:18:14.377, 3, 55.41, 0, 210, 1215
2026/02/23 16:18:14.427, 0, 311.68, 100, 1410, 1215
2026/02/23 16:18:14.427, 1, 54.97, 0, 210, 1215
2026/02/23 16:18:14.427, 2, 57.28, 0, 210, 1215
2026/02/23 16:18:14.427, 3, 55.41, 0, 210, 1215
2026/02/23 16:18:14.477, 0, 307.23, 100, 1410, 1215
2026/02/23 16:18:14.477, 1, 54.75, 0, 210, 1215
2026/02/23 16:18:14.477, 2, 57.28, 0, 210, 1215
2026/02/23 16:18:14.477, 3, 55.41, 0, 210, 1215
2026/02/23 16:18:14.528, 0, 307.23, 100, 1410, 1215
2026/02/23 16:18:14.528, 1, 54.75, 0, 210, 1215
2026/02/23 16:18:14.528, 2, 57.28, 0, 210, 1215
2026/02/23 16:18:14.528, 3, 55.41, 0, 210, 1215
2026/02/23 16:18:14.578, 0, 311.08, 100, 1410, 1215
2026/02/23 16:18:14.578, 1, 55.03, 0, 210, 1215
2026/02/23 16:18:14.578, 2, 57.28, 0, 210, 1215
2026/02/23 16:18:14.578, 3, 55.41, 0, 210, 1215
2026/02/23 16:18:14.629, 0, 311.08, 100, 1410, 1215
2026/02/23 16:18:14.629, 1, 55.03, 0, 210, 1215
2026/02/23 16:18:14.629, 2, 57.28, 0, 210, 1215
2026/02/23 16:18:14.629, 3, 55.41, 0, 210, 1215
2026/02/23 16:18:14.679, 0, 311.08, 100, 1410, 1215
2026/02/23 16:18:14.679, 1, 54.70, 0, 210, 1215
2026/02/23 16:18:14.679, 2, 57.28, 0, 210, 1215
2026/02/23 16:18:14.679, 3, 55.41, 0, 210, 1215
2026/02/23 16:18:14.729, 0, 311.08, 100, 1410, 1215
2026/02/23 16:18:14.730, 1, 54.70, 0, 210, 1215
2026/02/23 16:18:14.730, 2, 57.28, 0, 210, 1215
2026/02/23 16:18:14.730, 3, 55.41, 0, 210, 1215
2026/02/23 16:18:14.780, 0, 310.81, 100, 1410, 1215
2026/02/23 16:18:14.780, 1, 55.03, 0, 210, 1215
2026/02/23 16:18:14.780, 2, 57.28, 0, 210, 1215
2026/02/23 16:18:14.780, 3, 55.41, 0, 210, 1215
2026/02/23 16:18:14.830, 0, 310.81, 100, 1410, 1215
2026/02/23 16:18:14.830, 1, 55.03, 0, 210, 1215
2026/02/23 16:18:14.831, 2, 57.28, 0, 210, 1215
2026/02/23 16:18:14.831, 3, 55.41, 0, 210, 1215
2026/02/23 16:18:14.881, 0, 311.08, 100, 1410, 1215
2026/02/23 16:18:14.881, 1, 54.97, 0, 210, 1215
2026/02/23 16:18:14.881, 2, 57.28, 0, 210, 1215
2026/02/23 16:18:14.881, 3, 55.41, 0, 210, 1215
2026/02/23 16:18:14.931, 0, 311.08, 100, 1410, 1215
2026/02/23 16:18:14.931, 1, 54.97, 0, 210, 1215
2026/02/23 16:18:14.931, 2, 57.28, 0, 210, 1215
2026/02/23 16:18:14.932, 3, 55.41, 0, 210, 1215
2026/02/23 16:18:14.982, 0, 310.81, 100, 1410, 1215
2026/02/23 16:18:14.982, 1, 55.03, 0, 210, 1215
2026/02/23 16:18:14.982, 2, 57.28, 0, 210, 1215
2026/02/23 16:18:14.982, 3, 55.41, 0, 210, 1215
2026/02/23 16:18:15.032, 0, 310.81, 100, 1410, 1215
2026/02/23 16:18:15.032, 1, 55.03, 0, 210, 1215
2026/02/23 16:18:15.032, 2, 57.28, 0, 210, 1215
2026/02/23 16:18:15.032, 3, 55.41, 0, 210, 1215
2026/02/23 16:18:15.083, 0, 311.08, 100, 1410, 1215
2026/02/23 16:18:15.083, 1, 55.03, 0, 210, 1215
2026/02/23 16:18:15.083, 2, 57.34, 0, 210, 1215
2026/02/23 16:18:15.083, 3, 55.41, 0, 210, 1215
2026/02/23 16:18:15.133, 0, 311.08, 100, 1410, 1215
2026/02/23 16:18:15.133, 1, 55.03, 0, 210, 1215
2026/02/23 16:18:15.133, 2, 57.34, 0, 210, 1215
2026/02/23 16:18:15.133, 3, 55.41, 0, 210, 1215
2026/02/23 16:18:15.184, 0, 310.81, 100, 1410, 1215
2026/02/23 16:18:15.184, 1, 54.75, 0, 210, 1215
2026/02/23 16:18:15.184, 2, 57.34, 0, 210, 1215
2026/02/23 16:18:15.184, 3, 55.41, 0, 210, 1215
2026/02/23 16:18:15.234, 0, 310.47, 100, 1410, 1215
2026/02/23 16:18:15.234, 1, 54.75, 0, 210, 1215
2026/02/23 16:18:15.234, 2, 57.34, 0, 210, 1215
2026/02/23 16:18:15.234, 3, 55.41, 0, 210, 1215
2026/02/23 16:18:15.284, 0, 310.47, 100, 1410, 1215
2026/02/23 16:18:15.285, 1, 54.75, 0, 210, 1215
2026/02/23 16:18:15.285, 2, 57.34, 0, 210, 1215
2026/02/23 16:18:15.285, 3, 55.41, 0, 210, 1215
2026/02/23 16:18:15.335, 0, 311.08, 100, 1410, 1215
2026/02/23 16:18:15.335, 1, 54.75, 0, 210, 1215
2026/02/23 16:18:15.335, 2, 57.34, 0, 210, 1215
2026/02/23 16:18:15.335, 3, 55.41, 0, 210, 1215
2026/02/23 16:18:15.385, 0, 311.08, 100, 1410, 1215
2026/02/23 16:18:15.385, 1, 55.03, 0, 210, 1215
2026/02/23 16:18:15.386, 2, 57.34, 0, 210, 1215
2026/02/23 16:18:15.386, 3, 55.41, 0, 210, 1215
2026/02/23 16:18:15.436, 0, 310.47, 100, 1410, 1215
2026/02/23 16:18:15.436, 1, 55.03, 0, 210, 1215
2026/02/23 16:18:15.436, 2, 57.34, 0, 210, 1215
2026/02/23 16:18:15.436, 3, 55.41, 0, 210, 1215
2026/02/23 16:18:15.486, 0, 310.47, 100, 1410, 1215
2026/02/23 16:18:15.486, 1, 55.03, 0, 210, 1215
2026/02/23 16:18:15.486, 2, 57.34, 0, 210, 1215
2026/02/23 16:18:15.487, 3, 55.41, 0, 210, 1215
2026/02/23 16:18:15.537, 0, 310.20, 100, 1410, 1215
2026/02/23 16:18:15.537, 1, 55.03, 0, 210, 1215
2026/02/23 16:18:15.537, 2, 57.34, 0, 210, 1215
2026/02/23 16:18:15.537, 3, 55.41, 0, 210, 1215
2026/02/23 16:18:15.587, 0, 310.20, 100, 1410, 1215
2026/02/23 16:18:15.587, 1, 55.03, 0, 210, 1215
2026/02/23 16:18:15.587, 2, 57.34, 0, 210, 1215
2026/02/23 16:18:15.587, 3, 55.41, 0, 210, 1215
2026/02/23 16:18:15.638, 0, 310.20, 100, 1410, 1215
2026/02/23 16:18:15.638, 1, 55.03, 0, 210, 1215
2026/02/23 16:18:15.638, 2, 57.34, 0, 210, 1215
2026/02/23 16:18:15.638, 3, 55.41, 0, 210, 1215
2026/02/23 16:18:15.688, 0, 310.20, 100, 1410, 1215
2026/02/23 16:18:15.688, 1, 55.03, 0, 210, 1215
2026/02/23 16:18:15.688, 2, 57.28, 0, 210, 1215
2026/02/23 16:18:15.688, 3, 55.41, 0, 210, 1215
2026/02/23 16:18:15.739, 0, 309.92, 100, 1410, 1215
2026/02/23 16:18:15.739, 1, 55.03, 0, 210, 1215
2026/02/23 16:18:15.739, 2, 57.28, 0, 210, 1215
2026/02/23 16:18:15.739, 3, 55.41, 0, 210, 1215
2026/02/23 16:18:15.789, 0, 309.92, 100, 1410, 1215
2026/02/23 16:18:15.789, 1, 55.03, 0, 210, 1215
2026/02/23 16:18:15.789, 2, 57.34, 0, 210, 1215
2026/02/23 16:18:15.789, 3, 55.41, 0, 210, 1215
2026/02/23 16:18:15.839, 0, 310.81, 100, 1410, 1215
2026/02/23 16:18:15.840, 1, 55.03, 0, 210, 1215
2026/02/23 16:18:15.840, 2, 57.34, 0, 210, 1215
2026/02/23 16:18:15.840, 3, 55.41, 0, 210, 1215
2026/02/23 16:18:15.890, 0, 310.81, 100, 1410, 1215
2026/02/23 16:18:15.890, 1, 55.03, 0, 210, 1215
2026/02/23 16:18:15.890, 2, 57.34, 0, 210, 1215
2026/02/23 16:18:15.890, 3, 55.41, 0, 210, 1215
2026/02/23 16:18:15.940, 0, 310.47, 100, 1410, 1215
2026/02/23 16:18:15.940, 1, 55.03, 0, 210, 1215
2026/02/23 16:18:15.941, 2, 57.34, 0, 210, 1215
2026/02/23 16:18:15.941, 3, 55.41, 0, 210, 1215
2026/02/23 16:18:15.991, 0, 310.47, 100, 1410, 1215
2026/02/23 16:18:15.991, 1, 55.03, 0, 210, 1215
2026/02/23 16:18:15.991, 2, 57.28, 0, 210, 1215
2026/02/23 16:18:15.991, 3, 55.41, 0, 210, 1215
2026/02/23 16:18:16.041, 0, 309.92, 100, 1410, 1215
2026/02/23 16:18:16.041, 1, 55.03, 0, 210, 1215
2026/02/23 16:18:16.041, 2, 57.28, 0, 210, 1215
2026/02/23 16:18:16.042, 3, 55.41, 0, 210, 1215
2026/02/23 16:18:16.092, 0, 309.92, 100, 1410, 1215
2026/02/23 16:18:16.092, 1, 54.75, 0, 210, 1215
2026/02/23 16:18:16.092, 2, 57.28, 0, 210, 1215
2026/02/23 16:18:16.092, 3, 55.41, 0, 210, 1215
2026/02/23 16:18:16.142, 0, 309.33, 100, 1410, 1215
2026/02/23 16:18:16.142, 1, 54.75, 0, 210, 1215
2026/02/23 16:18:16.142, 2, 57.28, 0, 210, 1215
2026/02/23 16:18:16.142, 3, 55.41, 0, 210, 1215
2026/02/23 16:18:16.193, 0, 309.33, 100, 1410, 1215
2026/02/23 16:18:16.193, 1, 55.03, 0, 210, 1215
2026/02/23 16:18:16.193, 2, 57.34, 0, 210, 1215
2026/02/23 16:18:16.193, 3, 55.41, 0, 210, 1215
2026/02/23 16:18:16.243, 0, 310.47, 100, 1410, 1215
2026/02/23 16:18:16.243, 1, 55.03, 0, 210, 1215
2026/02/23 16:18:16.243, 2, 57.34, 0, 210, 1215
2026/02/23 16:18:16.243, 3, 55.41, 0, 210, 1215
2026/02/23 16:18:16.294, 0, 310.47, 100, 1410, 1215
2026/02/23 16:18:16.294, 1, 55.03, 0, 210, 1215
2026/02/23 16:18:16.294, 2, 57.28, 0, 210, 1215
2026/02/23 16:18:16.294, 3, 55.41, 0, 210, 1215
2026/02/23 16:18:16.344, 0, 309.60, 100, 1410, 1215
2026/02/23 16:18:16.344, 1, 55.03, 0, 210, 1215
2026/02/23 16:18:16.344, 2, 57.28, 0, 210, 1215
2026/02/23 16:18:16.344, 3, 55.41, 0, 210, 1215
2026/02/23 16:18:16.394, 0, 309.60, 100, 1410, 1215
2026/02/23 16:18:16.395, 1, 55.03, 0, 210, 1215
2026/02/23 16:18:16.395, 2, 57.34, 0, 210, 1215
2026/02/23 16:18:16.395, 3, 55.41, 0, 210, 1215
2026/02/23 16:18:16.445, 0, 308.72, 100, 1410, 1215
2026/02/23 16:18:16.445, 1, 55.03, 0, 210, 1215
2026/02/23 16:18:16.445, 2, 57.34, 0, 210, 1215
2026/02/23 16:18:16.445, 3, 55.41, 0, 210, 1215
2026/02/23 16:18:16.495, 0, 308.72, 100, 1410, 1215
2026/02/23 16:18:16.495, 1, 54.75, 0, 210, 1215
2026/02/23 16:18:16.496, 2, 57.28, 0, 210, 1215
2026/02/23 16:18:16.496, 3, 55.41, 0, 210, 1215
2026/02/23 16:18:16.546, 0, 306.35, 100, 1410, 1215
2026/02/23 16:18:16.546, 1, 54.75, 0, 210, 1215
2026/02/23 16:18:16.546, 2, 57.28, 0, 210, 1215
2026/02/23 16:18:16.546, 3, 55.41, 0, 210, 1215
2026/02/23 16:18:16.596, 0, 306.35, 100, 1410, 1215
2026/02/23 16:18:16.596, 1, 54.97, 0, 210, 1215
2026/02/23 16:18:16.596, 2, 57.34, 0, 210, 1215
2026/02/23 16:18:16.596, 3, 55.41, 0, 210, 1215
2026/02/23 16:18:16.647, 0, 305.75, 100, 1410, 1215
2026/02/23 16:18:16.647, 1, 54.97, 0, 210, 1215
2026/02/23 16:18:16.647, 2, 57.34, 0, 210, 1215
2026/02/23 16:18:16.647, 3, 55.41, 0, 210, 1215
2026/02/23 16:18:16.697, 0, 305.75, 100, 1410, 1215
2026/02/23 16:18:16.697, 1, 55.03, 0, 210, 1215
2026/02/23 16:18:16.697, 2, 57.34, 0, 210, 1215
2026/02/23 16:18:16.697, 3, 55.41, 0, 210, 1215
2026/02/23 16:18:16.748, 0, 306.08, 100, 1410, 1215
2026/02/23 16:18:16.748, 1, 55.03, 0, 210, 1215
2026/02/23 16:18:16.748, 2, 57.34, 0, 210, 1215
2026/02/23 16:18:16.748, 3, 55.41, 0, 210, 1215
2026/02/23 16:18:16.798, 0, 306.08, 100, 1410, 1215
2026/02/23 16:18:16.798, 1, 54.97, 0, 210, 1215
2026/02/23 16:18:16.798, 2, 57.28, 0, 210, 1215
2026/02/23 16:18:16.798, 3, 55.41, 0, 210, 1215
2026/02/23 16:18:16.848, 0, 310.81, 100, 1410, 1215
2026/02/23 16:18:16.849, 1, 54.97, 0, 210, 1215
2026/02/23 16:18:16.849, 2, 57.28, 0, 210, 1215
2026/02/23 16:18:16.849, 3, 55.41, 0, 210, 1215
2026/02/23 16:18:16.899, 0, 310.81, 100, 1410, 1215
2026/02/23 16:18:16.899, 1, 54.75, 0, 210, 1215
2026/02/23 16:18:16.899, 2, 57.34, 0, 210, 1215
2026/02/23 16:18:16.899, 3, 55.41, 0, 210, 1215
2026/02/23 16:18:16.949, 0, 304.60, 100, 1410, 1215
2026/02/23 16:18:16.949, 1, 54.75, 0, 210, 1215
2026/02/23 16:18:16.950, 2, 57.34, 0, 210, 1215
2026/02/23 16:18:16.950, 3, 55.41, 0, 210, 1215
2026/02/23 16:18:17.000, 0, 304.60, 100, 1410, 1215
2026/02/23 16:18:17.000, 1, 55.03, 0, 210, 1215
2026/02/23 16:18:17.000, 2, 57.28, 0, 210, 1215
2026/02/23 16:18:17.000, 3, 55.41, 0, 210, 1215
2026/02/23 16:18:17.050, 0, 306.08, 100, 1410, 1215
2026/02/23 16:18:17.050, 1, 55.03, 0, 210, 1215
2026/02/23 16:18:17.050, 2, 57.28, 0, 210, 1215
2026/02/23 16:18:17.051, 3, 55.41, 0, 210, 1215
2026/02/23 16:18:17.101, 0, 306.08, 100, 1410, 1215
2026/02/23 16:18:17.101, 1, 54.97, 0, 210, 1215
2026/02/23 16:18:17.101, 2, 57.28, 0, 210, 1215
2026/02/23 16:18:17.101, 3, 55.41, 0, 210, 1215
2026/02/23 16:18:17.151, 0, 306.63, 100, 1410, 1215
2026/02/23 16:18:17.151, 1, 54.97, 0, 210, 1215
2026/02/23 16:18:17.151, 2, 57.28, 0, 210, 1215
2026/02/23 16:18:17.151, 3, 55.41, 0, 210, 1215
2026/02/23 16:18:17.202, 0, 306.63, 100, 1410, 1215
2026/02/23 16:18:17.202, 1, 55.03, 0, 210, 1215
2026/02/23 16:18:17.202, 2, 57.28, 0, 210, 1215
2026/02/23 16:18:17.202, 3, 55.41, 0, 210, 1215
2026/02/23 16:18:17.252, 0, 307.23, 100, 1410, 1215
2026/02/23 16:18:17.252, 1, 55.03, 0, 210, 1215
2026/02/23 16:18:17.252, 2, 57.28, 0, 210, 1215
2026/02/23 16:18:17.252, 3, 55.41, 0, 210, 1215
2026/02/23 16:18:17.303, 0, 307.23, 100, 1410, 1215
2026/02/23 16:18:17.303, 1, 54.75, 0, 210, 1215
2026/02/23 16:18:17.303, 2, 57.28, 0, 210, 1215
2026/02/23 16:18:17.303, 3, 55.41, 0, 210, 1215
2026/02/23 16:18:17.353, 0, 310.47, 100, 1410, 1215
2026/02/23 16:18:17.353, 1, 54.75, 0, 210, 1215
2026/02/23 16:18:17.353, 2, 57.28, 0, 210, 1215
2026/02/23 16:18:17.353, 3, 55.41, 0, 210, 1215
2026/02/23 16:18:17.403, 0, 310.47, 100, 1410, 1215
2026/02/23 16:18:17.404, 1, 54.75, 0, 210, 1215
2026/02/23 16:18:17.404, 2, 57.34, 0, 210, 1215
2026/02/23 16:18:17.404, 3, 55.41, 0, 210, 1215
2026/02/23 16:18:17.454, 0, 307.83, 100, 1410, 1215
2026/02/23 16:18:17.454, 1, 54.75, 0, 210, 1215
2026/02/23 16:18:17.454, 2, 57.34, 0, 210, 1215
2026/02/23 16:18:17.454, 3, 55.41, 0, 210, 1215
2026/02/23 16:18:17.504, 0, 307.83, 100, 1410, 1215
2026/02/23 16:18:17.504, 1, 55.03, 0, 210, 1215
2026/02/23 16:18:17.505, 2, 57.28, 0, 210, 1215
2026/02/23 16:18:17.505, 3, 55.41, 0, 210, 1215
2026/02/23 16:18:17.555, 0, 306.96, 100, 1410, 1215
2026/02/23 16:18:17.555, 1, 55.03, 0, 210, 1215
2026/02/23 16:18:17.555, 2, 57.28, 0, 210, 1215
2026/02/23 16:18:17.555, 3, 55.41, 0, 210, 1215
2026/02/23 16:18:17.605, 0, 306.96, 100, 1410, 1215
2026/02/23 16:18:17.605, 1, 55.03, 0, 210, 1215
2026/02/23 16:18:17.605, 2, 57.34, 0, 210, 1215
2026/02/23 16:18:17.606, 3, 55.41, 0, 210, 1215
2026/02/23 16:18:17.656, 0, 306.96, 100, 1410, 1215
2026/02/23 16:18:17.656, 1, 55.03, 0, 210, 1215
2026/02/23 16:18:17.656, 2, 57.34, 0, 210, 1215
2026/02/23 16:18:17.656, 3, 55.41, 0, 210, 1215
2026/02/23 16:18:17.706, 0, 306.96, 100, 1410, 1215
2026/02/23 16:18:17.706, 1, 55.03, 0, 210, 1215
2026/02/23 16:18:17.706, 2, 57.28, 0, 210, 1215
2026/02/23 16:18:17.706, 3, 55.41, 0, 210, 1215
2026/02/23 16:18:17.757, 0, 311.35, 100, 1410, 1215
2026/02/23 16:18:17.757, 1, 55.03, 0, 210, 1215
2026/02/23 16:18:17.757, 2, 57.28, 0, 210, 1215
2026/02/23 16:18:17.757, 3, 55.41, 0, 210, 1215
2026/02/23 16:18:17.807, 0, 311.35, 100, 1410, 1215
2026/02/23 16:18:17.807, 1, 54.75, 0, 210, 1215
2026/02/23 16:18:17.807, 2, 57.28, 0, 210, 1215
2026/02/23 16:18:17.807, 3, 55.41, 0, 210, 1215
2026/02/23 16:18:17.858, 0, 310.81, 100, 1410, 1215
2026/02/23 16:18:17.858, 1, 54.75, 0, 210, 1215
2026/02/23 16:18:17.858, 2, 57.28, 0, 210, 1215
2026/02/23 16:18:17.858, 3, 55.41, 0, 210, 1215
2026/02/23 16:18:17.908, 0, 310.81, 100, 1410, 1215
2026/02/23 16:18:17.908, 1, 55.03, 0, 210, 1215
2026/02/23 16:18:17.908, 2, 57.34, 0, 210, 1215
2026/02/23 16:18:17.908, 3, 55.41, 0, 210, 1215
2026/02/23 16:18:17.958, 0, 307.56, 100, 1410, 1215
2026/02/23 16:18:17.959, 1, 55.03, 0, 210, 1215
2026/02/23 16:18:17.959, 2, 57.34, 0, 210, 1215
2026/02/23 16:18:17.959, 3, 55.41, 0, 210, 1215
2026/02/23 16:18:18.009, 0, 307.56, 100, 1410, 1215
2026/02/23 16:18:18.009, 1, 54.97, 0, 210, 1215
2026/02/23 16:18:18.009, 2, 57.28, 0, 210, 1215
2026/02/23 16:18:18.009, 3, 55.41, 0, 210, 1215
2026/02/23 16:18:18.059, 0, 306.35, 100, 1410, 1215
2026/02/23 16:18:18.059, 1, 54.97, 0, 210, 1215
2026/02/23 16:18:18.059, 2, 57.28, 0, 210, 1215
2026/02/23 16:18:18.060, 3, 55.41, 0, 210, 1215
2026/02/23 16:18:18.110, 0, 306.35, 100, 1410, 1215
2026/02/23 16:18:18.110, 1, 55.03, 0, 210, 1215
2026/02/23 16:18:18.110, 2, 57.34, 0, 210, 1215
2026/02/23 16:18:18.110, 3, 55.41, 0, 210, 1215
2026/02/23 16:18:18.160, 0, 310.20, 100, 1410, 1215
2026/02/23 16:18:18.160, 1, 55.03, 0, 210, 1215
2026/02/23 16:18:18.160, 2, 57.34, 0, 210, 1215
2026/02/23 16:18:18.160, 3, 55.41, 0, 210, 1215
2026/02/23 16:18:18.211, 0, 310.20, 100, 1410, 1215
2026/02/23 16:18:18.211, 1, 55.03, 0, 210, 1215
2026/02/23 16:18:18.211, 2, 57.28, 0, 210, 1215
2026/02/23 16:18:18.211, 3, 55.41, 0, 210, 1215
2026/02/23 16:18:18.261, 0, 310.20, 100, 1410, 1215
2026/02/23 16:18:18.261, 1, 55.03, 0, 210, 1215
2026/02/23 16:18:18.261, 2, 57.28, 0, 210, 1215
2026/02/23 16:18:18.261, 3, 55.41, 0, 210, 1215
2026/02/23 16:18:18.312, 0, 310.20, 100, 1410, 1215
2026/02/23 16:18:18.312, 1, 55.03, 0, 210, 1215
2026/02/23 16:18:18.312, 2, 57.34, 0, 210, 1215
2026/02/23 16:18:18.312, 3, 55.41, 0, 210, 1215
2026/02/23 16:18:18.362, 0, 307.83, 100, 1410, 1215
2026/02/23 16:18:18.362, 1, 55.03, 0, 210, 1215
2026/02/23 16:18:18.362, 2, 57.34, 0, 210, 1215
2026/02/23 16:18:18.362, 3, 55.41, 0, 210, 1215
2026/02/23 16:18:18.412, 0, 307.83, 100, 1410, 1215
2026/02/23 16:18:18.413, 1, 55.03, 0, 210, 1215
2026/02/23 16:18:18.413, 2, 57.34, 0, 210, 1215
2026/02/23 16:18:18.413, 3, 55.41, 0, 210, 1215
2026/02/23 16:18:18.463, 0, 306.08, 100, 1410, 1215
2026/02/23 16:18:18.463, 1, 55.03, 0, 210, 1215
2026/02/23 16:18:18.463, 2, 57.34, 0, 210, 1215
2026/02/23 16:18:18.463, 3, 55.41, 0, 210, 1215
2026/02/23 16:18:18.513, 0, 306.08, 100, 1410, 1215
2026/02/23 16:18:18.513, 1, 55.03, 0, 210, 1215
2026/02/23 16:18:18.514, 2, 57.34, 0, 210, 1215
2026/02/23 16:18:18.514, 3, 55.41, 0, 210, 1215
2026/02/23 16:18:18.564, 0, 307.23, 100, 1410, 1215
2026/02/23 16:18:18.564, 1, 55.03, 0, 210, 1215
2026/02/23 16:18:18.564, 2, 57.34, 0, 210, 1215
2026/02/23 16:18:18.564, 3, 55.41, 0, 210, 1215
2026/02/23 16:18:18.614, 0, 307.23, 100, 1410, 1215
2026/02/23 16:18:18.614, 1, 55.03, 0, 210, 1215
2026/02/23 16:18:18.614, 2, 57.34, 0, 210, 1215
2026/02/23 16:18:18.615, 3, 55.41, 0, 210, 1215
2026/02/23 16:18:18.665, 0, 308.12, 100, 1410, 1215
2026/02/23 16:18:18.665, 1, 55.03, 0, 210, 1215
2026/02/23 16:18:18.665, 2, 57.34, 0, 210, 1215
2026/02/23 16:18:18.665, 3, 55.41, 0, 210, 1215
2026/02/23 16:18:18.715, 0, 308.12, 100, 1410, 1215
2026/02/23 16:18:18.715, 1, 55.03, 0, 210, 1215
2026/02/23 16:18:18.715, 2, 57.28, 0, 210, 1215
2026/02/23 16:18:18.715, 3, 55.41, 0, 210, 1215
2026/02/23 16:18:18.766, 0, 310.20, 100, 1410, 1215
2026/02/23 16:18:18.766, 1, 54.75, 0, 210, 1215
2026/02/23 16:18:18.766, 2, 57.28, 0, 210, 1215
2026/02/23 16:18:18.766, 3, 55.41, 0, 210, 1215
2026/02/23 16:18:18.816, 0, 310.20, 100, 1410, 1215
2026/02/23 16:18:18.816, 1, 54.75, 0, 210, 1215
2026/02/23 16:18:18.816, 2, 57.34, 0, 210, 1215
2026/02/23 16:18:18.816, 3, 55.41, 0, 210, 1215
2026/02/23 16:18:18.867, 0, 307.83, 100, 1410, 1215
2026/02/23 16:18:18.867, 1, 54.75, 0, 210, 1215
2026/02/23 16:18:18.867, 2, 57.34, 0, 210, 1215
2026/02/23 16:18:18.867, 3, 55.41, 0, 210, 1215
2026/02/23 16:18:18.917, 0, 307.83, 100, 1410, 1215
2026/02/23 16:18:18.917, 1, 54.75, 0, 210, 1215
2026/02/23 16:18:18.917, 2, 57.34, 0, 210, 1215
2026/02/23 16:18:18.917, 3, 55.41, 0, 210, 1215
2026/02/23 16:18:18.967, 0, 311.95, 100, 1410, 1215
2026/02/23 16:18:18.968, 1, 55.03, 0, 210, 1215
2026/02/23 16:18:18.968, 2, 57.34, 0, 210, 1215
2026/02/23 16:18:18.968, 3, 55.41, 0, 210, 1215
2026/02/23 16:18:19.018, 0, 311.95, 100, 1410, 1215
2026/02/23 16:18:19.018, 1, 55.03, 0, 210, 1215
2026/02/23 16:18:19.018, 2, 57.34, 0, 210, 1215
2026/02/23 16:18:19.018, 3, 55.41, 0, 210, 1215
2026/02/23 16:18:19.068, 0, 311.35, 100, 1410, 1215
2026/02/23 16:18:19.068, 1, 55.03, 0, 210, 1215
2026/02/23 16:18:19.069, 2, 57.34, 0, 210, 1215
2026/02/23 16:18:19.069, 3, 55.41, 0, 210, 1215
2026/02/23 16:18:19.119, 0, 311.35, 100, 1410, 1215
2026/02/23 16:18:19.119, 1, 55.03, 0, 210, 1215
2026/02/23 16:18:19.119, 2, 57.34, 0, 210, 1215
2026/02/23 16:18:19.119, 3, 55.41, 0, 210, 1215
2026/02/23 16:18:19.169, 0, 311.35, 100, 1410, 1215
2026/02/23 16:18:19.169, 1, 55.03, 0, 210, 1215
2026/02/23 16:18:19.169, 2, 57.34, 0, 210, 1215
2026/02/23 16:18:19.169, 3, 55.41, 0, 210, 1215
2026/02/23 16:18:19.220, 0, 311.35, 100, 1410, 1215
2026/02/23 16:18:19.220, 1, 55.03, 0, 210, 1215
2026/02/23 16:18:19.220, 2, 57.34, 0, 210, 1215
2026/02/23 16:18:19.220, 3, 55.41, 0, 210, 1215
2026/02/23 16:18:19.270, 0, 311.68, 100, 1410, 1215
2026/02/23 16:18:19.270, 1, 55.03, 0, 210, 1215
2026/02/23 16:18:19.270, 2, 57.34, 0, 210, 1215
2026/02/23 16:18:19.270, 3, 55.41, 0, 210, 1215
2026/02/23 16:18:19.321, 0, 311.68, 100, 1410, 1215
2026/02/23 16:18:19.321, 1, 55.03, 0, 210, 1215
2026/02/23 16:18:19.321, 2, 57.28, 0, 210, 1215
2026/02/23 16:18:19.321, 3, 55.41, 0, 210, 1215
2026/02/23 16:18:19.371, 0, 311.08, 100, 1410, 1215
2026/02/23 16:18:19.371, 1, 54.70, 0, 210, 1215
2026/02/23 16:18:19.371, 2, 57.28, 0, 210, 1215
2026/02/23 16:18:19.371, 3, 55.41, 0, 210, 1215
2026/02/23 16:18:19.421, 0, 311.08, 100, 1410, 1215
2026/02/23 16:18:19.422, 1, 54.70, 0, 210, 1215
2026/02/23 16:18:19.422, 2, 57.34, 0, 210, 1215
2026/02/23 16:18:19.422, 3, 55.41, 0, 210, 1215
2026/02/23 16:18:19.472, 0, 311.68, 100, 1410, 1215
2026/02/23 16:18:19.472, 1, 55.03, 0, 210, 1215
2026/02/23 16:18:19.472, 2, 57.34, 0, 210, 1215
2026/02/23 16:18:19.472, 3, 55.41, 0, 210, 1215
2026/02/23 16:18:19.522, 0, 311.68, 100, 1410, 1215
2026/02/23 16:18:19.522, 1, 55.03, 0, 210, 1215
2026/02/23 16:18:19.523, 2, 57.28, 0, 210, 1215
2026/02/23 16:18:19.523, 3, 55.41, 0, 210, 1215
2026/02/23 16:18:19.573, 0, 311.35, 100, 1410, 1215
2026/02/23 16:18:19.573, 1, 55.03, 0, 210, 1215
2026/02/23 16:18:19.573, 2, 57.34, 0, 210, 1215
2026/02/23 16:18:19.573, 3, 55.41, 0, 210, 1215
2026/02/23 16:18:19.623, 0, 311.35, 100, 1410, 1215
2026/02/23 16:18:19.623, 1, 55.03, 0, 210, 1215
2026/02/23 16:18:19.623, 2, 57.34, 0, 210, 1215
2026/02/23 16:18:19.624, 3, 55.41, 0, 210, 1215
2026/02/23 16:18:19.674, 0, 310.47, 100, 1410, 1215
2026/02/23 16:18:19.674, 1, 55.03, 0, 210, 1215
2026/02/23 16:18:19.674, 2, 57.34, 0, 210, 1215
2026/02/23 16:18:19.674, 3, 55.41, 0, 210, 1215
2026/02/23 16:18:19.724, 0, 310.47, 100, 1410, 1215
2026/02/23 16:18:19.724, 1, 55.03, 0, 210, 1215
2026/02/23 16:18:19.724, 2, 57.34, 0, 210, 1215
2026/02/23 16:18:19.724, 3, 55.41, 0, 210, 1215
2026/02/23 16:18:19.775, 0, 307.56, 100, 1410, 1215
2026/02/23 16:18:19.775, 1, 55.03, 0, 210, 1215
2026/02/23 16:18:19.775, 2, 57.34, 0, 210, 1215
2026/02/23 16:18:19.775, 3, 55.41, 0, 210, 1215
2026/02/23 16:18:19.825, 0, 307.56, 100, 1410, 1215
2026/02/23 16:18:19.825, 1, 55.03, 0, 210, 1215
2026/02/23 16:18:19.825, 2, 57.34, 0, 210, 1215
2026/02/23 16:18:19.825, 3, 55.41, 0, 210, 1215
2026/02/23 16:18:19.876, 0, 310.81, 100, 1410, 1215
2026/02/23 16:18:19.876, 1, 55.03, 0, 210, 1215
2026/02/23 16:18:19.876, 2, 57.34, 0, 210, 1215
2026/02/23 16:18:19.876, 3, 55.41, 0, 210, 1215
2026/02/23 16:18:19.926, 0, 310.81, 100, 1410, 1215
2026/02/23 16:18:19.926, 1, 55.03, 0, 210, 1215
2026/02/23 16:18:19.926, 2, 57.34, 0, 210, 1215
2026/02/23 16:18:19.926, 3, 55.41, 0, 210, 1215
2026/02/23 16:18:19.976, 0, 311.35, 100, 1410, 1215
2026/02/23 16:18:19.977, 1, 55.03, 0, 210, 1215
2026/02/23 16:18:19.977, 2, 57.28, 0, 210, 1215
2026/02/23 16:18:19.977, 3, 55.41, 0, 210, 1215
2026/02/23 16:18:20.027, 0, 311.35, 100, 1410, 1215
2026/02/23 16:18:20.027, 1, 55.03, 0, 210, 1215
2026/02/23 16:18:20.027, 2, 57.28, 0, 210, 1215
2026/02/23 16:18:20.027, 3, 55.41, 0, 210, 1215
2026/02/23 16:18:20.077, 0, 306.96, 100, 1410, 1215
2026/02/23 16:18:20.078, 1, 55.03, 0, 210, 1215
2026/02/23 16:18:20.078, 2, 57.34, 0, 210, 1215
2026/02/23 16:18:20.078, 3, 55.41, 0, 210, 1215
2026/02/23 16:18:20.128, 0, 306.96, 100, 1410, 1215
2026/02/23 16:18:20.128, 1, 55.03, 0, 210, 1215
2026/02/23 16:18:20.128, 2, 57.34, 0, 210, 1215
2026/02/23 16:18:20.128, 3, 55.41, 0, 210, 1215
2026/02/23 16:18:20.178, 0, 307.23, 100, 1410, 1215
2026/02/23 16:18:20.178, 1, 55.03, 0, 210, 1215
2026/02/23 16:18:20.179, 2, 57.34, 0, 210, 1215
2026/02/23 16:18:20.179, 3, 55.41, 0, 210, 1215
2026/02/23 16:18:20.229, 0, 307.23, 100, 1410, 1215
2026/02/23 16:18:20.229, 1, 55.03, 0, 210, 1215
2026/02/23 16:18:20.229, 2, 57.34, 0, 210, 1215
2026/02/23 16:18:20.229, 3, 55.41, 0, 210, 1215
2026/02/23 16:18:20.279, 0, 310.81, 100, 1410, 1215
2026/02/23 16:18:20.279, 1, 55.03, 0, 210, 1215
2026/02/23 16:18:20.279, 2, 57.34, 0, 210, 1215
2026/02/23 16:18:20.279, 3, 55.41, 0, 210, 1215
2026/02/23 16:18:20.330, 0, 310.81, 100, 1410, 1215
2026/02/23 16:18:20.330, 1, 55.03, 0, 210, 1215
2026/02/23 16:18:20.330, 2, 57.34, 0, 210, 1215
2026/02/23 16:18:20.330, 3, 55.41, 0, 210, 1215
2026/02/23 16:18:20.380, 0, 311.08, 100, 1410, 1215
2026/02/23 16:18:20.380, 1, 55.03, 0, 210, 1215
2026/02/23 16:18:20.380, 2, 57.34, 0, 210, 1215
2026/02/23 16:18:20.380, 3, 55.41, 0, 210, 1215
2026/02/23 16:18:20.431, 0, 311.08, 100, 1410, 1215
2026/02/23 16:18:20.431, 1, 55.03, 0, 210, 1215
2026/02/23 16:18:20.431, 2, 57.34, 0, 210, 1215
2026/02/23 16:18:20.431, 3, 55.41, 0, 210, 1215
2026/02/23 16:18:20.481, 0, 311.08, 100, 1410, 1215
2026/02/23 16:18:20.481, 1, 55.03, 0, 210, 1215
2026/02/23 16:18:20.481, 2, 57.34, 0, 210, 1215
2026/02/23 16:18:20.481, 3, 55.41, 0, 210, 1215
2026/02/23 16:18:20.531, 0, 311.08, 100, 1410, 1215
2026/02/23 16:18:20.532, 1, 55.03, 0, 210, 1215
2026/02/23 16:18:20.532, 2, 57.34, 0, 210, 1215
2026/02/23 16:18:20.532, 3, 55.41, 0, 210, 1215
2026/02/23 16:18:20.582, 0, 311.35, 100, 1410, 1215
2026/02/23 16:18:20.582, 1, 55.03, 0, 210, 1215
2026/02/23 16:18:20.582, 2, 57.34, 0, 210, 1215
2026/02/23 16:18:20.582, 3, 55.41, 0, 210, 1215
2026/02/23 16:18:20.632, 0, 311.35, 100, 1410, 1215
2026/02/23 16:18:20.632, 1, 55.03, 0, 210, 1215
2026/02/23 16:18:20.633, 2, 57.34, 0, 210, 1215
2026/02/23 16:18:20.633, 3, 55.41, 0, 210, 1215
2026/02/23 16:18:20.683, 0, 310.81, 100, 1410, 1215
2026/02/23 16:18:20.683, 1, 55.03, 0, 210, 1215
2026/02/23 16:18:20.683, 2, 57.34, 0, 210, 1215
2026/02/23 16:18:20.683, 3, 55.41, 0, 210, 1215
2026/02/23 16:18:20.733, 0, 310.81, 100, 1410, 1215
2026/02/23 16:18:20.733, 1, 55.03, 0, 210, 1215
2026/02/23 16:18:20.733, 2, 57.34, 0, 210, 1215
2026/02/23 16:18:20.734, 3, 55.41, 0, 210, 1215
2026/02/23 16:18:20.784, 0, 310.81, 100, 1410, 1215
2026/02/23 16:18:20.784, 1, 55.03, 0, 210, 1215
2026/02/23 16:18:20.784, 2, 57.34, 0, 210, 1215
2026/02/23 16:18:20.784, 3, 55.41, 0, 210, 1215
2026/02/23 16:18:20.834, 0, 310.81, 100, 1410, 1215
2026/02/23 16:18:20.834, 1, 55.03, 0, 210, 1215
2026/02/23 16:18:20.834, 2, 57.34, 0, 210, 1215
2026/02/23 16:18:20.834, 3, 55.41, 0, 210, 1215
2026/02/23 16:18:20.885, 0, 311.08, 100, 1410, 1215
2026/02/23 16:18:20.885, 1, 55.03, 0, 210, 1215
2026/02/23 16:18:20.885, 2, 57.34, 0, 210, 1215
2026/02/23 16:18:20.885, 3, 55.41, 0, 210, 1215
2026/02/23 16:18:20.935, 0, 311.08, 100, 1410, 1215
2026/02/23 16:18:20.935, 1, 55.03, 0, 210, 1215
2026/02/23 16:18:20.935, 2, 57.34, 0, 210, 1215
2026/02/23 16:18:20.935, 3, 55.47, 0, 210, 1215
2026/02/23 16:18:20.986, 0, 311.68, 100, 1410, 1215
2026/02/23 16:18:20.986, 1, 55.03, 0, 210, 1215
2026/02/23 16:18:20.986, 2, 57.34, 0, 210, 1215
2026/02/23 16:18:20.986, 3, 55.41, 0, 210, 1215
2026/02/23 16:18:21.036, 0, 311.68, 100, 1410, 1215
2026/02/23 16:18:21.036, 1, 55.03, 0, 210, 1215
2026/02/23 16:18:21.036, 2, 57.34, 0, 210, 1215
2026/02/23 16:18:21.036, 3, 55.41, 0, 210, 1215
2026/02/23 16:18:21.086, 0, 307.23, 100, 1410, 1215
2026/02/23 16:18:21.087, 1, 55.03, 0, 210, 1215
2026/02/23 16:18:21.087, 2, 57.34, 0, 210, 1215
2026/02/23 16:18:21.087, 3, 55.41, 0, 210, 1215
2026/02/23 16:18:21.137, 0, 307.23, 100, 1410, 1215
2026/02/23 16:18:21.137, 1, 55.03, 0, 210, 1215
2026/02/23 16:18:21.137, 2, 57.34, 0, 210, 1215
2026/02/23 16:18:21.137, 3, 55.41, 0, 210, 1215
2026/02/23 16:18:21.187, 0, 307.23, 100, 1410, 1215
2026/02/23 16:18:21.187, 1, 55.03, 0, 210, 1215
2026/02/23 16:18:21.188, 2, 57.34, 0, 210, 1215
2026/02/23 16:18:21.188, 3, 55.41, 0, 210, 1215
2026/02/23 16:18:21.238, 0, 306.96, 100, 1410, 1215
2026/02/23 16:18:21.238, 1, 55.03, 0, 210, 1215
2026/02/23 16:18:21.238, 2, 57.34, 0, 210, 1215
2026/02/23 16:18:21.238, 3, 55.41, 0, 210, 1215
2026/02/23 16:18:21.288, 0, 306.96, 100, 1410, 1215
2026/02/23 16:18:21.288, 1, 55.03, 0, 210, 1215
2026/02/23 16:18:21.288, 2, 57.34, 0, 210, 1215
2026/02/23 16:18:21.289, 3, 55.41, 0, 210, 1215
2026/02/23 16:18:21.339, 0, 310.81, 100, 1410, 1215
2026/02/23 16:18:21.339, 1, 55.03, 0, 210, 1215
2026/02/23 16:18:21.339, 2, 57.34, 0, 210, 1215
2026/02/23 16:18:21.339, 3, 55.41, 0, 210, 1215
2026/02/23 16:18:21.389, 0, 310.81, 100, 1410, 1215
2026/02/23 16:18:21.389, 1, 55.03, 0, 210, 1215
2026/02/23 16:18:21.389, 2, 57.34, 0, 210, 1215
2026/02/23 16:18:21.389, 3, 55.41, 0, 210, 1215
2026/02/23 16:18:21.440, 0, 310.81, 100, 1410, 1215
2026/02/23 16:18:21.440, 1, 55.03, 0, 210, 1215
2026/02/23 16:18:21.440, 2, 57.34, 0, 210, 1215
2026/02/23 16:18:21.440, 3, 55.41, 0, 210, 1215
2026/02/23 16:18:21.490, 0, 310.81, 100, 1410, 1215
2026/02/23 16:18:21.490, 1, 55.03, 0, 210, 1215
2026/02/23 16:18:21.490, 2, 57.34, 0, 210, 1215
2026/02/23 16:18:21.490, 3, 55.41, 0, 210, 1215
2026/02/23 16:18:21.540, 0, 310.47, 100, 1410, 1215
2026/02/23 16:18:21.541, 1, 55.03, 0, 210, 1215
2026/02/23 16:18:21.541, 2, 57.34, 0, 210, 1215
2026/02/23 16:18:21.541, 3, 55.41, 0, 210, 1215
2026/02/23 16:18:21.591, 0, 310.47, 100, 1410, 1215
2026/02/23 16:18:21.591, 1, 55.03, 0, 210, 1215
2026/02/23 16:18:21.591, 2, 57.34, 0, 210, 1215
2026/02/23 16:18:21.591, 3, 55.41, 0, 210, 1215
2026/02/23 16:18:21.641, 0, 310.47, 100, 1410, 1215
2026/02/23 16:18:21.641, 1, 55.03, 0, 210, 1215
2026/02/23 16:18:21.642, 2, 57.34, 0, 210, 1215
2026/02/23 16:18:21.642, 3, 55.41, 0, 210, 1215
2026/02/23 16:18:21.692, 0, 310.47, 100, 1410, 1215
2026/02/23 16:18:21.692, 1, 55.03, 0, 210, 1215
2026/02/23 16:18:21.692, 2, 57.34, 0, 210, 1215
2026/02/23 16:18:21.692, 3, 55.41, 0, 210, 1215
2026/02/23 16:18:21.742, 0, 310.47, 100, 1410, 1215
2026/02/23 16:18:21.742, 1, 55.03, 0, 210, 1215
2026/02/23 16:18:21.743, 2, 57.34, 0, 210, 1215
2026/02/23 16:18:21.743, 3, 55.41, 0, 210, 1215
2026/02/23 16:18:21.793, 0, 310.47, 100, 1410, 1215
2026/02/23 16:18:21.793, 1, 55.03, 0, 210, 1215
2026/02/23 16:18:21.793, 2, 57.34, 0, 210, 1215
2026/02/23 16:18:21.793, 3, 55.41, 0, 210, 1215
2026/02/23 16:18:21.843, 0, 306.35, 100, 1410, 1215
2026/02/23 16:18:21.843, 1, 55.03, 0, 210, 1215
2026/02/23 16:18:21.843, 2, 57.34, 0, 210, 1215
2026/02/23 16:18:21.843, 3, 55.41, 0, 210, 1215
2026/02/23 16:18:21.894, 0, 306.35, 100, 1410, 1215
2026/02/23 16:18:21.894, 1, 55.03, 0, 210, 1215
2026/02/23 16:18:21.894, 2, 57.34, 0, 210, 1215
2026/02/23 16:18:21.894, 3, 55.41, 0, 210, 1215
2026/02/23 16:18:21.944, 0, 306.08, 100, 1410, 1215
2026/02/23 16:18:21.944, 1, 55.03, 0, 210, 1215
2026/02/23 16:18:21.944, 2, 57.34, 0, 210, 1215
2026/02/23 16:18:21.944, 3, 55.41, 0, 210, 1215
2026/02/23 16:18:21.995, 0, 306.08, 100, 1410, 1215
2026/02/23 16:18:21.995, 1, 55.03, 0, 210, 1215
2026/02/23 16:18:21.995, 2, 57.34, 0, 210, 1215
2026/02/23 16:18:21.995, 3, 55.41, 0, 210, 1215
2026/02/23 16:18:22.045, 0, 310.20, 100, 1410, 1215
2026/02/23 16:18:22.045, 1, 55.03, 0, 210, 1215
2026/02/23 16:18:22.045, 2, 57.34, 0, 210, 1215
2026/02/23 16:18:22.045, 3, 55.41, 0, 210, 1215
2026/02/23 16:18:22.095, 0, 310.20, 100, 1410, 1215
2026/02/23 16:18:22.096, 1, 55.03, 0, 210, 1215
2026/02/23 16:18:22.096, 2, 57.34, 0, 210, 1215
2026/02/23 16:18:22.096, 3, 55.41, 0, 210, 1215
2026/02/23 16:18:22.146, 0, 311.08, 100, 1410, 1215
2026/02/23 16:18:22.146, 1, 55.03, 0, 210, 1215
2026/02/23 16:18:22.146, 2, 57.34, 0, 210, 1215
2026/02/23 16:18:22.146, 3, 55.41, 0, 210, 1215
2026/02/23 16:18:22.196, 0, 311.08, 100, 1410, 1215
2026/02/23 16:18:22.196, 1, 55.03, 0, 210, 1215
2026/02/23 16:18:22.197, 2, 57.34, 0, 210, 1215
2026/02/23 16:18:22.197, 3, 55.41, 0, 210, 1215
2026/02/23 16:18:22.247, 0, 310.81, 100, 1410, 1215
2026/02/23 16:18:22.247, 1, 55.03, 0, 210, 1215
2026/02/23 16:18:22.247, 2, 57.34, 0, 210, 1215
2026/02/23 16:18:22.247, 3, 55.41, 0, 210, 1215
2026/02/23 16:18:22.297, 0, 310.81, 100, 1410, 1215
2026/02/23 16:18:22.297, 1, 55.03, 0, 210, 1215
2026/02/23 16:18:22.298, 2, 57.28, 0, 210, 1215
2026/02/23 16:18:22.298, 3, 55.41, 0, 210, 1215
2026/02/23 16:18:22.348, 0, 310.47, 100, 1410, 1215
2026/02/23 16:18:22.348, 1, 55.03, 0, 210, 1215
2026/02/23 16:18:22.348, 2, 57.28, 0, 210, 1215
2026/02/23 16:18:22.348, 3, 55.41, 0, 210, 1215
2026/02/23 16:18:22.398, 0, 310.47, 100, 1410, 1215
2026/02/23 16:18:22.398, 1, 55.03, 0, 210, 1215
2026/02/23 16:18:22.398, 2, 57.34, 0, 210, 1215
2026/02/23 16:18:22.398, 3, 55.41, 0, 210, 1215
2026/02/23 16:18:22.449, 0, 306.63, 100, 1410, 1215
2026/02/23 16:18:22.449, 1, 55.03, 0, 210, 1215
2026/02/23 16:18:22.449, 2, 57.34, 0, 210, 1215
2026/02/23 16:18:22.449, 3, 55.41, 0, 210, 1215
2026/02/23 16:18:22.499, 0, 306.63, 100, 1410, 1215
2026/02/23 16:18:22.499, 1, 55.03, 0, 210, 1215
2026/02/23 16:18:22.499, 2, 57.28, 0, 210, 1215
2026/02/23 16:18:22.499, 3, 55.41, 0, 210, 1215
2026/02/23 16:18:22.550, 0, 306.35, 100, 1410, 1215
2026/02/23 16:18:22.550, 1, 55.03, 0, 210, 1215
2026/02/23 16:18:22.550, 2, 57.28, 0, 210, 1215
2026/02/23 16:18:22.550, 3, 55.41, 0, 210, 1215
2026/02/23 16:18:22.600, 0, 306.35, 100, 1410, 1215
2026/02/23 16:18:22.600, 1, 54.97, 0, 210, 1215
2026/02/23 16:18:22.600, 2, 57.28, 0, 210, 1215
2026/02/23 16:18:22.600, 3, 55.41, 0, 210, 1215
2026/02/23 16:18:22.650, 0, 306.63, 100, 1410, 1215
2026/02/23 16:18:22.651, 1, 54.97, 0, 210, 1215
2026/02/23 16:18:22.651, 2, 57.28, 0, 210, 1215
2026/02/23 16:18:22.651, 3, 55.41, 0, 210, 1215
2026/02/23 16:18:22.701, 0, 306.63, 100, 1410, 1215
2026/02/23 16:18:22.701, 1, 54.97, 0, 210, 1215
2026/02/23 16:18:22.701, 2, 57.34, 0, 210, 1215
2026/02/23 16:18:22.701, 3, 55.41, 0, 210, 1215
2026/02/23 16:18:22.751, 0, 306.35, 100, 1410, 1215
2026/02/23 16:18:22.751, 1, 54.97, 0, 210, 1215
2026/02/23 16:18:22.752, 2, 57.34, 0, 210, 1215
2026/02/23 16:18:22.752, 3, 55.41, 0, 210, 1215
2026/02/23 16:18:22.802, 0, 306.35, 100, 1410, 1215
2026/02/23 16:18:22.802, 1, 54.97, 0, 210, 1215
2026/02/23 16:18:22.802, 2, 57.28, 0, 210, 1215
2026/02/23 16:18:22.802, 3, 55.41, 0, 210, 1215
2026/02/23 16:18:22.852, 0, 310.15, 100, 1410, 1215
2026/02/23 16:18:22.852, 1, 54.97, 0, 210, 1215
2026/02/23 16:18:22.852, 2, 57.28, 0, 210, 1215
2026/02/23 16:18:22.853, 3, 55.41, 0, 210, 1215
2026/02/23 16:18:22.903, 0, 310.15, 100, 1410, 1215
2026/02/23 16:18:22.903, 1, 55.03, 0, 210, 1215
2026/02/23 16:18:22.903, 2, 57.34, 0, 210, 1215
2026/02/23 16:18:22.903, 3, 55.41, 0, 210, 1215
2026/02/23 16:18:22.953, 0, 311.35, 100, 1410, 1215
2026/02/23 16:18:22.953, 1, 55.03, 0, 210, 1215
2026/02/23 16:18:22.953, 2, 57.34, 0, 210, 1215
2026/02/23 16:18:22.953, 3, 55.41, 0, 210, 1215
2026/02/23 16:18:23.004, 0, 311.35, 100, 1410, 1215
2026/02/23 16:18:23.004, 1, 55.03, 0, 210, 1215
2026/02/23 16:18:23.004, 2, 57.28, 0, 210, 1215
2026/02/23 16:18:23.004, 3, 55.41, 0, 210, 1215
2026/02/23 16:18:23.054, 0, 311.68, 100, 1410, 1215
2026/02/23 16:18:23.054, 1, 55.03, 0, 210, 1215
2026/02/23 16:18:23.054, 2, 57.28, 0, 210, 1215
2026/02/23 16:18:23.054, 3, 55.41, 0, 210, 1215
2026/02/23 16:18:23.104, 0, 311.68, 100, 1410, 1215
2026/02/23 16:18:23.106, 1, 54.97, 0, 210, 1215
2026/02/23 16:18:23.106, 2, 57.28, 0, 210, 1215
2026/02/23 16:18:23.106, 3, 55.41, 0, 210, 1215
2026/02/23 16:18:23.156, 0, 308.12, 100, 1410, 1215
2026/02/23 16:18:23.156, 1, 54.97, 0, 210, 1215
2026/02/23 16:18:23.156, 2, 57.28, 0, 210, 1215
2026/02/23 16:18:23.156, 3, 55.41, 0, 210, 1215
2026/02/23 16:18:23.206, 0, 308.12, 100, 1410, 1215
2026/02/23 16:18:23.206, 1, 55.03, 0, 210, 1215
2026/02/23 16:18:23.207, 2, 57.34, 0, 210, 1215
2026/02/23 16:18:23.207, 3, 55.41, 0, 210, 1215
2026/02/23 16:18:23.257, 0, 306.96, 100, 1410, 1215
2026/02/23 16:18:23.257, 1, 55.03, 0, 210, 1215
2026/02/23 16:18:23.257, 2, 57.34, 0, 210, 1215
2026/02/23 16:18:23.257, 3, 55.41, 0, 210, 1215
2026/02/23 16:18:23.307, 0, 306.96, 100, 1410, 1215
2026/02/23 16:18:23.307, 1, 55.03, 0, 210, 1215
2026/02/23 16:18:23.307, 2, 57.28, 0, 210, 1215
2026/02/23 16:18:23.307, 3, 55.41, 0, 210, 1215
2026/02/23 16:18:23.358, 0, 311.35, 100, 1410, 1215
2026/02/23 16:18:23.358, 1, 55.03, 0, 210, 1215
2026/02/23 16:18:23.358, 2, 57.28, 0, 210, 1215
2026/02/23 16:18:23.358, 3, 55.41, 0, 210, 1215
2026/02/23 16:18:23.408, 0, 311.35, 100, 1410, 1215
2026/02/23 16:18:23.408, 1, 55.03, 0, 210, 1215
2026/02/23 16:18:23.408, 2, 57.34, 0, 210, 1215
2026/02/23 16:18:23.408, 3, 55.41, 0, 210, 1215
2026/02/23 16:18:23.459, 0, 311.35, 100, 1410, 1215
2026/02/23 16:18:23.459, 1, 55.03, 0, 210, 1215
2026/02/23 16:18:23.459, 2, 57.34, 0, 210, 1215
2026/02/23 16:18:23.459, 3, 55.41, 0, 210, 1215
2026/02/23 16:18:23.509, 0, 311.35, 100, 1410, 1215
2026/02/23 16:18:23.509, 1, 55.03, 0, 210, 1215
2026/02/23 16:18:23.509, 2, 57.28, 0, 210, 1215
2026/02/23 16:18:23.509, 3, 55.41, 0, 210, 1215
2026/02/23 16:18:23.559, 0, 311.68, 100, 1410, 1215
2026/02/23 16:18:23.560, 1, 55.03, 0, 210, 1215
2026/02/23 16:18:23.560, 2, 57.28, 0, 210, 1215
2026/02/23 16:18:23.560, 3, 55.41, 0, 210, 1215
2026/02/23 16:18:23.610, 0, 311.68, 100, 1410, 1215
2026/02/23 16:18:23.610, 1, 55.03, 0, 210, 1215
2026/02/23 16:18:23.610, 2, 57.34, 0, 210, 1215
2026/02/23 16:18:23.610, 3, 55.41, 0, 210, 1215
2026/02/23 16:18:23.660, 0, 311.68, 100, 1410, 1215
2026/02/23 16:18:23.660, 1, 55.03, 0, 210, 1215
2026/02/23 16:18:23.661, 2, 57.34, 0, 210, 1215
2026/02/23 16:18:23.661, 3, 55.41, 0, 210, 1215
2026/02/23 16:18:23.711, 0, 311.68, 100, 1410, 1215
2026/02/23 16:18:23.711, 1, 54.75, 0, 210, 1215
2026/02/23 16:18:23.711, 2, 57.34, 0, 210, 1215
2026/02/23 16:18:23.711, 3, 55.41, 0, 210, 1215
2026/02/23 16:18:23.761, 0, 311.35, 100, 1410, 1215
2026/02/23 16:18:23.761, 1, 54.75, 0, 210, 1215
2026/02/23 16:18:23.761, 2, 57.34, 0, 210, 1215
2026/02/23 16:18:23.762, 3, 55.41, 0, 210, 1215
2026/02/23 16:18:23.812, 0, 311.35, 100, 1410, 1215
2026/02/23 16:18:23.812, 1, 55.03, 0, 210, 1215
2026/02/23 16:18:23.812, 2, 57.28, 0, 210, 1215
2026/02/23 16:18:23.812, 3, 55.41, 0, 210, 1215
2026/02/23 16:18:23.862, 0, 307.56, 100, 1410, 1215
2026/02/23 16:18:23.862, 1, 55.03, 0, 210, 1215
2026/02/23 16:18:23.862, 2, 57.28, 0, 210, 1215
2026/02/23 16:18:23.862, 3, 55.41, 0, 210, 1215
2026/02/23 16:18:23.913, 0, 307.56, 100, 1410, 1215
2026/02/23 16:18:23.913, 1, 55.03, 0, 210, 1215
2026/02/23 16:18:23.913, 2, 57.34, 0, 210, 1215
2026/02/23 16:18:23.913, 3, 55.41, 0, 210, 1215
2026/02/23 16:18:23.963, 0, 306.96, 100, 1410, 1215
2026/02/23 16:18:23.963, 1, 55.03, 0, 210, 1215
2026/02/23 16:18:23.963, 2, 57.34, 0, 210, 1215
2026/02/23 16:18:23.963, 3, 55.41, 0, 210, 1215
2026/02/23 16:18:24.014, 0, 306.96, 100, 1410, 1215
2026/02/23 16:18:24.014, 1, 54.97, 0, 210, 1215
2026/02/23 16:18:24.014, 2, 57.28, 0, 210, 1215
2026/02/23 16:18:24.014, 3, 55.41, 0, 210, 1215
2026/02/23 16:18:24.064, 0, 310.81, 100, 1410, 1215
2026/02/23 16:18:24.064, 1, 55.03, 0, 210, 1215
2026/02/23 16:18:24.064, 2, 57.28, 0, 210, 1215
2026/02/23 16:18:24.064, 3, 55.41, 0, 210, 1215
2026/02/23 16:18:24.114, 0, 310.81, 100, 1410, 1215
2026/02/23 16:18:24.115, 1, 55.03, 0, 210, 1215
2026/02/23 16:18:24.115, 2, 57.28, 0, 210, 1215
2026/02/23 16:18:24.115, 3, 55.41, 0, 210, 1215
2026/02/23 16:18:24.165, 0, 311.08, 100, 1410, 1215
2026/02/23 16:18:24.165, 1, 55.03, 0, 210, 1215
2026/02/23 16:18:24.165, 2, 57.28, 0, 210, 1215
2026/02/23 16:18:24.165, 3, 55.41, 0, 210, 1215
2026/02/23 16:18:24.215, 0, 311.08, 100, 1410, 1215
2026/02/23 16:18:24.215, 1, 55.03, 0, 210, 1215
2026/02/23 16:18:24.215, 2, 57.28, 0, 210, 1215
2026/02/23 16:18:24.215, 3, 55.41, 0, 210, 1215
2026/02/23 16:18:24.266, 0, 311.08, 100, 1410, 1215
2026/02/23 16:18:24.266, 1, 54.70, 0, 210, 1215
2026/02/23 16:18:24.266, 2, 57.28, 0, 210, 1215
2026/02/23 16:18:24.266, 3, 55.41, 0, 210, 1215
2026/02/23 16:18:24.316, 0, 311.08, 100, 1410, 1215
2026/02/23 16:18:24.316, 1, 54.70, 0, 210, 1215
2026/02/23 16:18:24.316, 2, 57.28, 0, 210, 1215
2026/02/23 16:18:24.316, 3, 55.41, 0, 210, 1215
2026/02/23 16:18:24.366, 0, 311.35, 100, 1410, 1215
2026/02/23 16:18:24.367, 1, 54.97, 0, 210, 1215
2026/02/23 16:18:24.367, 2, 57.28, 0, 210, 1215
2026/02/23 16:18:24.367, 3, 55.41, 0, 210, 1215
2026/02/23 16:18:24.417, 0, 311.35, 100, 1410, 1215
2026/02/23 16:18:24.417, 1, 54.97, 0, 210, 1215
2026/02/23 16:18:24.417, 2, 57.28, 0, 210, 1215
2026/02/23 16:18:24.417, 3, 55.35, 0, 210, 1215
2026/02/23 16:18:24.467, 0, 311.35, 100, 1410, 1215
2026/02/23 16:18:24.467, 1, 54.70, 0, 210, 1215
2026/02/23 16:18:24.468, 2, 57.28, 0, 210, 1215
2026/02/23 16:18:24.468, 3, 55.35, 0, 210, 1215
2026/02/23 16:18:24.518, 0, 311.35, 100, 1410, 1215
2026/02/23 16:18:24.518, 1, 54.70, 0, 210, 1215
2026/02/23 16:18:24.518, 2, 57.28, 0, 210, 1215
2026/02/23 16:18:24.518, 3, 55.41, 0, 210, 1215
2026/02/23 16:18:24.568, 0, 311.68, 100, 1410, 1215
2026/02/23 16:18:24.568, 1, 55.03, 0, 210, 1215
2026/02/23 16:18:24.568, 2, 57.28, 0, 210, 1215
2026/02/23 16:18:24.569, 3, 55.41, 0, 210, 1215
2026/02/23 16:18:24.619, 0, 311.68, 100, 1410, 1215
2026/02/23 16:18:24.619, 1, 55.03, 0, 210, 1215
2026/02/23 16:18:24.619, 2, 57.28, 0, 210, 1215
2026/02/23 16:18:24.619, 3, 55.41, 0, 210, 1215
2026/02/23 16:18:24.669, 0, 307.56, 100, 1410, 1215
2026/02/23 16:18:24.669, 1, 55.03, 0, 210, 1215
2026/02/23 16:18:24.669, 2, 57.28, 0, 210, 1215
2026/02/23 16:18:24.669, 3, 55.41, 0, 210, 1215
2026/02/23 16:18:24.720, 0, 307.56, 100, 1410, 1215
2026/02/23 16:18:24.720, 1, 55.03, 0, 210, 1215
2026/02/23 16:18:24.720, 2, 57.34, 0, 210, 1215
2026/02/23 16:18:24.720, 3, 55.41, 0, 210, 1215
2026/02/23 16:18:24.770, 0, 306.35, 100, 1410, 1215
2026/02/23 16:18:24.770, 1, 55.03, 0, 210, 1215
2026/02/23 16:18:24.770, 2, 57.34, 0, 210, 1215
2026/02/23 16:18:24.770, 3, 55.41, 0, 210, 1215
2026/02/23 16:18:24.820, 0, 306.35, 100, 1410, 1215
2026/02/23 16:18:24.821, 1, 55.03, 0, 210, 1215
2026/02/23 16:18:24.821, 2, 57.28, 0, 210, 1215
2026/02/23 16:18:24.821, 3, 55.41, 0, 210, 1215
2026/02/23 16:18:24.871, 0, 310.81, 100, 1410, 1215
2026/02/23 16:18:24.871, 1, 54.97, 0, 210, 1215
2026/02/23 16:18:24.871, 2, 57.28, 0, 210, 1215
2026/02/23 16:18:24.871, 3, 55.41, 0, 210, 1215
2026/02/23 16:18:24.921, 0, 310.81, 100, 1410, 1215
2026/02/23 16:18:24.921, 1, 54.97, 0, 210, 1215
2026/02/23 16:18:24.922, 2, 57.28, 0, 210, 1215
2026/02/23 16:18:24.922, 3, 55.41, 0, 210, 1215
2026/02/23 16:18:24.972, 0, 310.81, 100, 1410, 1215
2026/02/23 16:18:24.972, 1, 54.97, 0, 210, 1215
2026/02/23 16:18:24.972, 2, 57.28, 0, 210, 1215
2026/02/23 16:18:24.972, 3, 55.41, 0, 210, 1215
2026/02/23 16:18:25.022, 0, 310.81, 100, 1410, 1215
2026/02/23 16:18:25.022, 1, 54.97, 0, 210, 1215
2026/02/23 16:18:25.022, 2, 57.34, 0, 210, 1215
2026/02/23 16:18:25.023, 3, 55.41, 0, 210, 1215
2026/02/23 16:18:25.073, 0, 311.08, 100, 1410, 1215
2026/02/23 16:18:25.073, 1, 55.03, 0, 210, 1215
2026/02/23 16:18:25.073, 2, 57.34, 0, 210, 1215
2026/02/23 16:18:25.073, 3, 55.41, 0, 210, 1215
2026/02/23 16:18:25.123, 0, 311.08, 100, 1410, 1215
2026/02/23 16:18:25.123, 1, 55.03, 0, 210, 1215
2026/02/23 16:18:25.123, 2, 57.34, 0, 210, 1215
2026/02/23 16:18:25.123, 3, 55.41, 0, 210, 1215
2026/02/23 16:18:25.174, 0, 311.35, 100, 1410, 1215
2026/02/23 16:18:25.174, 1, 54.97, 0, 210, 1215
2026/02/23 16:18:25.174, 2, 57.28, 0, 210, 1215
2026/02/23 16:18:25.174, 3, 55.41, 0, 210, 1215
2026/02/23 16:18:25.224, 0, 311.35, 100, 1410, 1215
2026/02/23 16:18:25.224, 1, 54.97, 0, 210, 1215
2026/02/23 16:18:25.224, 2, 57.28, 0, 210, 1215
2026/02/23 16:18:25.224, 3, 55.41, 0, 210, 1215
2026/02/23 16:18:25.275, 0, 311.08, 100, 1410, 1215
2026/02/23 16:18:25.275, 1, 54.97, 0, 210, 1215
2026/02/23 16:18:25.275, 2, 57.28, 0, 210, 1215
2026/02/23 16:18:25.275, 3, 55.41, 0, 210, 1215
2026/02/23 16:18:25.325, 0, 311.08, 100, 1410, 1215
2026/02/23 16:18:25.325, 1, 54.97, 0, 210, 1215
2026/02/23 16:18:25.325, 2, 57.28, 0, 210, 1215
2026/02/23 16:18:25.325, 3, 55.41, 0, 210, 1215
2026/02/23 16:18:25.375, 0, 310.81, 100, 1410, 1215
2026/02/23 16:18:25.376, 1, 54.97, 0, 210, 1215
2026/02/23 16:18:25.376, 2, 57.28, 0, 210, 1215
2026/02/23 16:18:25.376, 3, 55.41, 0, 210, 1215
2026/02/23 16:18:25.426, 0, 310.81, 100, 1410, 1215
2026/02/23 16:18:25.426, 1, 54.97, 0, 210, 1215
2026/02/23 16:18:25.426, 2, 57.28, 0, 210, 1215
2026/02/23 16:18:25.426, 3, 55.41, 0, 210, 1215
2026/02/23 16:18:25.476, 0, 310.76, 100, 1410, 1215
2026/02/23 16:18:25.476, 1, 54.97, 0, 210, 1215
2026/02/23 16:18:25.477, 2, 57.28, 0, 210, 1215
2026/02/23 16:18:25.477, 3, 55.41, 0, 210, 1215
2026/02/23 16:18:25.527, 0, 310.76, 100, 1410, 1215
2026/02/23 16:18:25.527, 1, 54.97, 0, 210, 1215
2026/02/23 16:18:25.527, 2, 57.28, 0, 210, 1215
2026/02/23 16:18:25.527, 3, 55.41, 0, 210, 1215
2026/02/23 16:18:25.577, 0, 310.81, 100, 1410, 1215
2026/02/23 16:18:25.577, 1, 54.97, 0, 210, 1215
2026/02/23 16:18:25.577, 2, 57.28, 0, 210, 1215
2026/02/23 16:18:25.578, 3, 55.41, 0, 210, 1215
2026/02/23 16:18:25.628, 0, 310.81, 100, 1410, 1215
2026/02/23 16:18:25.628, 1, 54.97, 0, 210, 1215
2026/02/23 16:18:25.628, 2, 57.28, 0, 210, 1215
2026/02/23 16:18:25.628, 3, 55.35, 0, 210, 1215
2026/02/23 16:18:25.678, 0, 310.76, 100, 1410, 1215
2026/02/23 16:18:25.678, 1, 54.97, 0, 210, 1215
2026/02/23 16:18:25.678, 2, 57.28, 0, 210, 1215
2026/02/23 16:18:25.678, 3, 55.35, 0, 210, 1215
2026/02/23 16:18:25.729, 0, 310.76, 100, 1410, 1215
2026/02/23 16:18:25.729, 1, 54.97, 0, 210, 1215
2026/02/23 16:18:25.729, 2, 57.28, 0, 210, 1215
2026/02/23 16:18:25.729, 3, 55.41, 0, 210, 1215
2026/02/23 16:18:25.779, 0, 310.47, 100, 1410, 1215
2026/02/23 16:18:25.779, 1, 55.03, 0, 210, 1215
2026/02/23 16:18:25.779, 2, 57.28, 0, 210, 1215
2026/02/23 16:18:25.779, 3, 55.41, 0, 210, 1215
2026/02/23 16:18:25.830, 0, 310.47, 100, 1410, 1215
2026/02/23 16:18:25.830, 1, 55.03, 0, 210, 1215
2026/02/23 16:18:25.830, 2, 57.28, 0, 210, 1215
2026/02/23 16:18:25.830, 3, 55.35, 0, 210, 1215
2026/02/23 16:18:25.880, 0, 310.49, 100, 1410, 1215
2026/02/23 16:18:25.880, 1, 54.97, 0, 210, 1215
2026/02/23 16:18:25.880, 2, 57.28, 0, 210, 1215
2026/02/23 16:18:25.880, 3, 55.35, 0, 210, 1215
2026/02/23 16:18:25.930, 0, 310.49, 100, 1410, 1215
2026/02/23 16:18:25.931, 1, 54.97, 0, 210, 1215
2026/02/23 16:18:25.931, 2, 57.28, 0, 210, 1215
2026/02/23 16:18:25.931, 3, 55.41, 0, 210, 1215
2026/02/23 16:18:25.981, 0, 310.81, 100, 1410, 1215
2026/02/23 16:18:25.981, 1, 55.03, 0, 210, 1215
2026/02/23 16:18:25.981, 2, 57.28, 0, 210, 1215
2026/02/23 16:18:25.981, 3, 55.41, 0, 210, 1215
2026/02/23 16:18:26.031, 0, 310.81, 100, 1410, 1215
2026/02/23 16:18:26.031, 1, 55.03, 0, 210, 1215
2026/02/23 16:18:26.031, 2, 57.28, 0, 210, 1215
2026/02/23 16:18:26.032, 3, 55.41, 0, 210, 1215
2026/02/23 16:18:26.082, 0, 310.81, 100, 1410, 1215
2026/02/23 16:18:26.082, 1, 54.97, 0, 210, 1215
2026/02/23 16:18:26.082, 2, 57.28, 0, 210, 1215
2026/02/23 16:18:26.082, 3, 55.41, 0, 210, 1215
2026/02/23 16:18:26.132, 0, 310.81, 100, 1410, 1215
2026/02/23 16:18:26.132, 1, 54.97, 0, 210, 1215
2026/02/23 16:18:26.132, 2, 57.28, 0, 210, 1215
2026/02/23 16:18:26.132, 3, 55.41, 0, 210, 1215
2026/02/23 16:18:26.183, 0, 310.47, 100, 1410, 1215
2026/02/23 16:18:26.183, 1, 55.03, 0, 210, 1215
2026/02/23 16:18:26.183, 2, 57.34, 0, 210, 1215
2026/02/23 16:18:26.183, 3, 55.41, 0, 210, 1215
2026/02/23 16:18:26.233, 0, 310.47, 100, 1410, 1215
2026/02/23 16:18:26.233, 1, 55.03, 0, 210, 1215
2026/02/23 16:18:26.233, 2, 57.34, 0, 210, 1215
2026/02/23 16:18:26.233, 3, 55.41, 0, 210, 1215
2026/02/23 16:18:26.284, 0, 310.47, 100, 1410, 1215
2026/02/23 16:18:26.284, 1, 55.03, 0, 210, 1215
2026/02/23 16:18:26.284, 2, 57.28, 0, 210, 1215
2026/02/23 16:18:26.284, 3, 55.41, 0, 210, 1215
2026/02/23 16:18:26.334, 0, 310.47, 100, 1410, 1215
2026/02/23 16:18:26.334, 1, 55.03, 0, 210, 1215
2026/02/23 16:18:26.334, 2, 57.28, 0, 210, 1215
2026/02/23 16:18:26.334, 3, 55.41, 0, 210, 1215
2026/02/23 16:18:26.384, 0, 310.81, 100, 1410, 1215
2026/02/23 16:18:26.385, 1, 55.03, 0, 210, 1215
2026/02/23 16:18:26.385, 2, 57.28, 0, 210, 1215
2026/02/23 16:18:26.385, 3, 55.41, 0, 210, 1215
2026/02/23 16:18:26.435, 0, 310.81, 100, 1410, 1215
2026/02/23 16:18:26.435, 1, 55.03, 0, 210, 1215
2026/02/23 16:18:26.435, 2, 57.28, 0, 210, 1215
2026/02/23 16:18:26.435, 3, 55.41, 0, 210, 1215
2026/02/23 16:18:26.485, 0, 310.81, 100, 1410, 1215
2026/02/23 16:18:26.485, 1, 54.75, 0, 210, 1215
2026/02/23 16:18:26.486, 2, 57.34, 0, 210, 1215
2026/02/23 16:18:26.486, 3, 55.41, 0, 210, 1215
2026/02/23 16:18:26.536, 0, 310.81, 100, 1410, 1215
2026/02/23 16:18:26.536, 1, 54.75, 0, 210, 1215
2026/02/23 16:18:26.536, 2, 57.34, 0, 210, 1215
2026/02/23 16:18:26.536, 3, 55.41, 0, 210, 1215
2026/02/23 16:18:26.586, 0, 310.81, 100, 1410, 1215
2026/02/23 16:18:26.586, 1, 54.97, 0, 210, 1215
2026/02/23 16:18:26.586, 2, 57.28, 0, 210, 1215
2026/02/23 16:18:26.587, 3, 55.41, 0, 210, 1215
2026/02/23 16:18:26.637, 0, 311.08, 100, 1410, 1215
2026/02/23 16:18:26.637, 1, 54.97, 0, 210, 1215
2026/02/23 16:18:26.637, 2, 57.28, 0, 210, 1215
2026/02/23 16:18:26.637, 3, 55.41, 0, 210, 1215
2026/02/23 16:18:26.687, 0, 311.08, 100, 1410, 1215
2026/02/23 16:18:26.687, 1, 55.03, 0, 210, 1215
2026/02/23 16:18:26.687, 2, 57.28, 0, 210, 1215
2026/02/23 16:18:26.687, 3, 55.41, 0, 210, 1215
2026/02/23 16:18:26.738, 0, 310.81, 100, 1410, 1215
2026/02/23 16:18:26.738, 1, 55.03, 0, 210, 1215
2026/02/23 16:18:26.738, 2, 57.28, 0, 210, 1215
2026/02/23 16:18:26.738, 3, 55.41, 0, 210, 1215
2026/02/23 16:18:26.788, 0, 310.81, 100, 1410, 1215
2026/02/23 16:18:26.788, 1, 54.97, 0, 210, 1215
2026/02/23 16:18:26.788, 2, 57.28, 0, 210, 1215
2026/02/23 16:18:26.788, 3, 55.41, 0, 210, 1215
2026/02/23 16:18:26.839, 0, 311.95, 100, 1410, 1215
2026/02/23 16:18:26.839, 1, 54.97, 0, 210, 1215
2026/02/23 16:18:26.839, 2, 57.28, 0, 210, 1215
2026/02/23 16:18:26.839, 3, 55.41, 0, 210, 1215
2026/02/23 16:18:26.889, 0, 311.95, 100, 1410, 1215
2026/02/23 16:18:26.889, 1, 55.03, 0, 210, 1215
2026/02/23 16:18:26.889, 2, 57.28, 0, 210, 1215
2026/02/23 16:18:26.889, 3, 55.41, 0, 210, 1215
2026/02/23 16:18:26.939, 0, 311.68, 100, 1410, 1215
2026/02/23 16:18:26.940, 1, 55.03, 0, 210, 1215
2026/02/23 16:18:26.940, 2, 57.28, 0, 210, 1215
2026/02/23 16:18:26.940, 3, 55.41, 0, 210, 1215
2026/02/23 16:18:26.990, 0, 311.68, 100, 1410, 1215
2026/02/23 16:18:26.990, 1, 55.03, 0, 210, 1215
2026/02/23 16:18:26.990, 2, 57.28, 0, 210, 1215
2026/02/23 16:18:26.990, 3, 55.35, 0, 210, 1215
2026/02/23 16:18:27.040, 0, 311.63, 100, 1410, 1215
2026/02/23 16:18:27.040, 1, 55.03, 0, 210, 1215
2026/02/23 16:18:27.041, 2, 57.28, 0, 210, 1215
2026/02/23 16:18:27.041, 3, 55.35, 0, 210, 1215
2026/02/23 16:18:27.091, 0, 311.63, 100, 1410, 1215
2026/02/23 16:18:27.091, 1, 54.97, 0, 210, 1215
2026/02/23 16:18:27.091, 2, 57.28, 0, 210, 1215
2026/02/23 16:18:27.091, 3, 55.41, 0, 210, 1215
2026/02/23 16:18:27.141, 0, 311.68, 100, 1410, 1215
2026/02/23 16:18:27.141, 1, 54.97, 0, 210, 1215
2026/02/23 16:18:27.141, 2, 57.28, 0, 210, 1215
2026/02/23 16:18:27.142, 3, 55.41, 0, 210, 1215
2026/02/23 16:18:27.192, 0, 311.68, 100, 1410, 1215
2026/02/23 16:18:27.192, 1, 54.97, 0, 210, 1215
2026/02/23 16:18:27.192, 2, 57.28, 0, 210, 1215
2026/02/23 16:18:27.192, 3, 55.41, 0, 210, 1215
2026/02/23 16:18:27.242, 0, 311.68, 100, 1410, 1215
2026/02/23 16:18:27.242, 1, 54.97, 0, 210, 1215
2026/02/23 16:18:27.242, 2, 57.28, 0, 210, 1215
2026/02/23 16:18:27.242, 3, 55.41, 0, 210, 1215
2026/02/23 16:18:27.293, 0, 311.68, 100, 1410, 1215
2026/02/23 16:18:27.293, 1, 54.97, 0, 210, 1215
2026/02/23 16:18:27.293, 2, 57.28, 0, 210, 1215
2026/02/23 16:18:27.293, 3, 55.41, 0, 210, 1215
2026/02/23 16:18:27.343, 0, 311.68, 100, 1410, 1215
2026/02/23 16:18:27.343, 1, 54.97, 0, 210, 1215
2026/02/23 16:18:27.343, 2, 57.28, 0, 210, 1215
2026/02/23 16:18:27.343, 3, 55.41, 0, 210, 1215
2026/02/23 16:18:27.394, 0, 311.68, 100, 1410, 1215
2026/02/23 16:18:27.394, 1, 55.03, 0, 210, 1215
2026/02/23 16:18:27.394, 2, 57.28, 0, 210, 1215
2026/02/23 16:18:27.394, 3, 55.41, 0, 210, 1215
2026/02/23 16:18:27.444, 0, 311.68, 100, 1410, 1215
2026/02/23 16:18:27.444, 1, 55.03, 0, 210, 1215
2026/02/23 16:18:27.444, 2, 57.28, 0, 210, 1215
2026/02/23 16:18:27.444, 3, 55.41, 0, 210, 1215
2026/02/23 16:18:27.494, 0, 311.68, 100, 1410, 1215
2026/02/23 16:18:27.495, 1, 55.03, 0, 210, 1215
2026/02/23 16:18:27.495, 2, 57.28, 0, 210, 1215
2026/02/23 16:18:27.495, 3, 55.41, 0, 210, 1215
2026/02/23 16:18:27.545, 0, 311.68, 100, 1410, 1215
2026/02/23 16:18:27.545, 1, 55.03, 0, 210, 1215
2026/02/23 16:18:27.545, 2, 57.28, 0, 210, 1215
2026/02/23 16:18:27.545, 3, 55.41, 0, 210, 1215
2026/02/23 16:18:27.595, 0, 311.68, 100, 1410, 1215
2026/02/23 16:18:27.595, 1, 54.75, 0, 210, 1215
2026/02/23 16:18:27.596, 2, 57.28, 0, 210, 1215
2026/02/23 16:18:27.596, 3, 55.41, 0, 210, 1215
2026/02/23 16:18:27.646, 0, 311.68, 100, 1410, 1215
2026/02/23 16:18:27.646, 1, 54.75, 0, 210, 1215
2026/02/23 16:18:27.646, 2, 57.28, 0, 210, 1215
2026/02/23 16:18:27.646, 3, 55.41, 0, 210, 1215
2026/02/23 16:18:27.696, 0, 311.68, 100, 1410, 1215
2026/02/23 16:18:27.696, 1, 55.03, 0, 210, 1215
2026/02/23 16:18:27.696, 2, 57.28, 0, 210, 1215
2026/02/23 16:18:27.697, 3, 55.41, 0, 210, 1215
2026/02/23 16:18:27.747, 0, 311.68, 100, 1410, 1215
2026/02/23 16:18:27.747, 1, 55.03, 0, 210, 1215
2026/02/23 16:18:27.747, 2, 57.28, 0, 210, 1215
2026/02/23 16:18:27.747, 3, 55.41, 0, 210, 1215
2026/02/23 16:18:27.797, 0, 311.68, 100, 1410, 1215
2026/02/23 16:18:27.797, 1, 55.03, 0, 210, 1215
2026/02/23 16:18:27.797, 2, 57.34, 0, 210, 1215
2026/02/23 16:18:27.797, 3, 55.41, 0, 210, 1215
2026/02/23 16:18:27.848, 0, 311.35, 100, 1410, 1215
2026/02/23 16:18:27.848, 1, 55.03, 0, 210, 1215
2026/02/23 16:18:27.848, 2, 57.34, 0, 210, 1215
2026/02/23 16:18:27.848, 3, 55.41, 0, 210, 1215
2026/02/23 16:18:27.898, 0, 311.35, 100, 1410, 1215
2026/02/23 16:18:27.898, 1, 55.03, 0, 210, 1215
2026/02/23 16:18:27.898, 2, 57.28, 0, 210, 1215
2026/02/23 16:18:27.898, 3, 55.41, 0, 210, 1215
2026/02/23 16:18:27.948, 0, 311.35, 100, 1410, 1215
2026/02/23 16:18:27.949, 1, 55.03, 0, 210, 1215
2026/02/23 16:18:27.949, 2, 57.28, 0, 210, 1215
2026/02/23 16:18:27.949, 3, 55.41, 0, 210, 1215
2026/02/23 16:18:27.999, 0, 311.35, 100, 1410, 1215
2026/02/23 16:18:27.999, 1, 55.03, 0, 210, 1215
2026/02/23 16:18:27.999, 2, 57.28, 0, 210, 1215
2026/02/23 16:18:27.999, 3, 55.41, 0, 210, 1215
2026/02/23 16:18:28.049, 0, 307.83, 100, 1410, 1215
2026/02/23 16:18:28.049, 1, 55.03, 0, 210, 1215
2026/02/23 16:18:28.050, 2, 57.28, 0, 210, 1215
2026/02/23 16:18:28.050, 3, 55.41, 0, 210, 1215
2026/02/23 16:18:28.100, 0, 307.83, 100, 1410, 1215
2026/02/23 16:18:28.100, 1, 55.03, 0, 210, 1215
2026/02/23 16:18:28.100, 2, 57.28, 0, 210, 1215
2026/02/23 16:18:28.100, 3, 55.41, 0, 210, 1215
2026/02/23 16:18:28.150, 0, 307.23, 100, 1410, 1215
2026/02/23 16:18:28.150, 1, 55.03, 0, 210, 1215
2026/02/23 16:18:28.150, 2, 57.28, 0, 210, 1215
2026/02/23 16:18:28.151, 3, 55.41, 0, 210, 1215
2026/02/23 16:18:28.201, 0, 307.23, 100, 1410, 1215
2026/02/23 16:18:28.201, 1, 54.97, 0, 210, 1215
2026/02/23 16:18:28.201, 2, 57.34, 0, 210, 1215
2026/02/23 16:18:28.201, 3, 55.41, 0, 210, 1215
2026/02/23 16:18:28.251, 0, 310.76, 100, 1410, 1215
2026/02/23 16:18:28.251, 1, 54.97, 0, 210, 1215
2026/02/23 16:18:28.251, 2, 57.34, 0, 210, 1215
2026/02/23 16:18:28.251, 3, 55.41, 0, 210, 1215
2026/02/23 16:18:28.302, 0, 310.76, 100, 1410, 1215
2026/02/23 16:18:28.302, 1, 55.03, 0, 210, 1215
2026/02/23 16:18:28.302, 2, 57.28, 0, 210, 1215
2026/02/23 16:18:28.302, 3, 55.35, 0, 210, 1215
2026/02/23 16:18:28.352, 0, 311.35, 100, 1410, 1215
2026/02/23 16:18:28.352, 1, 55.03, 0, 210, 1215
2026/02/23 16:18:28.352, 2, 57.28, 0, 210, 1215
2026/02/23 16:18:28.352, 3, 55.35, 0, 210, 1215
2026/02/23 16:18:28.403, 0, 311.35, 100, 1410, 1215
2026/02/23 16:18:28.403, 1, 54.97, 0, 210, 1215
2026/02/23 16:18:28.403, 2, 57.28, 0, 210, 1215
2026/02/23 16:18:28.403, 3, 55.41, 0, 210, 1215
2026/02/23 16:18:28.453, 0, 307.23, 100, 1410, 1215
2026/02/23 16:18:28.453, 1, 54.97, 0, 210, 1215
2026/02/23 16:18:28.453, 2, 57.28, 0, 210, 1215
2026/02/23 16:18:28.453, 3, 55.41, 0, 210, 1215
2026/02/23 16:18:28.503, 0, 307.23, 100, 1410, 1215
2026/02/23 16:18:28.504, 1, 54.97, 0, 210, 1215
2026/02/23 16:18:28.504, 2, 57.28, 0, 210, 1215
2026/02/23 16:18:28.504, 3, 55.41, 0, 210, 1215
2026/02/23 16:18:28.554, 0, 306.63, 100, 1410, 1215
2026/02/23 16:18:28.554, 1, 54.97, 0, 210, 1215
2026/02/23 16:18:28.554, 2, 57.28, 0, 210, 1215
2026/02/23 16:18:28.554, 3, 55.41, 0, 210, 1215
2026/02/23 16:18:28.604, 0, 306.63, 100, 1410, 1215
2026/02/23 16:18:28.604, 1, 54.97, 0, 210, 1215
2026/02/23 16:18:28.605, 2, 57.28, 0, 210, 1215
2026/02/23 16:18:28.605, 3, 55.41, 0, 210, 1215
2026/02/23 16:18:28.655, 0, 310.81, 100, 1410, 1215
2026/02/23 16:18:28.655, 1, 54.97, 0, 210, 1215
2026/02/23 16:18:28.655, 2, 57.28, 0, 210, 1215
2026/02/23 16:18:28.655, 3, 55.41, 0, 210, 1215
2026/02/23 16:18:28.705, 0, 310.81, 100, 1410, 1215
2026/02/23 16:18:28.705, 1, 54.97, 0, 210, 1215
2026/02/23 16:18:28.705, 2, 57.28, 0, 210, 1215
2026/02/23 16:18:28.706, 3, 55.41, 0, 210, 1215
2026/02/23 16:18:28.756, 0, 310.81, 100, 1410, 1215
2026/02/23 16:18:28.756, 1, 54.97, 0, 210, 1215
2026/02/23 16:18:28.756, 2, 57.28, 0, 210, 1215
2026/02/23 16:18:28.756, 3, 55.41, 0, 210, 1215
2026/02/23 16:18:28.806, 0, 310.81, 100, 1410, 1215
2026/02/23 16:18:28.806, 1, 55.03, 0, 210, 1215
2026/02/23 16:18:28.806, 2, 57.28, 0, 210, 1215
2026/02/23 16:18:28.806, 3, 55.41, 0, 210, 1215
2026/02/23 16:18:28.857, 0, 307.23, 100, 1410, 1215
2026/02/23 16:18:28.857, 1, 55.03, 0, 210, 1215
2026/02/23 16:18:28.857, 2, 57.28, 0, 210, 1215
2026/02/23 16:18:28.857, 3, 55.41, 0, 210, 1215
2026/02/23 16:18:28.907, 0, 307.23, 100, 1410, 1215
2026/02/23 16:18:28.907, 1, 54.97, 0, 210, 1215
2026/02/23 16:18:28.907, 2, 57.28, 0, 210, 1215
2026/02/23 16:18:28.907, 3, 55.41, 0, 210, 1215
2026/02/23 16:18:28.958, 0, 306.96, 100, 1410, 1215
2026/02/23 16:18:28.958, 1, 54.97, 0, 210, 1215
2026/02/23 16:18:28.958, 2, 57.28, 0, 210, 1215
2026/02/23 16:18:28.958, 3, 55.41, 0, 210, 1215
2026/02/23 16:18:29.008, 0, 306.96, 100, 1410, 1215
2026/02/23 16:18:29.008, 1, 54.97, 0, 210, 1215
2026/02/23 16:18:29.008, 2, 57.34, 0, 210, 1215
2026/02/23 16:18:29.008, 3, 55.41, 0, 210, 1215
2026/02/23 16:18:29.058, 0, 310.47, 100, 1410, 1215
2026/02/23 16:18:29.059, 1, 54.97, 0, 210, 1215
2026/02/23 16:18:29.059, 2, 57.34, 0, 210, 1215
2026/02/23 16:18:29.059, 3, 55.41, 0, 210, 1215
2026/02/23 16:18:29.109, 0, 310.47, 100, 1410, 1215
2026/02/23 16:18:29.109, 1, 55.03, 0, 210, 1215
2026/02/23 16:18:29.109, 2, 57.28, 0, 210, 1215
2026/02/23 16:18:29.109, 3, 55.41, 0, 210, 1215
2026/02/23 16:18:29.159, 0, 311.08, 100, 1410, 1215
2026/02/23 16:18:29.159, 1, 55.03, 0, 210, 1215
2026/02/23 16:18:29.160, 2, 57.28, 0, 210, 1215
2026/02/23 16:18:29.160, 3, 55.41, 0, 210, 1215
2026/02/23 16:18:29.210, 0, 311.08, 100, 1410, 1215
2026/02/23 16:18:29.210, 1, 55.03, 0, 210, 1215
2026/02/23 16:18:29.210, 2, 57.28, 0, 210, 1215
2026/02/23 16:18:29.210, 3, 55.41, 0, 210, 1215
2026/02/23 16:18:29.260, 0, 311.08, 100, 1410, 1215
2026/02/23 16:18:29.260, 1, 55.03, 0, 210, 1215
2026/02/23 16:18:29.260, 2, 57.28, 0, 210, 1215
2026/02/23 16:18:29.261, 3, 55.41, 0, 210, 1215
2026/02/23 16:18:29.311, 0, 311.08, 100, 1410, 1215
2026/02/23 16:18:29.311, 1, 55.03, 0, 210, 1215
2026/02/23 16:18:29.311, 2, 57.28, 0, 210, 1215
2026/02/23 16:18:29.311, 3, 55.41, 0, 210, 1215
2026/02/23 16:18:29.361, 0, 311.08, 100, 1410, 1215
2026/02/23 16:18:29.361, 1, 55.03, 0, 210, 1215
2026/02/23 16:18:29.361, 2, 57.28, 0, 210, 1215
2026/02/23 16:18:29.361, 3, 55.41, 0, 210, 1215
2026/02/23 16:18:29.412, 0, 311.08, 100, 1410, 1215
2026/02/23 16:18:29.412, 1, 55.03, 0, 210, 1215
2026/02/23 16:18:29.412, 2, 57.28, 0, 210, 1215
2026/02/23 16:18:29.412, 3, 55.41, 0, 210, 1215
2026/02/23 16:18:29.462, 0, 310.81, 100, 1410, 1215
2026/02/23 16:18:29.462, 1, 55.03, 0, 210, 1215
2026/02/23 16:18:29.462, 2, 57.28, 0, 210, 1215
2026/02/23 16:18:29.462, 3, 55.41, 0, 210, 1215
2026/02/23 16:18:29.513, 0, 310.81, 100, 1410, 1215
2026/02/23 16:18:29.513, 1, 54.97, 0, 210, 1215
2026/02/23 16:18:29.513, 2, 57.28, 0, 210, 1215
2026/02/23 16:18:29.513, 3, 55.41, 0, 210, 1215
2026/02/23 16:18:29.563, 0, 310.76, 100, 1410, 1215
2026/02/23 16:18:29.563, 1, 54.97, 0, 210, 1215
2026/02/23 16:18:29.563, 2, 57.28, 0, 210, 1215
2026/02/23 16:18:29.563, 3, 55.41, 0, 210, 1215
2026/02/23 16:18:29.613, 0, 310.76, 100, 1410, 1215
2026/02/23 16:18:29.614, 1, 55.03, 0, 210, 1215
2026/02/23 16:18:29.614, 2, 57.28, 0, 210, 1215
2026/02/23 16:18:29.614, 3, 55.41, 0, 210, 1215
2026/02/23 16:18:29.664, 0, 311.08, 100, 1410, 1215
2026/02/23 16:18:29.664, 1, 55.03, 0, 210, 1215
2026/02/23 16:18:29.664, 2, 57.28, 0, 210, 1215
2026/02/23 16:18:29.664, 3, 55.41, 0, 210, 1215
2026/02/23 16:18:29.714, 0, 311.08, 100, 1410, 1215
2026/02/23 16:18:29.714, 1, 54.97, 0, 210, 1215
2026/02/23 16:18:29.715, 2, 57.28, 0, 210, 1215
2026/02/23 16:18:29.715, 3, 55.41, 0, 210, 1215
2026/02/23 16:18:29.765, 0, 310.47, 100, 1410, 1215
2026/02/23 16:18:29.765, 1, 55.03, 0, 210, 1215
2026/02/23 16:18:29.765, 2, 57.28, 0, 210, 1215
2026/02/23 16:18:29.765, 3, 55.41, 0, 210, 1215
2026/02/23 16:18:29.815, 0, 310.47, 100, 1410, 1215
2026/02/23 16:18:29.815, 1, 55.03, 0, 210, 1215
2026/02/23 16:18:29.815, 2, 57.28, 0, 210, 1215
2026/02/23 16:18:29.816, 3, 55.41, 0, 210, 1215
2026/02/23 16:18:29.866, 0, 306.65, 100, 1410, 1215
2026/02/23 16:18:29.866, 1, 54.97, 0, 210, 1215
2026/02/23 16:18:29.866, 2, 57.28, 0, 210, 1215
2026/02/23 16:18:29.866, 3, 55.41, 0, 210, 1215
2026/02/23 16:18:29.916, 0, 306.65, 100, 1410, 1215
2026/02/23 16:18:29.916, 1, 54.97, 0, 210, 1215
2026/02/23 16:18:29.916, 2, 57.28, 0, 210, 1215
2026/02/23 16:18:29.916, 3, 55.35, 0, 210, 1215
2026/02/23 16:18:29.967, 0, 310.15, 100, 1410, 1215
2026/02/23 16:18:29.967, 1, 54.97, 0, 210, 1215
2026/02/23 16:18:29.967, 2, 57.28, 0, 210, 1215
2026/02/23 16:18:29.967, 3, 55.35, 0, 210, 1215
2026/02/23 16:18:30.017, 0, 310.15, 100, 1410, 1215
2026/02/23 16:18:30.017, 1, 54.97, 0, 210, 1215
2026/02/23 16:18:30.017, 2, 57.28, 0, 210, 1215
2026/02/23 16:18:30.017, 3, 55.41, 0, 210, 1215
2026/02/23 16:18:30.067, 0, 310.49, 100, 1410, 1215
2026/02/23 16:18:30.068, 1, 54.97, 0, 210, 1215
2026/02/23 16:18:30.068, 2, 57.28, 0, 210, 1215
2026/02/23 16:18:30.068, 3, 55.41, 0, 210, 1215
2026/02/23 16:18:30.118, 0, 310.49, 100, 1410, 1215
2026/02/23 16:18:30.118, 1, 54.97, 0, 210, 1215
2026/02/23 16:18:30.118, 2, 57.28, 0, 210, 1215
2026/02/23 16:18:30.118, 3, 55.41, 0, 210, 1215
2026/02/23 16:18:30.168, 0, 310.81, 100, 1410, 1215
2026/02/23 16:18:30.169, 1, 54.97, 0, 210, 1215
2026/02/23 16:18:30.169, 2, 57.28, 0, 210, 1215
2026/02/23 16:18:30.169, 3, 55.41, 0, 210, 1215
2026/02/23 16:18:30.219, 0, 310.81, 100, 1410, 1215
2026/02/23 16:18:30.219, 1, 54.97, 0, 210, 1215
2026/02/23 16:18:30.219, 2, 57.28, 0, 210, 1215
2026/02/23 16:18:30.219, 3, 55.41, 0, 210, 1215
2026/02/23 16:18:30.269, 0, 310.81, 100, 1410, 1215
2026/02/23 16:18:30.269, 1, 55.03, 0, 210, 1215
2026/02/23 16:18:30.269, 2, 57.28, 0, 210, 1215
2026/02/23 16:18:30.270, 3, 55.41, 0, 210, 1215
2026/02/23 16:18:30.320, 0, 310.81, 100, 1410, 1215
2026/02/23 16:18:30.320, 1, 55.03, 0, 210, 1215
2026/02/23 16:18:30.320, 2, 57.28, 0, 210, 1215
2026/02/23 16:18:30.320, 3, 55.41, 0, 210, 1215
2026/02/23 16:18:30.370, 0, 310.15, 100, 1410, 1215
2026/02/23 16:18:30.370, 1, 54.97, 0, 210, 1215
2026/02/23 16:18:30.370, 2, 57.28, 0, 210, 1215
2026/02/23 16:18:30.370, 3, 55.41, 0, 210, 1215
2026/02/23 16:18:30.421, 0, 310.15, 100, 1410, 1215
2026/02/23 16:18:30.421, 1, 54.97, 0, 210, 1215
2026/02/23 16:18:30.421, 2, 57.28, 0, 210, 1215
2026/02/23 16:18:30.421, 3, 55.35, 0, 210, 1215
2026/02/23 16:18:30.471, 0, 310.47, 100, 1410, 1215
2026/02/23 16:18:30.471, 1, 54.97, 0, 210, 1215
2026/02/23 16:18:30.471, 2, 57.28, 0, 210, 1215
2026/02/23 16:18:30.471, 3, 55.35, 0, 210, 1215
2026/02/23 16:18:30.522, 0, 310.47, 100, 1410, 1215
2026/02/23 16:18:30.522, 1, 54.97, 0, 210, 1215
2026/02/23 16:18:30.522, 2, 57.28, 0, 210, 1215
2026/02/23 16:18:30.522, 3, 55.41, 0, 210, 1215
2026/02/23 16:18:30.572, 0, 310.47, 100, 1410, 1215
2026/02/23 16:18:30.572, 1, 55.03, 0, 210, 1215
2026/02/23 16:18:30.572, 2, 57.28, 0, 210, 1215
2026/02/23 16:18:30.572, 3, 55.41, 0, 210, 1215
2026/02/23 16:18:30.622, 0, 310.47, 100, 1410, 1215
2026/02/23 16:18:30.623, 1, 55.03, 0, 210, 1215
2026/02/23 16:18:30.623, 2, 57.28, 0, 210, 1215
2026/02/23 16:18:30.623, 3, 55.41, 0, 210, 1215
2026/02/23 16:18:30.673, 0, 310.81, 100, 1410, 1215
2026/02/23 16:18:30.673, 1, 55.03, 0, 210, 1215
2026/02/23 16:18:30.673, 2, 57.28, 0, 210, 1215
2026/02/23 16:18:30.673, 3, 55.41, 0, 210, 1215
2026/02/23 16:18:30.723, 0, 310.81, 100, 1410, 1215
2026/02/23 16:18:30.723, 1, 55.03, 0, 210, 1215
2026/02/23 16:18:30.724, 2, 57.28, 0, 210, 1215
2026/02/23 16:18:30.724, 3, 55.41, 0, 210, 1215
2026/02/23 16:18:30.774, 0, 310.47, 100, 1410, 1215
2026/02/23 16:18:30.774, 1, 54.97, 0, 210, 1215
2026/02/23 16:18:30.774, 2, 57.28, 0, 210, 1215
2026/02/23 16:18:30.774, 3, 55.41, 0, 210, 1215
2026/02/23 16:18:30.824, 0, 310.47, 100, 1410, 1215
2026/02/23 16:18:30.824, 1, 54.97, 0, 210, 1215
2026/02/23 16:18:30.824, 2, 57.28, 0, 210, 1215
2026/02/23 16:18:30.825, 3, 55.41, 0, 210, 1215
2026/02/23 16:18:30.875, 0, 310.81, 100, 1410, 1215
2026/02/23 16:18:30.875, 1, 55.03, 0, 210, 1215
2026/02/23 16:18:30.875, 2, 57.28, 0, 210, 1215
2026/02/23 16:18:30.875, 3, 55.41, 0, 210, 1215
2026/02/23 16:18:30.925, 0, 310.81, 100, 1410, 1215
2026/02/23 16:18:30.925, 1, 55.03, 0, 210, 1215
2026/02/23 16:18:30.925, 2, 57.28, 0, 210, 1215
2026/02/23 16:18:30.925, 3, 55.41, 0, 210, 1215
2026/02/23 16:18:30.976, 0, 310.47, 100, 1410, 1215
2026/02/23 16:18:30.976, 1, 54.97, 0, 210, 1215
2026/02/23 16:18:30.976, 2, 57.28, 0, 210, 1215
2026/02/23 16:18:30.976, 3, 55.41, 0, 210, 1215
2026/02/23 16:18:31.026, 0, 310.47, 100, 1410, 1215
2026/02/23 16:18:31.026, 1, 54.97, 0, 210, 1215
2026/02/23 16:18:31.026, 2, 57.28, 0, 210, 1215
2026/02/23 16:18:31.026, 3, 55.41, 0, 210, 1215
2026/02/23 16:18:31.077, 0, 310.49, 100, 1410, 1215
2026/02/23 16:18:31.077, 1, 54.97, 0, 210, 1215
2026/02/23 16:18:31.077, 2, 57.28, 0, 210, 1215
2026/02/23 16:18:31.077, 3, 55.41, 0, 210, 1215
2026/02/23 16:18:31.127, 0, 310.49, 100, 1410, 1215
2026/02/23 16:18:31.127, 1, 54.97, 0, 210, 1215
2026/02/23 16:18:31.127, 2, 57.28, 0, 210, 1215
2026/02/23 16:18:31.127, 3, 55.41, 0, 210, 1215
2026/02/23 16:18:31.177, 0, 310.47, 100, 1410, 1215
2026/02/23 16:18:31.178, 1, 55.03, 0, 210, 1215
2026/02/23 16:18:31.178, 2, 57.28, 0, 210, 1215
2026/02/23 16:18:31.178, 3, 55.41, 0, 210, 1215
2026/02/23 16:18:31.228, 0, 310.47, 100, 1410, 1215
2026/02/23 16:18:31.228, 1, 55.03, 0, 210, 1215
2026/02/23 16:18:31.228, 2, 57.28, 0, 210, 1215
2026/02/23 16:18:31.228, 3, 55.41, 0, 210, 1215
2026/02/23 16:18:31.278, 0, 310.81, 100, 1410, 1215
2026/02/23 16:18:31.278, 1, 54.97, 0, 210, 1215
2026/02/23 16:18:31.279, 2, 57.28, 0, 210, 1215
2026/02/23 16:18:31.279, 3, 55.41, 0, 210, 1215
2026/02/23 16:18:31.329, 0, 310.81, 100, 1410, 1215
2026/02/23 16:18:31.329, 1, 54.97, 0, 210, 1215
2026/02/23 16:18:31.329, 2, 57.28, 0, 210, 1215
2026/02/23 16:18:31.329, 3, 55.41, 0, 210, 1215
2026/02/23 16:18:31.379, 0, 311.08, 100, 1410, 1215
2026/02/23 16:18:31.379, 1, 55.03, 0, 210, 1215
2026/02/23 16:18:31.379, 2, 57.28, 0, 210, 1215
2026/02/23 16:18:31.379, 3, 55.41, 0, 210, 1215
2026/02/23 16:18:31.430, 0, 311.08, 100, 1410, 1215
2026/02/23 16:18:31.430, 1, 55.03, 0, 210, 1215
2026/02/23 16:18:31.430, 2, 57.28, 0, 210, 1215
2026/02/23 16:18:31.430, 3, 55.35, 0, 210, 1215
2026/02/23 16:18:31.480, 0, 311.03, 100, 1410, 1215
2026/02/23 16:18:31.480, 1, 54.97, 0, 210, 1215
2026/02/23 16:18:31.480, 2, 57.28, 0, 210, 1215
2026/02/23 16:18:31.480, 3, 55.35, 0, 210, 1215
2026/02/23 16:18:31.531, 0, 311.03, 100, 1410, 1215
2026/02/23 16:18:31.531, 1, 54.97, 0, 210, 1215
2026/02/23 16:18:31.531, 2, 57.28, 0, 210, 1215
2026/02/23 16:18:31.531, 3, 55.35, 0, 210, 1215
2026/02/23 16:18:31.581, 0, 311.95, 100, 1410, 1215
2026/02/23 16:18:31.581, 1, 55.03, 0, 210, 1215
2026/02/23 16:18:31.581, 2, 57.28, 0, 210, 1215
2026/02/23 16:18:31.581, 3, 55.35, 0, 210, 1215
2026/02/23 16:18:31.631, 0, 311.95, 100, 1410, 1215
2026/02/23 16:18:31.632, 1, 55.03, 0, 210, 1215
2026/02/23 16:18:31.632, 2, 57.28, 0, 210, 1215
2026/02/23 16:18:31.632, 3, 55.41, 0, 210, 1215
2026/02/23 16:18:31.682, 0, 311.68, 100, 1410, 1215
2026/02/23 16:18:31.682, 1, 55.03, 0, 210, 1215
2026/02/23 16:18:31.682, 2, 57.28, 0, 210, 1215
2026/02/23 16:18:31.682, 3, 55.41, 0, 210, 1215
2026/02/23 16:18:31.732, 0, 311.68, 100, 1410, 1215
2026/02/23 16:18:31.732, 1, 55.03, 0, 210, 1215
2026/02/23 16:18:31.733, 2, 57.28, 0, 210, 1215
2026/02/23 16:18:31.733, 3, 55.41, 0, 210, 1215
2026/02/23 16:18:31.783, 0, 311.95, 100, 1410, 1215
2026/02/23 16:18:31.783, 1, 55.03, 0, 210, 1215
2026/02/23 16:18:31.783, 2, 57.28, 0, 210, 1215
2026/02/23 16:18:31.783, 3, 55.41, 0, 210, 1215
2026/02/23 16:18:31.833, 0, 311.95, 100, 1410, 1215
2026/02/23 16:18:31.833, 1, 55.03, 0, 210, 1215
2026/02/23 16:18:31.833, 2, 57.28, 0, 210, 1215
2026/02/23 16:18:31.834, 3, 55.41, 0, 210, 1215
2026/02/23 16:18:31.884, 0, 311.68, 100, 1410, 1215
2026/02/23 16:18:31.884, 1, 55.03, 0, 210, 1215
2026/02/23 16:18:31.884, 2, 57.28, 0, 210, 1215
2026/02/23 16:18:31.884, 3, 55.41, 0, 210, 1215
2026/02/23 16:18:31.934, 0, 311.68, 100, 1410, 1215
2026/02/23 16:18:31.934, 1, 55.03, 0, 210, 1215
2026/02/23 16:18:31.934, 2, 57.28, 0, 210, 1215
2026/02/23 16:18:31.934, 3, 55.41, 0, 210, 1215
2026/02/23 16:18:31.985, 0, 311.68, 100, 1410, 1215
2026/02/23 16:18:31.985, 1, 54.97, 0, 210, 1215
2026/02/23 16:18:31.985, 2, 57.28, 0, 210, 1215
2026/02/23 16:18:31.985, 3, 55.41, 0, 210, 1215
2026/02/23 16:18:32.035, 0, 311.68, 100, 1410, 1215
2026/02/23 16:18:32.035, 1, 54.97, 0, 210, 1215
2026/02/23 16:18:32.035, 2, 57.28, 0, 210, 1215
2026/02/23 16:18:32.035, 3, 55.41, 0, 210, 1215
2026/02/23 16:18:32.086, 0, 311.68, 100, 1410, 1215
2026/02/23 16:18:32.086, 1, 55.03, 0, 210, 1215
2026/02/23 16:18:32.086, 2, 57.28, 0, 210, 1215
2026/02/23 16:18:32.086, 3, 55.41, 0, 210, 1215
2026/02/23 16:18:32.136, 0, 311.95, 100, 1410, 1215
2026/02/23 16:18:32.136, 1, 55.03, 0, 210, 1215
2026/02/23 16:18:32.136, 2, 57.28, 0, 210, 1215
2026/02/23 16:18:32.136, 3, 55.41, 0, 210, 1215
2026/02/23 16:18:32.186, 0, 311.95, 100, 1410, 1215
2026/02/23 16:18:32.187, 1, 54.97, 0, 210, 1215
2026/02/23 16:18:32.187, 2, 57.28, 0, 210, 1215
2026/02/23 16:18:32.187, 3, 55.41, 0, 210, 1215
2026/02/23 16:18:32.237, 0, 311.68, 100, 1410, 1215
2026/02/23 16:18:32.237, 1, 54.97, 0, 210, 1215
2026/02/23 16:18:32.237, 2, 57.28, 0, 210, 1215
2026/02/23 16:18:32.237, 3, 55.41, 0, 210, 1215
2026/02/23 16:18:32.287, 0, 311.68, 100, 1410, 1215
2026/02/23 16:18:32.287, 1, 54.97, 0, 210, 1215
2026/02/23 16:18:32.288, 2, 57.28, 0, 210, 1215
2026/02/23 16:18:32.288, 3, 55.41, 0, 210, 1215
2026/02/23 16:18:32.338, 0, 311.35, 100, 1410, 1215
2026/02/23 16:18:32.338, 1, 54.97, 0, 210, 1215
2026/02/23 16:18:32.338, 2, 57.28, 0, 210, 1215
2026/02/23 16:18:32.338, 3, 55.41, 0, 210, 1215
2026/02/23 16:18:32.388, 0, 311.35, 100, 1410, 1215
2026/02/23 16:18:32.388, 1, 55.03, 0, 210, 1215
2026/02/23 16:18:32.388, 2, 57.28, 0, 210, 1215
2026/02/23 16:18:32.388, 3, 55.41, 0, 210, 1215
2026/02/23 16:18:32.439, 0, 311.68, 100, 1410, 1215
2026/02/23 16:18:32.439, 1, 55.03, 0, 210, 1215
2026/02/23 16:18:32.439, 2, 57.28, 0, 210, 1215
2026/02/23 16:18:32.439, 3, 55.41, 0, 210, 1215
2026/02/23 16:18:32.489, 0, 311.68, 100, 1410, 1215
2026/02/23 16:18:32.489, 1, 55.03, 0, 210, 1215
2026/02/23 16:18:32.489, 2, 57.28, 0, 210, 1215
2026/02/23 16:18:32.489, 3, 55.41, 0, 210, 1215
2026/02/23 16:18:32.540, 0, 311.68, 100, 1410, 1215
2026/02/23 16:18:32.540, 1, 55.03, 0, 210, 1215
2026/02/23 16:18:32.540, 2, 57.28, 0, 210, 1215
2026/02/23 16:18:32.540, 3, 55.41, 0, 210, 1215
2026/02/23 16:18:32.590, 0, 311.68, 100, 1410, 1215
2026/02/23 16:18:32.590, 1, 54.97, 0, 210, 1215
2026/02/23 16:18:32.590, 2, 57.28, 0, 210, 1215
2026/02/23 16:18:32.590, 3, 55.41, 0, 210, 1215
2026/02/23 16:18:32.640, 0, 311.36, 100, 1410, 1215
2026/02/23 16:18:32.641, 1, 54.97, 0, 210, 1215
2026/02/23 16:18:32.641, 2, 57.28, 0, 210, 1215
2026/02/23 16:18:32.641, 3, 55.41, 0, 210, 1215
2026/02/23 16:18:32.691, 0, 311.36, 100, 1410, 1215
2026/02/23 16:18:32.691, 1, 54.97, 0, 210, 1215
2026/02/23 16:18:32.691, 2, 57.28, 0, 210, 1215
2026/02/23 16:18:32.691, 3, 55.35, 0, 210, 1215
2026/02/23 16:18:32.741, 0, 311.35, 100, 1410, 1215
2026/02/23 16:18:32.741, 1, 54.97, 0, 210, 1215
2026/02/23 16:18:32.742, 2, 57.28, 0, 210, 1215
2026/02/23 16:18:32.742, 3, 55.35, 0, 210, 1215
2026/02/23 16:18:32.792, 0, 311.35, 100, 1410, 1215
2026/02/23 16:18:32.792, 1, 54.97, 0, 210, 1215
2026/02/23 16:18:32.792, 2, 57.28, 0, 210, 1215
2026/02/23 16:18:32.792, 3, 55.41, 0, 210, 1215
2026/02/23 16:18:32.842, 0, 311.35, 100, 1410, 1215
2026/02/23 16:18:32.842, 1, 54.97, 0, 210, 1215
2026/02/23 16:18:32.842, 2, 57.28, 0, 210, 1215
2026/02/23 16:18:32.843, 3, 55.41, 0, 210, 1215
2026/02/23 16:18:32.893, 0, 311.35, 100, 1410, 1215
2026/02/23 16:18:32.893, 1, 54.97, 0, 210, 1215
2026/02/23 16:18:32.893, 2, 57.28, 0, 210, 1215
2026/02/23 16:18:32.893, 3, 55.41, 0, 210, 1215
2026/02/23 16:18:32.943, 0, 311.68, 100, 1410, 1215
2026/02/23 16:18:32.943, 1, 54.97, 0, 210, 1215
2026/02/23 16:18:32.943, 2, 57.28, 0, 210, 1215
2026/02/23 16:18:32.943, 3, 55.41, 0, 210, 1215
2026/02/23 16:18:32.994, 0, 311.68, 100, 1410, 1215
2026/02/23 16:18:32.994, 1, 54.97, 0, 210, 1215
2026/02/23 16:18:32.994, 2, 57.28, 0, 210, 1215
2026/02/23 16:18:32.994, 3, 55.41, 0, 210, 1215
2026/02/23 16:18:33.044, 0, 311.08, 100, 1410, 1215
2026/02/23 16:18:33.044, 1, 54.97, 0, 210, 1215
2026/02/23 16:18:33.044, 2, 57.28, 0, 210, 1215
2026/02/23 16:18:33.044, 3, 55.41, 0, 210, 1215
2026/02/23 16:18:33.095, 0, 311.08, 100, 1410, 1215
2026/02/23 16:18:33.095, 1, 55.03, 0, 210, 1215
2026/02/23 16:18:33.095, 2, 57.28, 0, 210, 1215
2026/02/23 16:18:33.095, 3, 55.41, 0, 210, 1215
2026/02/23 16:18:33.145, 0, 311.35, 100, 1410, 1215
2026/02/23 16:18:33.145, 1, 55.03, 0, 210, 1215
2026/02/23 16:18:33.145, 2, 57.28, 0, 210, 1215
2026/02/23 16:18:33.145, 3, 55.41, 0, 210, 1215
2026/02/23 16:18:33.195, 0, 311.35, 100, 1410, 1215
2026/02/23 16:18:33.197, 1, 55.03, 0, 210, 1215
2026/02/23 16:18:33.197, 2, 57.28, 0, 210, 1215
2026/02/23 16:18:33.197, 3, 55.41, 0, 210, 1215
2026/02/23 16:18:33.247, 0, 311.08, 100, 1410, 1215
2026/02/23 16:18:33.247, 1, 55.03, 0, 210, 1215
2026/02/23 16:18:33.247, 2, 57.28, 0, 210, 1215
2026/02/23 16:18:33.247, 3, 55.41, 0, 210, 1215
2026/02/23 16:18:33.297, 0, 311.08, 100, 1410, 1215
2026/02/23 16:18:33.297, 1, 54.97, 0, 210, 1215
2026/02/23 16:18:33.297, 2, 57.34, 0, 210, 1215
2026/02/23 16:18:33.297, 3, 55.41, 0, 210, 1215
2026/02/23 16:18:33.348, 0, 311.08, 100, 1410, 1215
2026/02/23 16:18:33.348, 1, 54.97, 0, 210, 1215
2026/02/23 16:18:33.348, 2, 57.34, 0, 210, 1215
2026/02/23 16:18:33.348, 3, 55.41, 0, 210, 1215
2026/02/23 16:18:33.398, 0, 311.08, 100, 1410, 1215
2026/02/23 16:18:33.398, 1, 54.97, 0, 210, 1215
2026/02/23 16:18:33.398, 2, 57.28, 0, 210, 1215
2026/02/23 16:18:33.398, 3, 55.35, 0, 210, 1215
2026/02/23 16:18:33.449, 0, 311.35, 100, 1410, 1215
2026/02/23 16:18:33.449, 1, 54.97, 0, 210, 1215
2026/02/23 16:18:33.449, 2, 57.28, 0, 210, 1215
2026/02/23 16:18:33.449, 3, 55.35, 0, 210, 1215
2026/02/23 16:18:33.499, 0, 311.35, 100, 1410, 1215
2026/02/23 16:18:33.499, 1, 55.03, 0, 210, 1215
2026/02/23 16:18:33.499, 2, 57.28, 0, 210, 1215
2026/02/23 16:18:33.499, 3, 55.41, 0, 210, 1215
2026/02/23 16:18:33.549, 0, 311.35, 100, 1410, 1215
2026/02/23 16:18:33.550, 1, 55.03, 0, 210, 1215
2026/02/23 16:18:33.550, 2, 57.28, 0, 210, 1215
2026/02/23 16:18:33.550, 3, 55.41, 0, 210, 1215
2026/02/23 16:18:33.600, 0, 311.35, 100, 1410, 1215
2026/02/23 16:18:33.600, 1, 54.97, 0, 210, 1215
2026/02/23 16:18:33.600, 2, 57.28, 0, 210, 1215
2026/02/23 16:18:33.600, 3, 55.41, 0, 210, 1215
2026/02/23 16:18:33.650, 0, 311.35, 100, 1410, 1215
2026/02/23 16:18:33.650, 1, 54.97, 0, 210, 1215
2026/02/23 16:18:33.651, 2, 57.28, 0, 210, 1215
2026/02/23 16:18:33.651, 3, 55.41, 0, 210, 1215
2026/02/23 16:18:33.701, 0, 311.35, 100, 1410, 1215
2026/02/23 16:18:33.701, 1, 55.03, 0, 210, 1215
2026/02/23 16:18:33.701, 2, 57.34, 0, 210, 1215
2026/02/23 16:18:33.701, 3, 55.41, 0, 210, 1215
2026/02/23 16:18:33.751, 0, 311.35, 100, 1410, 1215
2026/02/23 16:18:33.751, 1, 55.03, 0, 210, 1215
2026/02/23 16:18:33.751, 2, 57.34, 0, 210, 1215
2026/02/23 16:18:33.752, 3, 55.41, 0, 210, 1215
2026/02/23 16:18:33.802, 0, 311.35, 100, 1410, 1215
2026/02/23 16:18:33.802, 1, 54.97, 0, 210, 1215
2026/02/23 16:18:33.802, 2, 57.28, 0, 210, 1215
2026/02/23 16:18:33.802, 3, 55.41, 0, 210, 1215
2026/02/23 16:18:33.852, 0, 310.76, 100, 1410, 1215
2026/02/23 16:18:33.852, 1, 54.97, 0, 210, 1215
2026/02/23 16:18:33.852, 2, 57.28, 0, 210, 1215
2026/02/23 16:18:33.852, 3, 55.41, 0, 210, 1215
2026/02/23 16:18:33.903, 0, 310.76, 100, 1410, 1215
2026/02/23 16:18:33.903, 1, 54.97, 0, 210, 1215
2026/02/23 16:18:33.903, 2, 57.28, 0, 210, 1215
2026/02/23 16:18:33.903, 3, 55.41, 0, 210, 1215
2026/02/23 16:18:33.953, 0, 311.68, 100, 1410, 1215
2026/02/23 16:18:33.953, 1, 54.97, 0, 210, 1215
2026/02/23 16:18:33.953, 2, 57.28, 0, 210, 1215
2026/02/23 16:18:33.953, 3, 55.41, 0, 210, 1215
2026/02/23 16:18:34.004, 0, 311.68, 100, 1410, 1215
2026/02/23 16:18:34.004, 1, 54.97, 0, 210, 1215
2026/02/23 16:18:34.004, 2, 57.28, 0, 210, 1215
2026/02/23 16:18:34.004, 3, 55.41, 0, 210, 1215
2026/02/23 16:18:34.054, 0, 310.81, 100, 1410, 1215
2026/02/23 16:18:34.054, 1, 54.97, 0, 210, 1215
2026/02/23 16:18:34.054, 2, 57.28, 0, 210, 1215
2026/02/23 16:18:34.054, 3, 55.41, 0, 210, 1215
2026/02/23 16:18:34.104, 0, 310.81, 100, 1410, 1215
2026/02/23 16:18:34.105, 1, 54.97, 0, 210, 1215
2026/02/23 16:18:34.105, 2, 57.28, 0, 210, 1215
2026/02/23 16:18:34.105, 3, 55.41, 0, 210, 1215
2026/02/23 16:18:34.155, 0, 311.35, 100, 1410, 1215
2026/02/23 16:18:34.155, 1, 54.97, 0, 210, 1215
2026/02/23 16:18:34.155, 2, 57.28, 0, 210, 1215
2026/02/23 16:18:34.155, 3, 55.41, 0, 210, 1215
2026/02/23 16:18:34.205, 0, 311.35, 100, 1410, 1215
2026/02/23 16:18:34.205, 1, 55.03, 0, 210, 1215
2026/02/23 16:18:34.206, 2, 57.28, 0, 210, 1215
2026/02/23 16:18:34.206, 3, 55.41, 0, 210, 1215
2026/02/23 16:18:34.256, 0, 311.08, 100, 1410, 1215
2026/02/23 16:18:34.256, 1, 55.03, 0, 210, 1215
2026/02/23 16:18:34.256, 2, 57.28, 0, 210, 1215
2026/02/23 16:18:34.256, 3, 55.41, 0, 210, 1215
2026/02/23 16:18:34.306, 0, 311.08, 100, 1410, 1215
2026/02/23 16:18:34.306, 1, 54.97, 0, 210, 1215
2026/02/23 16:18:34.306, 2, 57.28, 0, 210, 1215
2026/02/23 16:18:34.307, 3, 55.41, 0, 210, 1215
2026/02/23 16:18:34.357, 0, 310.81, 100, 1410, 1215
2026/02/23 16:18:34.357, 1, 54.97, 0, 210, 1215
2026/02/23 16:18:34.357, 2, 57.28, 0, 210, 1215
2026/02/23 16:18:34.357, 3, 55.41, 0, 210, 1215
2026/02/23 16:18:34.407, 0, 310.81, 100, 1410, 1215
2026/02/23 16:18:34.407, 1, 55.03, 0, 210, 1215
2026/02/23 16:18:34.407, 2, 57.28, 0, 210, 1215
2026/02/23 16:18:34.407, 3, 55.41, 0, 210, 1215
2026/02/23 16:18:34.458, 0, 310.81, 100, 1410, 1215
2026/02/23 16:18:34.458, 1, 55.03, 0, 210, 1215
2026/02/23 16:18:34.458, 2, 57.28, 0, 210, 1215
2026/02/23 16:18:34.458, 3, 55.41, 0, 210, 1215
2026/02/23 16:18:34.508, 0, 310.81, 100, 1410, 1215
2026/02/23 16:18:34.508, 1, 54.97, 0, 210, 1215
2026/02/23 16:18:34.508, 2, 57.28, 0, 210, 1215
2026/02/23 16:18:34.508, 3, 55.41, 0, 210, 1215
2026/02/23 16:18:34.559, 0, 310.81, 100, 1410, 1215
2026/02/23 16:18:34.559, 1, 54.97, 0, 210, 1215
2026/02/23 16:18:34.559, 2, 57.28, 0, 210, 1215
2026/02/23 16:18:34.559, 3, 55.41, 0, 210, 1215
2026/02/23 16:18:34.609, 0, 310.81, 100, 1410, 1215
2026/02/23 16:18:34.609, 1, 55.03, 0, 210, 1215
2026/02/23 16:18:34.609, 2, 57.28, 0, 210, 1215
2026/02/23 16:18:34.609, 3, 55.41, 0, 210, 1215
2026/02/23 16:18:34.659, 0, 306.63, 100, 1410, 1215
2026/02/23 16:18:34.660, 1, 55.03, 0, 210, 1215
2026/02/23 16:18:34.660, 2, 57.28, 0, 210, 1215
2026/02/23 16:18:34.660, 3, 55.41, 0, 210, 1215
2026/02/23 16:18:34.710, 0, 306.63, 100, 1410, 1215
2026/02/23 16:18:34.710, 1, 55.03, 0, 210, 1215
2026/02/23 16:18:34.710, 2, 57.34, 0, 210, 1215
2026/02/23 16:18:34.710, 3, 55.41, 0, 210, 1215
2026/02/23 16:18:34.760, 0, 306.96, 100, 1410, 1215
2026/02/23 16:18:34.760, 1, 55.03, 0, 210, 1215
2026/02/23 16:18:34.761, 2, 57.34, 0, 210, 1215
2026/02/23 16:18:34.761, 3, 55.41, 0, 210, 1215
2026/02/23 16:18:34.811, 0, 306.96, 100, 1410, 1215
2026/02/23 16:18:34.811, 1, 55.03, 0, 210, 1215
2026/02/23 16:18:34.811, 2, 57.28, 0, 210, 1215
2026/02/23 16:18:34.811, 3, 55.41, 0, 210, 1215
2026/02/23 16:18:34.861, 0, 310.47, 100, 1410, 1215
2026/02/23 16:18:34.861, 1, 55.03, 0, 210, 1215
2026/02/23 16:18:34.861, 2, 57.28, 0, 210, 1215
2026/02/23 16:18:34.862, 3, 55.41, 0, 210, 1215
2026/02/23 16:18:34.912, 0, 310.47, 100, 1410, 1215
2026/02/23 16:18:34.912, 1, 55.03, 0, 210, 1215
2026/02/23 16:18:34.912, 2, 57.28, 0, 210, 1215
2026/02/23 16:18:34.912, 3, 55.41, 0, 210, 1215
2026/02/23 16:18:34.962, 0, 311.35, 100, 1410, 1215
2026/02/23 16:18:34.962, 1, 55.03, 0, 210, 1215
2026/02/23 16:18:34.962, 2, 57.28, 0, 210, 1215
2026/02/23 16:18:34.962, 3, 55.41, 0, 210, 1215
2026/02/23 16:18:35.013, 0, 311.35, 100, 1410, 1215
2026/02/23 16:18:35.013, 1, 54.97, 0, 210, 1215
2026/02/23 16:18:35.013, 2, 57.28, 0, 210, 1215
2026/02/23 16:18:35.013, 3, 55.41, 0, 210, 1215
2026/02/23 16:18:35.063, 0, 311.35, 100, 1410, 1215
2026/02/23 16:18:35.063, 1, 54.97, 0, 210, 1215
2026/02/23 16:18:35.063, 2, 57.28, 0, 210, 1215
2026/02/23 16:18:35.063, 3, 55.41, 0, 210, 1215
2026/02/23 16:18:35.113, 0, 311.35, 100, 1410, 1215
2026/02/23 16:18:35.114, 1, 54.97, 0, 210, 1215
2026/02/23 16:18:35.114, 2, 57.34, 0, 210, 1215
2026/02/23 16:18:35.114, 3, 55.41, 0, 210, 1215
2026/02/23 16:18:35.164, 0, 311.08, 100, 1410, 1215
2026/02/23 16:18:35.164, 1, 54.97, 0, 210, 1215
2026/02/23 16:18:35.164, 2, 57.34, 0, 210, 1215
2026/02/23 16:18:35.164, 3, 55.41, 0, 210, 1215
2026/02/23 16:18:35.214, 0, 311.08, 100, 1410, 1215
2026/02/23 16:18:35.215, 1, 54.97, 0, 210, 1215
2026/02/23 16:18:35.215, 2, 57.28, 0, 210, 1215
2026/02/23 16:18:35.215, 3, 55.41, 0, 210, 1215
2026/02/23 16:18:35.265, 0, 310.81, 100, 1410, 1215
2026/02/23 16:18:35.265, 1, 55.03, 0, 210, 1215
2026/02/23 16:18:35.265, 2, 57.28, 0, 210, 1215
2026/02/23 16:18:35.265, 3, 55.41, 0, 210, 1215
2026/02/23 16:18:35.315, 0, 310.81, 100, 1410, 1215
2026/02/23 16:18:35.315, 1, 55.03, 0, 210, 1215
2026/02/23 16:18:35.316, 2, 57.28, 0, 210, 1215
2026/02/23 16:18:35.316, 3, 55.41, 0, 210, 1215
2026/02/23 16:18:35.366, 0, 311.35, 100, 1410, 1215
2026/02/23 16:18:35.366, 1, 55.03, 0, 210, 1215
2026/02/23 16:18:35.366, 2, 57.28, 0, 210, 1215
2026/02/23 16:18:35.366, 3, 55.41, 0, 210, 1215
2026/02/23 16:18:35.416, 0, 311.35, 100, 1410, 1215
2026/02/23 16:18:35.416, 1, 55.03, 0, 210, 1215
2026/02/23 16:18:35.416, 2, 57.28, 0, 210, 1215
2026/02/23 16:18:35.417, 3, 55.35, 0, 210, 1215
2026/02/23 16:18:35.467, 0, 311.35, 100, 1410, 1215
2026/02/23 16:18:35.467, 1, 54.97, 0, 210, 1215
2026/02/23 16:18:35.467, 2, 57.28, 0, 210, 1215
2026/02/23 16:18:35.467, 3, 55.35, 0, 210, 1215
2026/02/23 16:18:35.517, 0, 311.35, 100, 1410, 1215
2026/02/23 16:18:35.517, 1, 54.97, 0, 210, 1215
2026/02/23 16:18:35.517, 2, 57.28, 0, 210, 1215
2026/02/23 16:18:35.517, 3, 55.35, 0, 210, 1215
2026/02/23 16:18:35.568, 0, 311.63, 100, 1410, 1215
2026/02/23 16:18:35.568, 1, 54.97, 0, 210, 1215
2026/02/23 16:18:35.568, 2, 57.28, 0, 210, 1215
2026/02/23 16:18:35.568, 3, 55.35, 0, 210, 1215
2026/02/23 16:18:35.618, 0, 311.63, 100, 1410, 1215
2026/02/23 16:18:35.618, 1, 54.97, 0, 210, 1215
2026/02/23 16:18:35.618, 2, 57.28, 0, 210, 1215
2026/02/23 16:18:35.618, 3, 55.41, 0, 210, 1215
2026/02/23 16:18:35.668, 0, 311.35, 100, 1410, 1215
2026/02/23 16:18:35.669, 1, 54.97, 0, 210, 1215
2026/02/23 16:18:35.669, 2, 57.28, 0, 210, 1215
2026/02/23 16:18:35.669, 3, 55.41, 0, 210, 1215
2026/02/23 16:18:35.719, 0, 311.35, 100, 1410, 1215
2026/02/23 16:18:35.719, 1, 54.97, 0, 210, 1215
2026/02/23 16:18:35.719, 2, 57.28, 0, 210, 1215
2026/02/23 16:18:35.719, 3, 55.41, 0, 210, 1215
2026/02/23 16:18:35.769, 0, 311.95, 100, 1410, 1215
2026/02/23 16:18:35.770, 1, 55.03, 0, 210, 1215
2026/02/23 16:18:35.770, 2, 57.28, 0, 210, 1215
2026/02/23 16:18:35.770, 3, 55.41, 0, 210, 1215
2026/02/23 16:18:35.820, 0, 311.95, 100, 1410, 1215
2026/02/23 16:18:35.820, 1, 55.03, 0, 210, 1215
2026/02/23 16:18:35.820, 2, 57.28, 0, 210, 1215
2026/02/23 16:18:35.820, 3, 55.41, 0, 210, 1215
2026/02/23 16:18:35.870, 0, 311.95, 100, 1410, 1215
2026/02/23 16:18:35.870, 1, 54.97, 0, 210, 1215
2026/02/23 16:18:35.871, 2, 57.28, 0, 210, 1215
2026/02/23 16:18:35.871, 3, 55.41, 0, 210, 1215
2026/02/23 16:18:35.921, 0, 311.95, 100, 1410, 1215
2026/02/23 16:18:35.921, 1, 54.97, 0, 210, 1215
2026/02/23 16:18:35.921, 2, 57.28, 0, 210, 1215
2026/02/23 16:18:35.921, 3, 55.41, 0, 210, 1215
2026/02/23 16:18:35.971, 0, 311.68, 100, 1410, 1215
2026/02/23 16:18:35.971, 1, 54.97, 0, 210, 1215
2026/02/23 16:18:35.971, 2, 57.28, 0, 210, 1215
2026/02/23 16:18:35.972, 3, 55.41, 0, 210, 1215
2026/02/23 16:18:36.022, 0, 311.68, 100, 1410, 1215
2026/02/23 16:18:36.022, 1, 54.97, 0, 210, 1215
2026/02/23 16:18:36.022, 2, 57.28, 0, 210, 1215
2026/02/23 16:18:36.022, 3, 55.41, 0, 210, 1215
2026/02/23 16:18:36.072, 0, 311.08, 100, 1410, 1215
2026/02/23 16:18:36.072, 1, 54.97, 0, 210, 1215
2026/02/23 16:18:36.072, 2, 57.28, 0, 210, 1215
2026/02/23 16:18:36.072, 3, 55.41, 0, 210, 1215
2026/02/23 16:18:36.123, 0, 311.08, 100, 1410, 1215
2026/02/23 16:18:36.123, 1, 54.97, 0, 210, 1215
2026/02/23 16:18:36.123, 2, 57.28, 0, 210, 1215
2026/02/23 16:18:36.123, 3, 55.41, 0, 210, 1215
2026/02/23 16:18:36.173, 0, 311.95, 100, 1410, 1215
2026/02/23 16:18:36.173, 1, 54.97, 0, 210, 1215
2026/02/23 16:18:36.173, 2, 57.28, 0, 210, 1215
2026/02/23 16:18:36.173, 3, 55.41, 0, 210, 1215
2026/02/23 16:18:36.223, 0, 311.95, 100, 1410, 1215
2026/02/23 16:18:36.224, 1, 54.97, 0, 210, 1215
2026/02/23 16:18:36.224, 2, 57.28, 0, 210, 1215
2026/02/23 16:18:36.224, 3, 55.41, 0, 210, 1215
2026/02/23 16:18:36.274, 0, 307.83, 100, 1410, 1215
2026/02/23 16:18:36.274, 1, 54.97, 0, 210, 1215
2026/02/23 16:18:36.274, 2, 57.28, 0, 210, 1215
2026/02/23 16:18:36.274, 3, 55.41, 0, 210, 1215
2026/02/23 16:18:36.324, 0, 307.83, 100, 1410, 1215
2026/02/23 16:18:36.324, 1, 54.97, 0, 210, 1215
2026/02/23 16:18:36.325, 2, 57.28, 0, 210, 1215
2026/02/23 16:18:36.325, 3, 55.41, 0, 210, 1215
2026/02/23 16:18:36.375, 0, 306.63, 100, 1410, 1215
2026/02/23 16:18:36.375, 1, 54.97, 0, 210, 1215
2026/02/23 16:18:36.375, 2, 57.28, 0, 210, 1215
2026/02/23 16:18:36.375, 3, 55.41, 0, 210, 1215
2026/02/23 16:18:36.425, 0, 306.63, 100, 1410, 1215
2026/02/23 16:18:36.425, 1, 54.97, 0, 210, 1215
2026/02/23 16:18:36.425, 2, 57.28, 0, 210, 1215
2026/02/23 16:18:36.426, 3, 55.41, 0, 210, 1215
2026/02/23 16:18:36.476, 0, 306.96, 100, 1410, 1215
2026/02/23 16:18:36.476, 1, 54.97, 0, 210, 1215
2026/02/23 16:18:36.476, 2, 57.28, 0, 210, 1215
2026/02/23 16:18:36.476, 3, 55.41, 0, 210, 1215
2026/02/23 16:18:36.526, 0, 306.96, 100, 1410, 1215
2026/02/23 16:18:36.526, 1, 54.97, 0, 210, 1215
2026/02/23 16:18:36.526, 2, 57.28, 0, 210, 1215
2026/02/23 16:18:36.526, 3, 55.41, 0, 210, 1215
2026/02/23 16:18:36.577, 0, 310.81, 100, 1410, 1215
2026/02/23 16:18:36.577, 1, 54.97, 0, 210, 1215
2026/02/23 16:18:36.577, 2, 57.28, 0, 210, 1215
2026/02/23 16:18:36.577, 3, 55.41, 0, 210, 1215
2026/02/23 16:18:36.627, 0, 310.81, 100, 1410, 1215
2026/02/23 16:18:36.627, 1, 54.97, 0, 210, 1215
2026/02/23 16:18:36.627, 2, 57.28, 0, 210, 1215
2026/02/23 16:18:36.627, 3, 55.41, 0, 210, 1215
2026/02/23 16:18:36.677, 0, 311.35, 100, 1410, 1215
2026/02/23 16:18:36.678, 1, 54.97, 0, 210, 1215
2026/02/23 16:18:36.678, 2, 57.28, 0, 210, 1215
2026/02/23 16:18:36.678, 3, 55.41, 0, 210, 1215
2026/02/23 16:18:36.728, 0, 311.35, 100, 1410, 1215
2026/02/23 16:18:36.728, 1, 54.97, 0, 210, 1215
2026/02/23 16:18:36.728, 2, 57.28, 0, 210, 1215
2026/02/23 16:18:36.728, 3, 55.41, 0, 210, 1215
2026/02/23 16:18:36.778, 0, 307.23, 100, 1410, 1215
2026/02/23 16:18:36.778, 1, 54.97, 0, 210, 1215
2026/02/23 16:18:36.779, 2, 57.28, 0, 210, 1215
2026/02/23 16:18:36.779, 3, 55.41, 0, 210, 1215
2026/02/23 16:18:36.829, 0, 307.23, 100, 1410, 1215
2026/02/23 16:18:36.829, 1, 54.97, 0, 210, 1215
2026/02/23 16:18:36.829, 2, 57.28, 0, 210, 1215
2026/02/23 16:18:36.829, 3, 55.41, 0, 210, 1215
2026/02/23 16:18:36.879, 0, 306.96, 100, 1410, 1215
2026/02/23 16:18:36.879, 1, 55.03, 0, 210, 1215
2026/02/23 16:18:36.879, 2, 57.28, 0, 210, 1215
2026/02/23 16:18:36.880, 3, 55.41, 0, 210, 1215
2026/02/23 16:18:36.930, 0, 306.96, 100, 1410, 1215
2026/02/23 16:18:36.930, 1, 55.03, 0, 210, 1215
2026/02/23 16:18:36.930, 2, 57.28, 0, 210, 1215
2026/02/23 16:18:36.930, 3, 55.41, 0, 210, 1215
2026/02/23 16:18:36.980, 0, 306.96, 100, 1410, 1215
2026/02/23 16:18:36.980, 1, 54.97, 0, 210, 1215
2026/02/23 16:18:36.980, 2, 57.28, 0, 210, 1215
2026/02/23 16:18:36.980, 3, 55.41, 0, 210, 1215
2026/02/23 16:18:37.031, 0, 306.96, 100, 1410, 1215
2026/02/23 16:18:37.031, 1, 54.97, 0, 210, 1215
2026/02/23 16:18:37.031, 2, 57.28, 0, 210, 1215
2026/02/23 16:18:37.031, 3, 55.41, 0, 210, 1215
2026/02/23 16:18:37.081, 0, 306.35, 100, 1410, 1215
2026/02/23 16:18:37.081, 1, 54.97, 0, 210, 1215
2026/02/23 16:18:37.081, 2, 57.28, 0, 210, 1215
2026/02/23 16:18:37.081, 3, 55.41, 0, 210, 1215
2026/02/23 16:18:37.132, 0, 306.35, 100, 1410, 1215
2026/02/23 16:18:37.132, 1, 54.97, 0, 210, 1215
2026/02/23 16:18:37.132, 2, 57.28, 0, 210, 1215
2026/02/23 16:18:37.132, 3, 55.41, 0, 210, 1215
2026/02/23 16:18:37.182, 0, 306.63, 100, 1410, 1215
2026/02/23 16:18:37.182, 1, 55.03, 0, 210, 1215
2026/02/23 16:18:37.182, 2, 57.34, 0, 210, 1215
2026/02/23 16:18:37.182, 3, 55.41, 0, 210, 1215
2026/02/23 16:18:37.232, 0, 306.63, 100, 1410, 1215
2026/02/23 16:18:37.233, 1, 55.03, 0, 210, 1215
2026/02/23 16:18:37.233, 2, 57.34, 0, 210, 1215
2026/02/23 16:18:37.233, 3, 55.41, 0, 210, 1215
2026/02/23 16:18:37.283, 0, 310.47, 100, 1410, 1215
2026/02/23 16:18:37.283, 1, 54.97, 0, 210, 1215
2026/02/23 16:18:37.283, 2, 57.34, 0, 210, 1215
2026/02/23 16:18:37.283, 3, 55.41, 0, 210, 1215
2026/02/23 16:18:37.333, 0, 310.47, 100, 1410, 1215
2026/02/23 16:18:37.333, 1, 54.97, 0, 210, 1215
2026/02/23 16:18:37.334, 2, 57.34, 0, 210, 1215
2026/02/23 16:18:37.334, 3, 55.41, 0, 210, 1215
2026/02/23 16:18:37.384, 0, 311.03, 100, 1410, 1215
2026/02/23 16:18:37.384, 1, 54.97, 0, 210, 1215
2026/02/23 16:18:37.384, 2, 57.28, 0, 210, 1215
2026/02/23 16:18:37.384, 3, 55.41, 0, 210, 1215
2026/02/23 16:18:37.434, 0, 311.03, 100, 1410, 1215
2026/02/23 16:18:37.434, 1, 54.97, 0, 210, 1215
2026/02/23 16:18:37.434, 2, 57.28, 0, 210, 1215
2026/02/23 16:18:37.435, 3, 55.41, 0, 210, 1215
2026/02/23 16:18:37.485, 0, 310.47, 100, 1410, 1215
2026/02/23 16:18:37.485, 1, 55.03, 0, 210, 1215
2026/02/23 16:18:37.485, 2, 57.28, 0, 210, 1215
2026/02/23 16:18:37.485, 3, 55.41, 0, 210, 1215
2026/02/23 16:18:37.535, 0, 310.47, 100, 1410, 1215
2026/02/23 16:18:37.535, 1, 55.03, 0, 210, 1215
2026/02/23 16:18:37.535, 2, 57.28, 0, 210, 1215
2026/02/23 16:18:37.535, 3, 55.41, 0, 210, 1215
2026/02/23 16:18:37.586, 0, 310.47, 100, 1410, 1215
2026/02/23 16:18:37.586, 1, 54.97, 0, 210, 1215
2026/02/23 16:18:37.586, 2, 57.34, 0, 210, 1215
2026/02/23 16:18:37.586, 3, 55.41, 0, 210, 1215
2026/02/23 16:18:37.640, 0, 310.47, 100, 1410, 1215
2026/02/23 16:18:37.640, 1, 54.97, 0, 210, 1215
2026/02/23 16:18:37.640, 2, 57.34, 0, 210, 1215
2026/02/23 16:18:37.640, 3, 55.41, 0, 210, 1215
2026/02/23 16:18:37.690, 0, 310.47, 100, 1410, 1215
2026/02/23 16:18:37.690, 1, 55.03, 0, 210, 1215
2026/02/23 16:18:37.690, 2, 57.28, 0, 210, 1215
2026/02/23 16:18:37.691, 3, 55.41, 0, 210, 1215
2026/02/23 16:18:37.741, 0, 310.76, 100, 1410, 1215
2026/02/23 16:18:37.741, 1, 55.03, 0, 210, 1215
2026/02/23 16:18:37.741, 2, 57.28, 0, 210, 1215
2026/02/23 16:18:37.741, 3, 55.41, 0, 210, 1215
2026/02/23 16:18:37.791, 0, 310.76, 100, 1410, 1215
2026/02/23 16:18:37.791, 1, 54.97, 0, 210, 1215
2026/02/23 16:18:37.791, 2, 57.28, 0, 210, 1215
2026/02/23 16:18:37.791, 3, 55.41, 0, 210, 1215
2026/02/23 16:18:37.842, 0, 306.35, 100, 1410, 1215
2026/02/23 16:18:37.842, 1, 54.97, 0, 210, 1215
2026/02/23 16:18:37.842, 2, 57.28, 0, 210, 1215
2026/02/23 16:18:37.842, 3, 55.41, 0, 210, 1215
2026/02/23 16:18:37.892, 0, 306.35, 100, 1410, 1215
2026/02/23 16:18:37.892, 1, 55.03, 0, 210, 1215
2026/02/23 16:18:37.892, 2, 57.28, 0, 210, 1215
2026/02/23 16:18:37.892, 3, 55.41, 0, 210, 1215
2026/02/23 16:18:37.943, 0, 306.35, 100, 1410, 1215
2026/02/23 16:18:37.943, 1, 55.03, 0, 210, 1215
2026/02/23 16:18:37.943, 2, 57.28, 0, 210, 1215
2026/02/23 16:18:37.943, 3, 55.41, 0, 210, 1215
2026/02/23 16:18:37.993, 0, 306.35, 100, 1410, 1215
2026/02/23 16:18:37.993, 1, 54.97, 0, 210, 1215
2026/02/23 16:18:37.993, 2, 57.28, 0, 210, 1215
2026/02/23 16:18:37.993, 3, 55.35, 0, 210, 1215
2026/02/23 16:18:38.043, 0, 305.75, 100, 1410, 1215
2026/02/23 16:18:38.044, 1, 54.97, 0, 210, 1215
2026/02/23 16:18:38.044, 2, 57.28, 0, 210, 1215
2026/02/23 16:18:38.044, 3, 55.35, 0, 210, 1215
2026/02/23 16:18:38.094, 0, 305.75, 100, 1410, 1215
2026/02/23 16:18:38.094, 1, 54.97, 0, 210, 1215
2026/02/23 16:18:38.094, 2, 57.28, 0, 210, 1215
2026/02/23 16:18:38.094, 3, 55.41, 0, 210, 1215
2026/02/23 16:18:38.144, 0, 306.08, 100, 1410, 1215
2026/02/23 16:18:38.144, 1, 54.97, 0, 210, 1215
2026/02/23 16:18:38.144, 2, 57.28, 0, 210, 1215
2026/02/23 16:18:38.145, 3, 55.41, 0, 210, 1215
2026/02/23 16:18:38.195, 0, 306.08, 100, 1410, 1215
2026/02/23 16:18:38.195, 1, 55.03, 0, 210, 1215
2026/02/23 16:18:38.195, 2, 57.28, 0, 210, 1215
2026/02/23 16:18:38.195, 3, 55.41, 0, 210, 1215
2026/02/23 16:18:38.245, 0, 305.77, 100, 1410, 1215
2026/02/23 16:18:38.245, 1, 55.03, 0, 210, 1215
2026/02/23 16:18:38.245, 2, 57.28, 0, 210, 1215
2026/02/23 16:18:38.245, 3, 55.41, 0, 210, 1215
2026/02/23 16:18:38.296, 0, 305.77, 100, 1410, 1215
2026/02/23 16:18:38.296, 1, 54.97, 0, 210, 1215
2026/02/23 16:18:38.296, 2, 57.28, 0, 210, 1215
2026/02/23 16:18:38.296, 3, 55.41, 0, 210, 1215
2026/02/23 16:18:38.346, 0, 309.92, 100, 1410, 1215
2026/02/23 16:18:38.346, 1, 54.97, 0, 210, 1215
2026/02/23 16:18:38.346, 2, 57.28, 0, 210, 1215
2026/02/23 16:18:38.346, 3, 55.41, 0, 210, 1215
2026/02/23 16:18:38.397, 0, 309.92, 100, 1410, 1215
2026/02/23 16:18:38.397, 1, 54.97, 0, 210, 1215
2026/02/23 16:18:38.397, 2, 57.28, 0, 210, 1215
2026/02/23 16:18:38.397, 3, 55.41, 0, 210, 1215
2026/02/23 16:18:38.447, 0, 310.81, 100, 1410, 1215
2026/02/23 16:18:38.447, 1, 54.97, 0, 210, 1215
2026/02/23 16:18:38.447, 2, 57.28, 0, 210, 1215
2026/02/23 16:18:38.447, 3, 55.41, 0, 210, 1215
2026/02/23 16:18:38.497, 0, 310.81, 100, 1410, 1215
2026/02/23 16:18:38.498, 1, 55.03, 0, 210, 1215
2026/02/23 16:18:38.498, 2, 57.28, 0, 210, 1215
2026/02/23 16:18:38.498, 3, 55.41, 0, 210, 1215
2026/02/23 16:18:38.548, 0, 310.81, 100, 1410, 1215
2026/02/23 16:18:38.548, 1, 55.03, 0, 210, 1215
2026/02/23 16:18:38.548, 2, 57.28, 0, 210, 1215
2026/02/23 16:18:38.548, 3, 55.41, 0, 210, 1215
2026/02/23 16:18:38.598, 0, 310.81, 100, 1410, 1215
2026/02/23 16:18:38.598, 1, 54.97, 0, 210, 1215
2026/02/23 16:18:38.599, 2, 57.28, 0, 210, 1215
2026/02/23 16:18:38.599, 3, 55.41, 0, 210, 1215
2026/02/23 16:18:38.649, 0, 310.81, 100, 1410, 1215
2026/02/23 16:18:38.649, 1, 54.97, 0, 210, 1215
2026/02/23 16:18:38.649, 2, 57.28, 0, 210, 1215
2026/02/23 16:18:38.649, 3, 55.41, 0, 210, 1215
2026/02/23 16:18:38.699, 0, 310.81, 100, 1410, 1215
2026/02/23 16:18:38.699, 1, 54.97, 0, 210, 1215
2026/02/23 16:18:38.699, 2, 57.28, 0, 210, 1215
2026/02/23 16:18:38.700, 3, 55.41, 0, 210, 1215
2026/02/23 16:18:38.750, 0, 310.47, 100, 1410, 1215
2026/02/23 16:18:38.750, 1, 54.97, 0, 210, 1215
2026/02/23 16:18:38.750, 2, 57.28, 0, 210, 1215
2026/02/23 16:18:38.750, 3, 55.41, 0, 210, 1215
2026/02/23 16:18:38.800, 0, 310.47, 100, 1410, 1215
2026/02/23 16:18:38.800, 1, 54.97, 0, 210, 1215
2026/02/23 16:18:38.800, 2, 57.28, 0, 210, 1215
2026/02/23 16:18:38.800, 3, 55.41, 0, 210, 1215
2026/02/23 16:18:38.851, 0, 311.68, 100, 1410, 1215
2026/02/23 16:18:38.851, 1, 54.97, 0, 210, 1215
2026/02/23 16:18:38.851, 2, 57.28, 0, 210, 1215
2026/02/23 16:18:38.851, 3, 55.41, 0, 210, 1215
2026/02/23 16:18:38.901, 0, 311.68, 100, 1410, 1215
2026/02/23 16:18:38.901, 1, 55.03, 0, 210, 1215
2026/02/23 16:18:38.901, 2, 57.28, 0, 210, 1215
2026/02/23 16:18:38.901, 3, 55.41, 0, 210, 1215
2026/02/23 16:18:38.951, 0, 311.63, 100, 1410, 1215
2026/02/23 16:18:38.952, 1, 55.03, 0, 210, 1215
2026/02/23 16:18:38.952, 2, 57.28, 0, 210, 1215
2026/02/23 16:18:38.952, 3, 55.41, 0, 210, 1215
2026/02/23 16:18:39.002, 0, 311.63, 100, 1410, 1215
2026/02/23 16:18:39.002, 1, 54.97, 0, 210, 1215
2026/02/23 16:18:39.002, 2, 57.28, 0, 210, 1215
2026/02/23 16:18:39.002, 3, 55.41, 0, 210, 1215
2026/02/23 16:18:39.052, 0, 311.95, 100, 1410, 1215
2026/02/23 16:18:39.052, 1, 54.97, 0, 210, 1215
2026/02/23 16:18:39.052, 2, 57.28, 0, 210, 1215
2026/02/23 16:18:39.052, 3, 55.41, 0, 210, 1215
2026/02/23 16:18:39.103, 0, 311.95, 100, 1410, 1215
2026/02/23 16:18:39.103, 1, 54.97, 0, 210, 1215
2026/02/23 16:18:39.103, 2, 57.28, 0, 210, 1215
2026/02/23 16:18:39.103, 3, 55.41, 0, 210, 1215
2026/02/23 16:18:39.153, 0, 311.95, 100, 1410, 1215
2026/02/23 16:18:39.153, 1, 54.97, 0, 210, 1215
2026/02/23 16:18:39.153, 2, 57.28, 0, 210, 1215
2026/02/23 16:18:39.153, 3, 55.41, 0, 210, 1215
2026/02/23 16:18:39.204, 0, 311.95, 100, 1410, 1215
2026/02/23 16:18:39.204, 1, 54.97, 0, 210, 1215
2026/02/23 16:18:39.204, 2, 57.28, 0, 210, 1215
2026/02/23 16:18:39.204, 3, 55.41, 0, 210, 1215
2026/02/23 16:18:39.254, 0, 311.68, 100, 1410, 1215
2026/02/23 16:18:39.254, 1, 54.97, 0, 210, 1215
2026/02/23 16:18:39.254, 2, 57.28, 0, 210, 1215
2026/02/23 16:18:39.254, 3, 55.41, 0, 210, 1215
2026/02/23 16:18:39.304, 0, 311.68, 100, 1410, 1215
2026/02/23 16:18:39.305, 1, 54.97, 0, 210, 1215
2026/02/23 16:18:39.305, 2, 57.34, 0, 210, 1215
2026/02/23 16:18:39.305, 3, 55.41, 0, 210, 1215
2026/02/23 16:18:39.355, 0, 311.95, 100, 1410, 1215
2026/02/23 16:18:39.355, 1, 54.97, 0, 210, 1215
2026/02/23 16:18:39.355, 2, 57.34, 0, 210, 1215
2026/02/23 16:18:39.355, 3, 55.41, 0, 210, 1215
2026/02/23 16:18:39.405, 0, 311.95, 100, 1410, 1215
2026/02/23 16:18:39.405, 1, 54.97, 0, 210, 1215
2026/02/23 16:18:39.406, 2, 57.28, 0, 210, 1215
2026/02/23 16:18:39.406, 3, 55.41, 0, 210, 1215
2026/02/23 16:18:39.456, 0, 311.36, 100, 1410, 1215
2026/02/23 16:18:39.456, 1, 54.97, 0, 210, 1215
2026/02/23 16:18:39.456, 2, 57.28, 0, 210, 1215
2026/02/23 16:18:39.456, 3, 55.41, 0, 210, 1215
2026/02/23 16:18:39.506, 0, 311.36, 100, 1410, 1215
2026/02/23 16:18:39.506, 1, 54.97, 0, 210, 1215
2026/02/23 16:18:39.506, 2, 57.28, 0, 210, 1215
2026/02/23 16:18:39.507, 3, 55.35, 0, 210, 1215
2026/02/23 16:18:39.557, 0, 306.92, 100, 1410, 1215
2026/02/23 16:18:39.557, 1, 54.97, 0, 210, 1215
2026/02/23 16:18:39.557, 2, 57.28, 0, 210, 1215
2026/02/23 16:18:39.557, 3, 55.35, 0, 210, 1215
2026/02/23 16:18:39.607, 0, 306.92, 100, 1410, 1215
2026/02/23 16:18:39.607, 1, 54.97, 0, 210, 1215
2026/02/23 16:18:39.607, 2, 57.28, 0, 210, 1215
2026/02/23 16:18:39.607, 3, 55.35, 0, 210, 1215
2026/02/23 16:18:39.658, 0, 311.35, 100, 1410, 1215
2026/02/23 16:18:39.658, 1, 54.97, 0, 210, 1215
2026/02/23 16:18:39.658, 2, 57.28, 0, 210, 1215
2026/02/23 16:18:39.658, 3, 55.35, 0, 210, 1215
2026/02/23 16:18:39.708, 0, 311.35, 100, 1410, 1215
2026/02/23 16:18:39.708, 1, 54.97, 0, 210, 1215
2026/02/23 16:18:39.708, 2, 57.28, 0, 210, 1215
2026/02/23 16:18:39.708, 3, 55.41, 0, 210, 1215
2026/02/23 16:18:39.758, 0, 311.35, 100, 1410, 1215
2026/02/23 16:18:39.759, 1, 54.97, 0, 210, 1215
2026/02/23 16:18:39.759, 2, 57.28, 0, 210, 1215
2026/02/23 16:18:39.759, 3, 55.41, 0, 210, 1215
2026/02/23 16:18:39.809, 0, 311.35, 100, 1410, 1215
2026/02/23 16:18:39.809, 1, 54.97, 0, 210, 1215
2026/02/23 16:18:39.809, 2, 57.28, 0, 210, 1215
2026/02/23 16:18:39.809, 3, 55.41, 0, 210, 1215
2026/02/23 16:18:39.859, 0, 311.35, 100, 1410, 1215
2026/02/23 16:18:39.859, 1, 54.97, 0, 210, 1215
2026/02/23 16:18:39.860, 2, 57.28, 0, 210, 1215
2026/02/23 16:18:39.860, 3, 55.41, 0, 210, 1215
2026/02/23 16:18:39.910, 0, 311.35, 100, 1410, 1215
2026/02/23 16:18:39.910, 1, 55.03, 0, 210, 1215
2026/02/23 16:18:39.910, 2, 57.28, 0, 210, 1215
2026/02/23 16:18:39.910, 3, 55.41, 0, 210, 1215
2026/02/23 16:18:39.960, 0, 311.35, 100, 1410, 1215
2026/02/23 16:18:39.960, 1, 55.03, 0, 210, 1215
2026/02/23 16:18:39.960, 2, 57.28, 0, 210, 1215
2026/02/23 16:18:39.961, 3, 55.41, 0, 210, 1215
2026/02/23 16:18:40.011, 0, 311.35, 100, 1410, 1215
2026/02/23 16:18:40.011, 1, 55.03, 0, 210, 1215
2026/02/23 16:18:40.011, 2, 57.34, 0, 210, 1215
2026/02/23 16:18:40.011, 3, 55.41, 0, 210, 1215
2026/02/23 16:18:40.061, 0, 311.35, 100, 1410, 1215
2026/02/23 16:18:40.061, 1, 55.03, 0, 210, 1215
2026/02/23 16:18:40.061, 2, 57.34, 0, 210, 1215
2026/02/23 16:18:40.061, 3, 55.41, 0, 210, 1215
2026/02/23 16:18:40.112, 0, 311.35, 100, 1410, 1215
2026/02/23 16:18:40.112, 1, 54.97, 0, 210, 1215
2026/02/23 16:18:40.112, 2, 57.28, 0, 210, 1215
2026/02/23 16:18:40.112, 3, 55.41, 0, 210, 1215
2026/02/23 16:18:40.162, 0, 311.35, 100, 1410, 1215
2026/02/23 16:18:40.162, 1, 54.97, 0, 210, 1215
2026/02/23 16:18:40.162, 2, 57.28, 0, 210, 1215
2026/02/23 16:18:40.162, 3, 55.41, 0, 210, 1215
2026/02/23 16:18:40.213, 0, 311.35, 100, 1410, 1215
2026/02/23 16:18:40.213, 1, 55.03, 0, 210, 1215
2026/02/23 16:18:40.213, 2, 57.34, 0, 210, 1215
2026/02/23 16:18:40.213, 3, 55.41, 0, 210, 1215
2026/02/23 16:18:40.263, 0, 311.08, 100, 1410, 1215
2026/02/23 16:18:40.263, 1, 55.03, 0, 210, 1215
2026/02/23 16:18:40.263, 2, 57.34, 0, 210, 1215
2026/02/23 16:18:40.263, 3, 55.41, 0, 210, 1215
2026/02/23 16:18:40.313, 0, 311.08, 100, 1410, 1215
2026/02/23 16:18:40.314, 1, 54.97, 0, 210, 1215
2026/02/23 16:18:40.314, 2, 57.28, 0, 210, 1215
2026/02/23 16:18:40.314, 3, 55.41, 0, 210, 1215
2026/02/23 16:18:40.364, 0, 311.08, 100, 1410, 1215
2026/02/23 16:18:40.364, 1, 54.97, 0, 210, 1215
2026/02/23 16:18:40.364, 2, 57.28, 0, 210, 1215
2026/02/23 16:18:40.364, 3, 55.41, 0, 210, 1215
2026/02/23 16:18:40.414, 0, 311.08, 100, 1410, 1215
2026/02/23 16:18:40.414, 1, 55.03, 0, 210, 1215
2026/02/23 16:18:40.415, 2, 57.28, 0, 210, 1215
2026/02/23 16:18:40.415, 3, 55.41, 0, 210, 1215
2026/02/23 16:18:40.465, 0, 310.81, 100, 1410, 1215
2026/02/23 16:18:40.465, 1, 55.03, 0, 210, 1215
2026/02/23 16:18:40.465, 2, 57.28, 0, 210, 1215
2026/02/23 16:18:40.465, 3, 55.41, 0, 210, 1215
2026/02/23 16:18:40.515, 0, 310.81, 100, 1410, 1215
2026/02/23 16:18:40.515, 1, 54.97, 0, 210, 1215
2026/02/23 16:18:40.515, 2, 57.28, 0, 210, 1215
2026/02/23 16:18:40.516, 3, 55.41, 0, 210, 1215
2026/02/23 16:18:40.566, 0, 310.81, 100, 1410, 1215
2026/02/23 16:18:40.566, 1, 55.03, 0, 210, 1215
2026/02/23 16:18:40.566, 2, 57.28, 0, 210, 1215
2026/02/23 16:18:40.566, 3, 55.41, 0, 210, 1215
2026/02/23 16:18:40.616, 0, 310.81, 100, 1410, 1215
2026/02/23 16:18:40.616, 1, 55.03, 0, 210, 1215
2026/02/23 16:18:40.616, 2, 57.28, 0, 210, 1215
2026/02/23 16:18:40.616, 3, 55.41, 0, 210, 1215
2026/02/23 16:18:40.667, 0, 311.08, 100, 1410, 1215
2026/02/23 16:18:40.667, 1, 55.03, 0, 210, 1215
2026/02/23 16:18:40.667, 2, 57.28, 0, 210, 1215
2026/02/23 16:18:40.667, 3, 55.41, 0, 210, 1215
2026/02/23 16:18:40.717, 0, 311.08, 100, 1410, 1215
2026/02/23 16:18:40.717, 1, 55.03, 0, 210, 1215
2026/02/23 16:18:40.717, 2, 57.28, 0, 210, 1215
2026/02/23 16:18:40.717, 3, 55.35, 0, 210, 1215
2026/02/23 16:18:40.767, 0, 311.35, 100, 1410, 1215
2026/02/23 16:18:40.768, 1, 54.97, 0, 210, 1215
2026/02/23 16:18:40.768, 2, 57.28, 0, 210, 1215
2026/02/23 16:18:40.768, 3, 55.35, 0, 210, 1215
2026/02/23 16:18:40.818, 0, 311.35, 100, 1410, 1215
2026/02/23 16:18:40.818, 1, 54.97, 0, 210, 1215
2026/02/23 16:18:40.818, 2, 57.28, 0, 210, 1215
2026/02/23 16:18:40.818, 3, 55.41, 0, 210, 1215
2026/02/23 16:18:40.868, 0, 306.35, 100, 1410, 1215
2026/02/23 16:18:40.868, 1, 54.70, 0, 210, 1215
2026/02/23 16:18:40.869, 2, 57.28, 0, 210, 1215
2026/02/23 16:18:40.869, 3, 55.41, 0, 210, 1215
2026/02/23 16:18:40.919, 0, 306.35, 100, 1410, 1215
2026/02/23 16:18:40.919, 1, 54.70, 0, 210, 1215
2026/02/23 16:18:40.919, 2, 57.28, 0, 210, 1215
2026/02/23 16:18:40.919, 3, 55.41, 0, 210, 1215
2026/02/23 16:18:40.969, 0, 306.35, 100, 1410, 1215
2026/02/23 16:18:40.969, 1, 54.97, 0, 210, 1215
2026/02/23 16:18:40.970, 2, 57.28, 0, 210, 1215
2026/02/23 16:18:40.970, 3, 55.41, 0, 210, 1215
2026/02/23 16:18:41.020, 0, 306.35, 100, 1410, 1215
2026/02/23 16:18:41.020, 1, 54.97, 0, 210, 1215
2026/02/23 16:18:41.020, 2, 57.28, 0, 210, 1215
2026/02/23 16:18:41.020, 3, 55.35, 0, 210, 1215
2026/02/23 16:18:41.070, 0, 310.15, 100, 1410, 1215
2026/02/23 16:18:41.070, 1, 54.97, 0, 210, 1215
2026/02/23 16:18:41.070, 2, 57.28, 0, 210, 1215
2026/02/23 16:18:41.070, 3, 55.35, 0, 210, 1215
2026/02/23 16:18:41.121, 0, 310.15, 100, 1410, 1215
2026/02/23 16:18:41.121, 1, 54.97, 0, 210, 1215
2026/02/23 16:18:41.121, 2, 57.28, 0, 210, 1215
2026/02/23 16:18:41.121, 3, 55.41, 0, 210, 1215
2026/02/23 16:18:41.171, 0, 311.08, 100, 1410, 1215
2026/02/23 16:18:41.171, 1, 54.97, 0, 210, 1215
2026/02/23 16:18:41.171, 2, 57.28, 0, 210, 1215
2026/02/23 16:18:41.171, 3, 55.41, 0, 210, 1215
2026/02/23 16:18:41.222, 0, 311.08, 100, 1410, 1215
2026/02/23 16:18:41.222, 1, 54.97, 0, 210, 1215
2026/02/23 16:18:41.222, 2, 57.28, 0, 210, 1215
2026/02/23 16:18:41.222, 3, 55.35, 0, 210, 1215
2026/02/23 16:18:41.272, 0, 310.49, 100, 1410, 1215
2026/02/23 16:18:41.272, 1, 54.97, 0, 210, 1215
2026/02/23 16:18:41.272, 2, 57.28, 0, 210, 1215
2026/02/23 16:18:41.272, 3, 55.35, 0, 210, 1215
2026/02/23 16:18:41.322, 0, 310.49, 100, 1410, 1215
2026/02/23 16:18:41.323, 1, 54.97, 0, 210, 1215
2026/02/23 16:18:41.323, 2, 57.34, 0, 210, 1215
2026/02/23 16:18:41.323, 3, 55.41, 0, 210, 1215
2026/02/23 16:18:41.373, 0, 310.81, 100, 1410, 1215
2026/02/23 16:18:41.373, 1, 55.03, 0, 210, 1215
2026/02/23 16:18:41.373, 2, 57.34, 0, 210, 1215
2026/02/23 16:18:41.373, 3, 55.41, 0, 210, 1215
2026/02/23 16:18:41.423, 0, 310.81, 100, 1410, 1215
2026/02/23 16:18:41.424, 1, 55.03, 0, 210, 1215
2026/02/23 16:18:41.424, 2, 57.28, 0, 210, 1215
2026/02/23 16:18:41.424, 3, 55.41, 0, 210, 1215
2026/02/23 16:18:41.474, 0, 310.47, 100, 1410, 1215
2026/02/23 16:18:41.474, 1, 54.97, 0, 210, 1215
2026/02/23 16:18:41.474, 2, 57.28, 0, 210, 1215
2026/02/23 16:18:41.474, 3, 55.41, 0, 210, 1215
2026/02/23 16:18:41.524, 0, 310.47, 100, 1410, 1215
2026/02/23 16:18:41.524, 1, 54.97, 0, 210, 1215
2026/02/23 16:18:41.525, 2, 57.28, 0, 210, 1215
2026/02/23 16:18:41.525, 3, 55.41, 0, 210, 1215
2026/02/23 16:18:41.575, 0, 310.47, 100, 1410, 1215
2026/02/23 16:18:41.575, 1, 54.97, 0, 210, 1215
2026/02/23 16:18:41.575, 2, 57.28, 0, 210, 1215
2026/02/23 16:18:41.575, 3, 55.41, 0, 210, 1215
2026/02/23 16:18:41.625, 0, 310.47, 100, 1410, 1215
2026/02/23 16:18:41.625, 1, 54.97, 0, 210, 1215
2026/02/23 16:18:41.625, 2, 57.28, 0, 210, 1215
2026/02/23 16:18:41.626, 3, 55.41, 0, 210, 1215
2026/02/23 16:18:41.676, 0, 306.63, 100, 1410, 1215
2026/02/23 16:18:41.676, 1, 55.03, 0, 210, 1215
2026/02/23 16:18:41.676, 2, 57.28, 0, 210, 1215
2026/02/23 16:18:41.676, 3, 55.41, 0, 210, 1215
2026/02/23 16:18:41.726, 0, 306.63, 100, 1410, 1215
2026/02/23 16:18:41.726, 1, 55.03, 0, 210, 1215
2026/02/23 16:18:41.726, 2, 57.28, 0, 210, 1215
2026/02/23 16:18:41.726, 3, 55.41, 0, 210, 1215
2026/02/23 16:18:41.777, 0, 310.47, 100, 1410, 1215
2026/02/23 16:18:41.777, 1, 54.97, 0, 210, 1215
2026/02/23 16:18:41.777, 2, 57.28, 0, 210, 1215
2026/02/23 16:18:41.777, 3, 55.41, 0, 210, 1215
2026/02/23 16:18:41.827, 0, 310.47, 100, 1410, 1215
2026/02/23 16:18:41.827, 1, 54.97, 0, 210, 1215
2026/02/23 16:18:41.827, 2, 57.28, 0, 210, 1215
2026/02/23 16:18:41.827, 3, 55.41, 0, 210, 1215
2026/02/23 16:18:41.877, 0, 310.81, 100, 1410, 1215
2026/02/23 16:18:41.878, 1, 55.03, 0, 210, 1215
2026/02/23 16:18:41.878, 2, 57.28, 0, 210, 1215
2026/02/23 16:18:41.878, 3, 55.41, 0, 210, 1215
2026/02/23 16:18:41.928, 0, 310.81, 100, 1410, 1215
2026/02/23 16:18:41.928, 1, 55.03, 0, 210, 1215
2026/02/23 16:18:41.928, 2, 57.28, 0, 210, 1215
2026/02/23 16:18:41.928, 3, 55.41, 0, 210, 1215
2026/02/23 16:18:41.978, 0, 310.81, 100, 1410, 1215
2026/02/23 16:18:41.978, 1, 54.97, 0, 210, 1215
2026/02/23 16:18:41.979, 2, 57.28, 0, 210, 1215
2026/02/23 16:18:41.979, 3, 55.41, 0, 210, 1215
2026/02/23 16:18:42.029, 0, 310.81, 100, 1410, 1215
2026/02/23 16:18:42.029, 1, 54.97, 0, 210, 1215
2026/02/23 16:18:42.029, 2, 57.28, 0, 210, 1215
2026/02/23 16:18:42.029, 3, 55.41, 0, 210, 1215
2026/02/23 16:18:42.079, 0, 310.47, 100, 1410, 1215
2026/02/23 16:18:42.079, 1, 54.97, 0, 210, 1215
2026/02/23 16:18:42.079, 2, 57.28, 0, 210, 1215
2026/02/23 16:18:42.080, 3, 55.41, 0, 210, 1215
2026/02/23 16:18:42.130, 0, 310.47, 100, 1410, 1215
2026/02/23 16:18:42.130, 1, 54.97, 0, 210, 1215
2026/02/23 16:18:42.130, 2, 57.28, 0, 210, 1215
2026/02/23 16:18:42.130, 3, 55.41, 0, 210, 1215
2026/02/23 16:18:42.180, 0, 311.08, 100, 1410, 1215
2026/02/23 16:18:42.180, 1, 54.97, 0, 210, 1215
2026/02/23 16:18:42.180, 2, 57.28, 0, 210, 1215
2026/02/23 16:18:42.180, 3, 55.41, 0, 210, 1215
2026/02/23 16:18:42.231, 0, 311.08, 100, 1410, 1215
2026/02/23 16:18:42.231, 1, 54.97, 0, 210, 1215
2026/02/23 16:18:42.231, 2, 57.28, 0, 210, 1215
2026/02/23 16:18:42.231, 3, 55.35, 0, 210, 1215
2026/02/23 16:18:42.281, 0, 310.81, 100, 1410, 1215
2026/02/23 16:18:42.281, 1, 54.97, 0, 210, 1215
2026/02/23 16:18:42.281, 2, 57.28, 0, 210, 1215
2026/02/23 16:18:42.281, 3, 55.35, 0, 210, 1215
2026/02/23 16:18:42.332, 0, 310.81, 100, 1410, 1215
2026/02/23 16:18:42.332, 1, 54.97, 0, 210, 1215
2026/02/23 16:18:42.332, 2, 57.28, 0, 210, 1215
2026/02/23 16:18:42.332, 3, 55.41, 0, 210, 1215
2026/02/23 16:18:42.382, 0, 310.81, 100, 1410, 1215
2026/02/23 16:18:42.382, 1, 54.97, 0, 210, 1215
2026/02/23 16:18:42.382, 2, 57.28, 0, 210, 1215
2026/02/23 16:18:42.382, 3, 55.41, 0, 210, 1215
2026/02/23 16:18:42.432, 0, 310.81, 100, 1410, 1215
2026/02/23 16:18:42.433, 1, 54.97, 0, 210, 1215
2026/02/23 16:18:42.433, 2, 57.28, 0, 210, 1215
2026/02/23 16:18:42.433, 3, 55.41, 0, 210, 1215
2026/02/23 16:18:42.483, 0, 311.97, 100, 1410, 1215
2026/02/23 16:18:42.483, 1, 54.97, 0, 210, 1215
2026/02/23 16:18:42.483, 2, 57.28, 0, 210, 1215
2026/02/23 16:18:42.483, 3, 55.41, 0, 210, 1215
2026/02/23 16:18:42.533, 0, 311.97, 100, 1410, 1215
2026/02/23 16:18:42.533, 1, 54.97, 0, 210, 1215
2026/02/23 16:18:42.534, 2, 57.28, 0, 210, 1215
2026/02/23 16:18:42.534, 3, 55.41, 0, 210, 1215
2026/02/23 16:18:42.584, 0, 311.95, 100, 1410, 1215
2026/02/23 16:18:42.584, 1, 54.97, 0, 210, 1215
2026/02/23 16:18:42.584, 2, 57.28, 0, 210, 1215
2026/02/23 16:18:42.584, 3, 55.41, 0, 210, 1215
2026/02/23 16:18:42.634, 0, 311.95, 100, 1410, 1215
2026/02/23 16:18:42.634, 1, 54.97, 0, 210, 1215
2026/02/23 16:18:42.634, 2, 57.28, 0, 210, 1215
2026/02/23 16:18:42.635, 3, 55.35, 0, 210, 1215
2026/02/23 16:18:42.685, 0, 311.63, 100, 1410, 1215
2026/02/23 16:18:42.685, 1, 54.97, 0, 210, 1215
2026/02/23 16:18:42.685, 2, 57.28, 0, 210, 1215
2026/02/23 16:18:42.685, 3, 55.35, 0, 210, 1215
2026/02/23 16:18:42.735, 0, 311.63, 100, 1410, 1215
2026/02/23 16:18:42.735, 1, 54.97, 0, 210, 1215
2026/02/23 16:18:42.735, 2, 57.28, 0, 210, 1215
2026/02/23 16:18:42.735, 3, 55.41, 0, 210, 1215
2026/02/23 16:18:42.786, 0, 312.29, 100, 1410, 1215
2026/02/23 16:18:42.786, 1, 55.03, 0, 210, 1215
2026/02/23 16:18:42.786, 2, 57.28, 0, 210, 1215
2026/02/23 16:18:42.786, 3, 55.41, 0, 210, 1215
2026/02/23 16:18:42.836, 0, 311.68, 100, 1410, 1215
2026/02/23 16:18:42.836, 1, 55.03, 0, 210, 1215
2026/02/23 16:18:42.836, 2, 57.28, 0, 210, 1215
2026/02/23 16:18:42.836, 3, 55.41, 0, 210, 1215
2026/02/23 16:18:42.886, 0, 311.68, 100, 1410, 1215
2026/02/23 16:18:42.887, 1, 55.03, 0, 210, 1215
2026/02/23 16:18:42.887, 2, 57.34, 0, 210, 1215
2026/02/23 16:18:42.887, 3, 55.41, 0, 210, 1215
2026/02/23 16:18:42.937, 0, 311.68, 100, 1410, 1215
2026/02/23 16:18:42.937, 1, 55.03, 0, 210, 1215
2026/02/23 16:18:42.937, 2, 57.34, 0, 210, 1215
2026/02/23 16:18:42.937, 3, 55.41, 0, 210, 1215
2026/02/23 16:18:42.987, 0, 311.68, 100, 1410, 1215
2026/02/23 16:18:42.987, 1, 55.03, 0, 210, 1215
2026/02/23 16:18:42.988, 2, 57.34, 0, 210, 1215
2026/02/23 16:18:42.988, 3, 55.41, 0, 210, 1215
2026/02/23 16:18:43.038, 0, 311.68, 100, 1410, 1215
2026/02/23 16:18:43.038, 1, 55.03, 0, 210, 1215
2026/02/23 16:18:43.038, 2, 57.34, 0, 210, 1215
2026/02/23 16:18:43.038, 3, 55.41, 0, 210, 1215
2026/02/23 16:18:43.088, 0, 311.68, 100, 1410, 1215
2026/02/23 16:18:43.088, 1, 55.03, 0, 210, 1215
2026/02/23 16:18:43.088, 2, 57.28, 0, 210, 1215
2026/02/23 16:18:43.088, 3, 55.41, 0, 210, 1215
2026/02/23 16:18:43.139, 0, 311.68, 100, 1410, 1215
2026/02/23 16:18:43.139, 1, 55.03, 0, 210, 1215
2026/02/23 16:18:43.139, 2, 57.28, 0, 210, 1215
2026/02/23 16:18:43.139, 3, 55.41, 0, 210, 1215
2026/02/23 16:18:43.189, 0, 311.68, 100, 1410, 1215
2026/02/23 16:18:43.189, 1, 55.03, 0, 210, 1215
2026/02/23 16:18:43.189, 2, 57.28, 0, 210, 1215
2026/02/23 16:18:43.189, 3, 55.41, 0, 210, 1215
2026/02/23 16:18:43.240, 0, 311.68, 100, 1410, 1215
2026/02/23 16:18:43.241, 1, 55.03, 0, 210, 1215
2026/02/23 16:18:43.241, 2, 57.28, 0, 210, 1215
2026/02/23 16:18:43.241, 3, 55.41, 0, 210, 1215
2026/02/23 16:18:43.291, 0, 311.68, 100, 1410, 1215
2026/02/23 16:18:43.291, 1, 55.03, 0, 210, 1215
2026/02/23 16:18:43.291, 2, 57.34, 0, 210, 1215
2026/02/23 16:18:43.291, 3, 55.41, 0, 210, 1215
2026/02/23 16:18:43.341, 0, 307.56, 100, 1410, 1215
2026/02/23 16:18:43.341, 1, 55.03, 0, 210, 1215
2026/02/23 16:18:43.341, 2, 57.34, 0, 210, 1215
2026/02/23 16:18:43.342, 3, 55.41, 0, 210, 1215
2026/02/23 16:18:43.392, 0, 307.56, 100, 1410, 1215
2026/02/23 16:18:43.392, 1, 54.97, 0, 210, 1215
2026/02/23 16:18:43.392, 2, 57.34, 0, 210, 1215
2026/02/23 16:18:43.392, 3, 55.41, 0, 210, 1215
2026/02/23 16:18:43.442, 0, 306.96, 100, 1410, 1215
2026/02/23 16:18:43.442, 1, 54.97, 0, 210, 1215
2026/02/23 16:18:43.442, 2, 57.34, 0, 210, 1215
2026/02/23 16:18:43.442, 3, 55.41, 0, 210, 1215
2026/02/23 16:18:43.493, 0, 306.96, 100, 1410, 1215
2026/02/23 16:18:43.493, 1, 54.97, 0, 210, 1215
2026/02/23 16:18:43.493, 2, 57.28, 0, 210, 1215
2026/02/23 16:18:43.493, 3, 55.41, 0, 210, 1215
2026/02/23 16:18:43.543, 0, 307.23, 100, 1410, 1215
2026/02/23 16:18:43.543, 1, 54.97, 0, 210, 1215
2026/02/23 16:18:43.543, 2, 57.28, 0, 210, 1215
2026/02/23 16:18:43.543, 3, 55.41, 0, 210, 1215
2026/02/23 16:18:43.594, 0, 307.23, 100, 1410, 1215
2026/02/23 16:18:43.594, 1, 55.03, 0, 210, 1215
2026/02/23 16:18:43.594, 2, 57.28, 0, 210, 1215
2026/02/23 16:18:43.594, 3, 55.41, 0, 210, 1215
2026/02/23 16:18:43.644, 0, 311.08, 100, 1410, 1215
2026/02/23 16:18:43.644, 1, 55.03, 0, 210, 1215
2026/02/23 16:18:43.644, 2, 57.28, 0, 210, 1215
2026/02/23 16:18:43.644, 3, 55.41, 0, 210, 1215
2026/02/23 16:18:43.694, 0, 311.08, 100, 1410, 1215
2026/02/23 16:18:43.695, 1, 55.03, 0, 210, 1215
2026/02/23 16:18:43.695, 2, 57.28, 0, 210, 1215
2026/02/23 16:18:43.695, 3, 55.41, 0, 210, 1215
2026/02/23 16:18:43.745, 0, 307.56, 100, 1410, 1215
2026/02/23 16:18:43.745, 1, 55.03, 0, 210, 1215
2026/02/23 16:18:43.745, 2, 57.28, 0, 210, 1215
2026/02/23 16:18:43.745, 3, 55.41, 0, 210, 1215
2026/02/23 16:18:43.795, 0, 307.56, 100, 1410, 1215
2026/02/23 16:18:43.795, 1, 54.97, 0, 210, 1215
2026/02/23 16:18:43.796, 2, 57.28, 0, 210, 1215
2026/02/23 16:18:43.796, 3, 55.41, 0, 210, 1215
2026/02/23 16:18:43.846, 0, 311.08, 100, 1410, 1215
2026/02/23 16:18:43.846, 1, 54.97, 0, 210, 1215
2026/02/23 16:18:43.846, 2, 57.28, 0, 210, 1215
2026/02/23 16:18:43.846, 3, 55.41, 0, 210, 1215
2026/02/23 16:18:43.896, 0, 311.08, 100, 1410, 1215
2026/02/23 16:18:43.896, 1, 55.03, 0, 210, 1215
2026/02/23 16:18:43.896, 2, 57.28, 0, 210, 1215
2026/02/23 16:18:43.897, 3, 55.41, 0, 210, 1215
2026/02/23 16:18:43.947, 0, 311.36, 100, 1410, 1215
2026/02/23 16:18:43.947, 1, 55.03, 0, 210, 1215
2026/02/23 16:18:43.947, 2, 57.28, 0, 210, 1215
2026/02/23 16:18:43.947, 3, 55.41, 0, 210, 1215
2026/02/23 16:18:43.997, 0, 311.36, 100, 1410, 1215
2026/02/23 16:18:43.997, 1, 54.97, 0, 210, 1215
2026/02/23 16:18:43.997, 2, 57.28, 0, 210, 1215
2026/02/23 16:18:43.997, 3, 55.35, 0, 210, 1215
2026/02/23 16:18:44.048, 0, 311.68, 100, 1410, 1215
2026/02/23 16:18:44.048, 1, 54.97, 0, 210, 1215
2026/02/23 16:18:44.048, 2, 57.28, 0, 210, 1215
2026/02/23 16:18:44.048, 3, 55.35, 0, 210, 1215
2026/02/23 16:18:44.098, 0, 311.68, 100, 1410, 1215
2026/02/23 16:18:44.098, 1, 55.03, 0, 210, 1215
2026/02/23 16:18:44.098, 2, 57.28, 0, 210, 1215
2026/02/23 16:18:44.098, 3, 55.41, 0, 210, 1215
2026/02/23 16:18:44.149, 0, 311.35, 100, 1410, 1215
2026/02/23 16:18:44.149, 1, 55.03, 0, 210, 1215
2026/02/23 16:18:44.149, 2, 57.28, 0, 210, 1215
2026/02/23 16:18:44.149, 3, 55.41, 0, 210, 1215
2026/02/23 16:18:44.199, 0, 311.35, 100, 1410, 1215
2026/02/23 16:18:44.199, 1, 55.03, 0, 210, 1215
2026/02/23 16:18:44.199, 2, 57.28, 0, 210, 1215
2026/02/23 16:18:44.199, 3, 55.41, 0, 210, 1215
2026/02/23 16:18:44.249, 0, 311.35, 100, 1410, 1215
2026/02/23 16:18:44.250, 1, 55.03, 0, 210, 1215
2026/02/23 16:18:44.250, 2, 57.28, 0, 210, 1215
2026/02/23 16:18:44.250, 3, 55.41, 0, 210, 1215
2026/02/23 16:18:44.300, 0, 311.35, 100, 1410, 1215
2026/02/23 16:18:44.300, 1, 54.97, 0, 210, 1215
2026/02/23 16:18:44.300, 2, 57.28, 0, 210, 1215
2026/02/23 16:18:44.300, 3, 55.41, 0, 210, 1215
2026/02/23 16:18:44.350, 0, 311.68, 100, 1410, 1215
2026/02/23 16:18:44.350, 1, 54.97, 0, 210, 1215
2026/02/23 16:18:44.351, 2, 57.28, 0, 210, 1215
2026/02/23 16:18:44.351, 3, 55.41, 0, 210, 1215
2026/02/23 16:18:44.401, 0, 311.68, 100, 1410, 1215
2026/02/23 16:18:44.401, 1, 55.03, 0, 210, 1215
2026/02/23 16:18:44.401, 2, 57.34, 0, 210, 1215
2026/02/23 16:18:44.401, 3, 55.69, 0, 210, 1215
2026/02/23 16:18:44.451, 0, 311.35, 100, 1410, 1215
2026/02/23 16:18:44.451, 1, 55.03, 0, 210, 1215
2026/02/23 16:18:44.451, 2, 57.34, 0, 210, 1215
2026/02/23 16:18:44.452, 3, 55.69, 0, 210, 1215
2026/02/23 16:18:44.502, 0, 311.35, 100, 1410, 1215
2026/02/23 16:18:44.502, 1, 54.97, 0, 210, 1215
2026/02/23 16:18:44.502, 2, 57.28, 0, 210, 1215
2026/02/23 16:18:44.502, 3, 55.41, 0, 210, 1215
2026/02/23 16:18:44.552, 0, 311.35, 100, 1410, 1215
2026/02/23 16:18:44.552, 1, 54.97, 0, 210, 1215
2026/02/23 16:18:44.552, 2, 57.28, 0, 210, 1215
2026/02/23 16:18:44.552, 3, 55.41, 0, 210, 1215
2026/02/23 16:18:44.603, 0, 311.35, 100, 1410, 1215
2026/02/23 16:18:44.603, 1, 55.03, 0, 210, 1215
2026/02/23 16:18:44.603, 2, 57.28, 0, 210, 1215
2026/02/23 16:18:44.603, 3, 55.69, 0, 210, 1215
2026/02/23 16:18:44.653, 0, 311.35, 100, 1410, 1215
2026/02/23 16:18:44.653, 1, 55.03, 0, 210, 1215
2026/02/23 16:18:44.653, 2, 57.28, 0, 210, 1215
2026/02/23 16:18:44.653, 3, 55.69, 0, 210, 1215
2026/02/23 16:18:44.704, 0, 311.35, 100, 1410, 1215
2026/02/23 16:18:44.704, 1, 55.03, 0, 210, 1215
2026/02/23 16:18:44.704, 2, 57.28, 0, 210, 1215
2026/02/23 16:18:44.704, 3, 55.41, 0, 210, 1215
2026/02/23 16:18:44.754, 0, 311.35, 100, 1410, 1215
2026/02/23 16:18:44.754, 1, 55.03, 0, 210, 1215
2026/02/23 16:18:44.754, 2, 57.28, 0, 210, 1215
2026/02/23 16:18:44.754, 3, 55.41, 0, 210, 1215
2026/02/23 16:18:44.804, 0, 311.35, 100, 1410, 1215
2026/02/23 16:18:44.805, 1, 54.97, 0, 210, 1215
2026/02/23 16:18:44.805, 2, 57.28, 0, 210, 1215
2026/02/23 16:18:44.805, 3, 55.41, 0, 210, 1215
2026/02/23 16:18:44.855, 0, 311.35, 100, 1410, 1215
2026/02/23 16:18:44.855, 1, 54.97, 0, 210, 1215
2026/02/23 16:18:44.855, 2, 57.28, 0, 210, 1215
2026/02/23 16:18:44.855, 3, 55.41, 0, 210, 1215
2026/02/23 16:18:44.905, 0, 311.35, 100, 1410, 1215
2026/02/23 16:18:44.905, 1, 54.97, 0, 210, 1215
2026/02/23 16:18:44.906, 2, 57.28, 0, 210, 1215
2026/02/23 16:18:44.906, 3, 55.41, 0, 210, 1215
2026/02/23 16:18:44.956, 0, 311.35, 100, 1410, 1215
2026/02/23 16:18:44.956, 1, 54.97, 0, 210, 1215
2026/02/23 16:18:44.956, 2, 57.28, 0, 210, 1215
2026/02/23 16:18:44.956, 3, 55.41, 0, 210, 1215
2026/02/23 16:18:45.006, 0, 311.35, 100, 1410, 1215
2026/02/23 16:18:45.006, 1, 54.97, 0, 210, 1215
2026/02/23 16:18:45.006, 2, 57.28, 0, 210, 1215
2026/02/23 16:18:45.006, 3, 55.69, 0, 210, 1215
2026/02/23 16:18:45.057, 0, 311.35, 100, 1410, 1215
2026/02/23 16:18:45.057, 1, 54.97, 0, 210, 1215
2026/02/23 16:18:45.057, 2, 57.28, 0, 210, 1215
2026/02/23 16:18:45.057, 3, 55.69, 0, 210, 1215
2026/02/23 16:18:45.107, 0, 311.35, 100, 1410, 1215
2026/02/23 16:18:45.107, 1, 55.03, 0, 210, 1215
2026/02/23 16:18:45.107, 2, 57.28, 0, 210, 1215
2026/02/23 16:18:45.107, 3, 55.41, 0, 210, 1215
2026/02/23 16:18:45.158, 0, 306.92, 100, 1410, 1215
2026/02/23 16:18:45.158, 1, 55.03, 0, 210, 1215
2026/02/23 16:18:45.158, 2, 57.28, 0, 210, 1215
2026/02/23 16:18:45.158, 3, 55.41, 0, 210, 1215
2026/02/23 16:18:45.208, 0, 306.92, 100, 1410, 1215
2026/02/23 16:18:45.208, 1, 54.97, 0, 210, 1215
2026/02/23 16:18:45.208, 2, 57.28, 0, 210, 1215
2026/02/23 16:18:45.208, 3, 55.35, 0, 210, 1215
2026/02/23 16:18:45.258, 0, 311.08, 100, 1410, 1215
2026/02/23 16:18:45.259, 1, 54.97, 0, 210, 1215
2026/02/23 16:18:45.259, 2, 57.28, 0, 210, 1215
2026/02/23 16:18:45.259, 3, 55.35, 0, 210, 1215
2026/02/23 16:18:45.309, 0, 311.08, 100, 1410, 1215
2026/02/23 16:18:45.309, 1, 54.97, 0, 210, 1215
2026/02/23 16:18:45.309, 2, 57.28, 0, 210, 1215
2026/02/23 16:18:45.309, 3, 55.35, 0, 210, 1215
2026/02/23 16:18:45.359, 0, 310.76, 100, 1410, 1215
2026/02/23 16:18:45.359, 1, 54.97, 0, 210, 1215
2026/02/23 16:18:45.360, 2, 57.28, 0, 210, 1215
2026/02/23 16:18:45.360, 3, 55.35, 0, 210, 1215
2026/02/23 16:18:45.410, 0, 310.76, 100, 1410, 1215
2026/02/23 16:18:45.410, 1, 54.97, 0, 210, 1215
2026/02/23 16:18:45.410, 2, 57.34, 0, 210, 1215
2026/02/23 16:18:45.410, 3, 55.41, 0, 210, 1215
2026/02/23 16:18:45.460, 0, 311.08, 100, 1410, 1215
2026/02/23 16:18:45.460, 1, 54.97, 0, 210, 1215
2026/02/23 16:18:45.460, 2, 57.34, 0, 210, 1215
2026/02/23 16:18:45.461, 3, 55.41, 0, 210, 1215
2026/02/23 16:18:45.511, 0, 311.08, 100, 1410, 1215
2026/02/23 16:18:45.511, 1, 54.97, 0, 210, 1215
2026/02/23 16:18:45.511, 2, 57.28, 0, 210, 1215
2026/02/23 16:18:45.511, 3, 55.35, 0, 210, 1215
2026/02/23 16:18:45.561, 0, 310.81, 100, 1410, 1215
2026/02/23 16:18:45.561, 1, 54.97, 0, 210, 1215
2026/02/23 16:18:45.561, 2, 57.28, 0, 210, 1215
2026/02/23 16:18:45.561, 3, 55.35, 0, 210, 1215
2026/02/23 16:18:45.612, 0, 310.81, 100, 1410, 1215
2026/02/23 16:18:45.612, 1, 54.97, 0, 210, 1215
2026/02/23 16:18:45.612, 2, 57.28, 0, 210, 1215
2026/02/23 16:18:45.612, 3, 55.41, 0, 210, 1215
2026/02/23 16:18:45.662, 0, 310.81, 100, 1410, 1215
2026/02/23 16:18:45.662, 1, 54.97, 0, 210, 1215
2026/02/23 16:18:45.662, 2, 57.28, 0, 210, 1215
2026/02/23 16:18:45.662, 3, 55.41, 0, 210, 1215
2026/02/23 16:18:45.713, 0, 310.81, 100, 1410, 1215
2026/02/23 16:18:45.713, 1, 55.03, 0, 210, 1215
2026/02/23 16:18:45.713, 2, 57.28, 0, 210, 1215
2026/02/23 16:18:45.713, 3, 55.41, 0, 210, 1215
2026/02/23 16:18:45.763, 0, 306.96, 100, 1410, 1215
2026/02/23 16:18:45.763, 1, 55.03, 0, 210, 1215
2026/02/23 16:18:45.763, 2, 57.28, 0, 210, 1215
2026/02/23 16:18:45.763, 3, 55.41, 0, 210, 1215
2026/02/23 16:18:45.813, 0, 306.96, 100, 1410, 1215
2026/02/23 16:18:45.814, 1, 55.03, 0, 210, 1215
2026/02/23 16:18:45.814, 2, 57.34, 0, 210, 1215
2026/02/23 16:18:45.814, 3, 55.41, 0, 210, 1215
2026/02/23 16:18:45.864, 0, 310.47, 100, 1410, 1215
2026/02/23 16:18:45.864, 1, 55.03, 0, 210, 1215
2026/02/23 16:18:45.864, 2, 57.34, 0, 210, 1215
2026/02/23 16:18:45.864, 3, 55.41, 0, 210, 1215
2026/02/23 16:18:45.914, 0, 310.47, 100, 1410, 1215
2026/02/23 16:18:45.914, 1, 55.03, 0, 210, 1215
2026/02/23 16:18:45.915, 2, 57.28, 0, 210, 1215
2026/02/23 16:18:45.915, 3, 55.69, 0, 210, 1215
2026/02/23 16:18:45.965, 0, 310.81, 100, 1410, 1215
2026/02/23 16:18:45.965, 1, 55.03, 0, 210, 1215
2026/02/23 16:18:45.965, 2, 57.28, 0, 210, 1215
2026/02/23 16:18:45.965, 3, 55.69, 0, 210, 1215
2026/02/23 16:18:46.015, 0, 310.81, 100, 1410, 1215
2026/02/23 16:18:46.015, 1, 55.03, 0, 210, 1215
2026/02/23 16:18:46.015, 2, 57.34, 0, 210, 1215
2026/02/23 16:18:46.016, 3, 55.41, 0, 210, 1215
2026/02/23 16:18:46.066, 0, 306.63, 100, 1410, 1215
2026/02/23 16:18:46.066, 1, 55.03, 0, 210, 1215
2026/02/23 16:18:46.066, 2, 57.34, 0, 210, 1215
2026/02/23 16:18:46.066, 3, 55.41, 0, 210, 1215
2026/02/23 16:18:46.116, 0, 306.63, 100, 1410, 1215
2026/02/23 16:18:46.116, 1, 55.03, 0, 210, 1215
2026/02/23 16:18:46.116, 2, 57.34, 0, 210, 1215
2026/02/23 16:18:46.116, 3, 55.41, 0, 210, 1215
2026/02/23 16:18:46.167, 0, 306.35, 100, 1410, 1215
2026/02/23 16:18:46.167, 1, 55.03, 0, 210, 1215
2026/02/23 16:18:46.167, 2, 57.34, 0, 210, 1215
2026/02/23 16:18:46.167, 3, 55.41, 0, 210, 1215
2026/02/23 16:18:46.217, 0, 306.35, 100, 1410, 1215
2026/02/23 16:18:46.217, 1, 55.03, 0, 210, 1215
2026/02/23 16:18:46.217, 2, 57.28, 0, 210, 1215
2026/02/23 16:18:46.217, 3, 55.41, 0, 210, 1215
2026/02/23 16:18:46.268, 0, 306.35, 100, 1410, 1215
2026/02/23 16:18:46.268, 1, 55.03, 0, 210, 1215
2026/02/23 16:18:46.268, 2, 57.28, 0, 210, 1215
2026/02/23 16:18:46.268, 3, 55.41, 0, 210, 1215
2026/02/23 16:18:46.318, 0, 306.35, 100, 1410, 1215
2026/02/23 16:18:46.318, 1, 54.97, 0, 210, 1215
2026/02/23 16:18:46.318, 2, 57.28, 0, 210, 1215
2026/02/23 16:18:46.318, 3, 55.41, 0, 210, 1215
2026/02/23 16:18:46.368, 0, 310.47, 100, 1410, 1215
2026/02/23 16:18:46.369, 1, 55.03, 0, 210, 1215
2026/02/23 16:18:46.369, 2, 57.28, 0, 210, 1215
2026/02/23 16:18:46.369, 3, 55.41, 0, 210, 1215
2026/02/23 16:18:46.419, 0, 310.47, 100, 1410, 1215
2026/02/23 16:18:46.419, 1, 55.03, 0, 210, 1215
2026/02/23 16:18:46.419, 2, 57.28, 0, 210, 1215
2026/02/23 16:18:46.419, 3, 55.41, 0, 210, 1215
2026/02/23 16:18:46.469, 0, 310.81, 100, 1410, 1215
2026/02/23 16:18:46.469, 1, 55.03, 0, 210, 1215
2026/02/23 16:18:46.470, 2, 57.28, 0, 210, 1215
2026/02/23 16:18:46.470, 3, 55.41, 0, 210, 1215
2026/02/23 16:18:46.520, 0, 310.81, 100, 1410, 1215
2026/02/23 16:18:46.520, 1, 55.03, 0, 210, 1215
2026/02/23 16:18:46.520, 2, 57.28, 0, 210, 1215
2026/02/23 16:18:46.520, 3, 55.41, 0, 210, 1215
2026/02/23 16:18:46.570, 0, 310.81, 100, 1410, 1215
2026/02/23 16:18:46.570, 1, 54.97, 0, 210, 1215
2026/02/23 16:18:46.570, 2, 57.28, 0, 210, 1215
2026/02/23 16:18:46.571, 3, 55.41, 0, 210, 1215
2026/02/23 16:18:46.621, 0, 310.81, 100, 1410, 1215
2026/02/23 16:18:46.621, 1, 54.97, 0, 210, 1215
2026/02/23 16:18:46.621, 2, 57.28, 0, 210, 1215
2026/02/23 16:18:46.621, 3, 55.41, 0, 210, 1215
2026/02/23 16:18:46.671, 0, 311.08, 100, 1410, 1215
2026/02/23 16:18:46.671, 1, 54.97, 0, 210, 1215
2026/02/23 16:18:46.671, 2, 57.28, 0, 210, 1215
2026/02/23 16:18:46.671, 3, 55.41, 0, 210, 1215
2026/02/23 16:18:46.722, 0, 311.08, 100, 1410, 1215
2026/02/23 16:18:46.722, 1, 54.97, 0, 210, 1215
2026/02/23 16:18:46.722, 2, 57.28, 0, 210, 1215
2026/02/23 16:18:46.722, 3, 55.41, 0, 210, 1215
2026/02/23 16:18:46.772, 0, 307.23, 100, 1410, 1215
2026/02/23 16:18:46.772, 1, 54.97, 0, 210, 1215
2026/02/23 16:18:46.772, 2, 57.28, 0, 210, 1215
2026/02/23 16:18:46.772, 3, 55.41, 0, 210, 1215
2026/02/23 16:18:46.823, 0, 307.23, 100, 1410, 1215
2026/02/23 16:18:46.823, 1, 54.97, 0, 210, 1215
2026/02/23 16:18:46.823, 2, 57.28, 0, 210, 1215
2026/02/23 16:18:46.823, 3, 55.41, 0, 210, 1215
2026/02/23 16:18:46.873, 0, 306.32, 100, 1410, 1215
2026/02/23 16:18:46.873, 1, 54.97, 0, 210, 1215
2026/02/23 16:18:46.873, 2, 57.28, 0, 210, 1215
2026/02/23 16:18:46.873, 3, 55.41, 0, 210, 1215
2026/02/23 16:18:46.923, 0, 306.32, 100, 1410, 1215
2026/02/23 16:18:46.924, 1, 54.97, 0, 210, 1215
2026/02/23 16:18:46.924, 2, 57.34, 0, 210, 1215
2026/02/23 16:18:46.924, 3, 55.41, 0, 210, 1215
2026/02/23 16:18:46.974, 0, 306.63, 100, 1410, 1215
2026/02/23 16:18:46.974, 1, 55.03, 0, 210, 1215
2026/02/23 16:18:46.974, 2, 57.34, 0, 210, 1215
2026/02/23 16:18:46.974, 3, 55.41, 0, 210, 1215
2026/02/23 16:18:47.024, 0, 306.63, 100, 1410, 1215
2026/02/23 16:18:47.024, 1, 55.03, 0, 210, 1215
2026/02/23 16:18:47.025, 2, 57.28, 0, 210, 1215
2026/02/23 16:18:47.025, 3, 55.41, 0, 210, 1215
2026/02/23 16:18:47.075, 0, 307.23, 100, 1410, 1215
2026/02/23 16:18:47.075, 1, 54.97, 0, 210, 1215
2026/02/23 16:18:47.075, 2, 57.28, 0, 210, 1215
2026/02/23 16:18:47.075, 3, 55.41, 0, 210, 1215
2026/02/23 16:18:47.125, 0, 307.23, 100, 1410, 1215
2026/02/23 16:18:47.125, 1, 54.97, 0, 210, 1215
2026/02/23 16:18:47.125, 2, 57.28, 0, 210, 1215
2026/02/23 16:18:47.125, 3, 55.41, 0, 210, 1215
2026/02/23 16:18:47.175, 0, 307.23, 100, 1410, 1215
2026/02/23 16:18:47.176, 1, 55.03, 0, 210, 1215
2026/02/23 16:18:47.176, 2, 57.28, 0, 210, 1215
2026/02/23 16:18:47.176, 3, 55.41, 0, 210, 1215
2026/02/23 16:18:47.226, 0, 307.23, 100, 1410, 1215
2026/02/23 16:18:47.226, 1, 55.03, 0, 210, 1215
2026/02/23 16:18:47.226, 2, 57.28, 0, 210, 1215
2026/02/23 16:18:47.226, 3, 55.41, 0, 210, 1215
2026/02/23 16:18:47.276, 0, 307.23, 100, 1410, 1215
2026/02/23 16:18:47.276, 1, 55.03, 0, 210, 1215
2026/02/23 16:18:47.277, 2, 57.28, 0, 210, 1215
2026/02/23 16:18:47.277, 3, 55.41, 0, 210, 1215
2026/02/23 16:18:47.327, 0, 307.23, 100, 1410, 1215
2026/02/23 16:18:47.327, 1, 55.03, 0, 210, 1215
2026/02/23 16:18:47.327, 2, 57.28, 0, 210, 1215
2026/02/23 16:18:47.327, 3, 55.41, 0, 210, 1215
2026/02/23 16:18:47.377, 0, 307.25, 100, 1410, 1215
2026/02/23 16:18:47.377, 1, 55.03, 0, 210, 1215
2026/02/23 16:18:47.377, 2, 57.34, 0, 210, 1215
2026/02/23 16:18:47.378, 3, 55.41, 0, 210, 1215
2026/02/23 16:18:47.428, 0, 307.25, 100, 1410, 1215
2026/02/23 16:18:47.428, 1, 55.03, 0, 210, 1215
2026/02/23 16:18:47.428, 2, 57.34, 0, 210, 1215
2026/02/23 16:18:47.428, 3, 55.41, 0, 210, 1215
2026/02/23 16:18:47.478, 0, 307.23, 100, 1410, 1215
2026/02/23 16:18:47.478, 1, 55.03, 0, 210, 1215
2026/02/23 16:18:47.478, 2, 57.28, 0, 210, 1215
2026/02/23 16:18:47.478, 3, 55.41, 0, 210, 1215
2026/02/23 16:18:47.529, 0, 307.23, 100, 1410, 1215
2026/02/23 16:18:47.529, 1, 55.03, 0, 210, 1215
2026/02/23 16:18:47.529, 2, 57.28, 0, 210, 1215
2026/02/23 16:18:47.529, 3, 55.41, 0, 210, 1215
2026/02/23 16:18:47.579, 0, 307.56, 100, 1410, 1215
2026/02/23 16:18:47.579, 1, 54.97, 0, 210, 1215
2026/02/23 16:18:47.579, 2, 57.34, 0, 210, 1215
2026/02/23 16:18:47.579, 3, 55.41, 0, 210, 1215
2026/02/23 16:18:47.630, 0, 307.56, 100, 1410, 1215
2026/02/23 16:18:47.630, 1, 54.97, 0, 210, 1215
2026/02/23 16:18:47.630, 2, 57.34, 0, 210, 1215
2026/02/23 16:18:47.630, 3, 55.41, 0, 210, 1215
2026/02/23 16:18:47.680, 0, 306.96, 100, 1410, 1215
2026/02/23 16:18:47.680, 1, 54.97, 0, 210, 1215
2026/02/23 16:18:47.680, 2, 57.28, 0, 210, 1215
2026/02/23 16:18:47.680, 3, 55.41, 0, 210, 1215
2026/02/23 16:18:47.730, 0, 306.96, 100, 1410, 1215
2026/02/23 16:18:47.731, 1, 54.97, 0, 210, 1215
2026/02/23 16:18:47.731, 2, 57.28, 0, 210, 1215
2026/02/23 16:18:47.731, 3, 55.41, 0, 210, 1215
2026/02/23 16:18:47.781, 0, 306.96, 100, 1410, 1215
2026/02/23 16:18:47.781, 1, 54.97, 0, 210, 1215
2026/02/23 16:18:47.781, 2, 57.28, 0, 210, 1215
2026/02/23 16:18:47.781, 3, 55.41, 0, 210, 1215
2026/02/23 16:18:47.831, 0, 306.96, 100, 1410, 1215
2026/02/23 16:18:47.831, 1, 54.97, 0, 210, 1215
2026/02/23 16:18:47.832, 2, 57.28, 0, 210, 1215
2026/02/23 16:18:47.832, 3, 55.35, 0, 210, 1215
2026/02/23 16:18:47.882, 0, 306.65, 100, 1410, 1215
2026/02/23 16:18:47.882, 1, 54.97, 0, 210, 1215
2026/02/23 16:18:47.882, 2, 57.28, 0, 210, 1215
2026/02/23 16:18:47.882, 3, 55.35, 0, 210, 1215
2026/02/23 16:18:47.932, 0, 306.65, 100, 1410, 1215
2026/02/23 16:18:47.932, 1, 54.97, 0, 210, 1215
2026/02/23 16:18:47.932, 2, 57.28, 0, 210, 1215
2026/02/23 16:18:47.933, 3, 55.41, 0, 210, 1215
2026/02/23 16:18:47.983, 0, 306.96, 100, 1410, 1215
2026/02/23 16:18:47.983, 1, 54.97, 0, 210, 1215
2026/02/23 16:18:47.983, 2, 57.28, 0, 210, 1215
2026/02/23 16:18:47.983, 3, 55.41, 0, 210, 1215
2026/02/23 16:18:48.033, 0, 306.96, 100, 1410, 1215
2026/02/23 16:18:48.033, 1, 54.97, 0, 210, 1215
2026/02/23 16:18:48.033, 2, 57.28, 0, 210, 1215
2026/02/23 16:18:48.033, 3, 55.41, 0, 210, 1215
2026/02/23 16:18:48.084, 0, 306.65, 100, 1410, 1215
2026/02/23 16:18:48.084, 1, 54.97, 0, 210, 1215
2026/02/23 16:18:48.084, 2, 57.34, 0, 210, 1215
2026/02/23 16:18:48.084, 3, 55.41, 0, 210, 1215
2026/02/23 16:18:48.134, 0, 306.65, 100, 1410, 1215
2026/02/23 16:18:48.134, 1, 54.97, 0, 210, 1215
2026/02/23 16:18:48.134, 2, 57.34, 0, 210, 1215
2026/02/23 16:18:48.134, 3, 55.41, 0, 210, 1215
2026/02/23 16:18:48.185, 0, 306.63, 100, 1410, 1215
2026/02/23 16:18:48.185, 1, 54.97, 0, 210, 1215
2026/02/23 16:18:48.185, 2, 57.28, 0, 210, 1215
2026/02/23 16:18:48.185, 3, 55.41, 0, 210, 1215
2026/02/23 16:18:48.235, 0, 306.63, 100, 1410, 1215
2026/02/23 16:18:48.235, 1, 54.97, 0, 210, 1215
2026/02/23 16:18:48.235, 2, 57.28, 0, 210, 1215
2026/02/23 16:18:48.235, 3, 55.41, 0, 210, 1215
2026/02/23 16:18:48.285, 0, 306.96, 100, 1410, 1215
2026/02/23 16:18:48.286, 1, 54.97, 0, 210, 1215
2026/02/23 16:18:48.286, 2, 57.28, 0, 210, 1215
2026/02/23 16:18:48.286, 3, 55.41, 0, 210, 1215
2026/02/23 16:18:48.336, 0, 306.96, 100, 1410, 1215
2026/02/23 16:18:48.336, 1, 54.97, 0, 210, 1215
2026/02/23 16:18:48.336, 2, 57.28, 0, 210, 1215
2026/02/23 16:18:48.336, 3, 55.69, 0, 210, 1215
2026/02/23 16:18:48.386, 0, 306.63, 100, 1410, 1215
2026/02/23 16:18:48.386, 1, 54.97, 0, 210, 1215
2026/02/23 16:18:48.387, 2, 57.34, 0, 210, 1215
2026/02/23 16:18:48.387, 3, 55.69, 0, 210, 1215
2026/02/23 16:18:48.437, 0, 306.63, 100, 1410, 1215
2026/02/23 16:18:48.437, 1, 54.97, 0, 210, 1215
2026/02/23 16:18:48.437, 2, 57.34, 0, 210, 1215
2026/02/23 16:18:48.437, 3, 55.41, 0, 210, 1215
2026/02/23 16:18:48.487, 0, 306.63, 100, 1410, 1215
2026/02/23 16:18:48.487, 1, 54.97, 0, 210, 1215
2026/02/23 16:18:48.487, 2, 57.28, 0, 210, 1215
2026/02/23 16:18:48.488, 3, 55.41, 0, 210, 1215
2026/02/23 16:18:48.538, 0, 307.23, 100, 1410, 1215
2026/02/23 16:18:48.538, 1, 54.97, 0, 210, 1215
2026/02/23 16:18:48.538, 2, 57.28, 0, 210, 1215
2026/02/23 16:18:48.538, 3, 55.41, 0, 210, 1215
2026/02/23 16:18:48.588, 0, 307.23, 100, 1410, 1215
2026/02/23 16:18:48.588, 1, 55.03, 0, 210, 1215
2026/02/23 16:18:48.588, 2, 57.34, 0, 210, 1215
2026/02/23 16:18:48.588, 3, 55.41, 0, 210, 1215
2026/02/23 16:18:48.639, 0, 306.96, 100, 1410, 1215
2026/02/23 16:18:48.639, 1, 55.03, 0, 210, 1215
2026/02/23 16:18:48.639, 2, 57.34, 0, 210, 1215
2026/02/23 16:18:48.639, 3, 55.41, 0, 210, 1215
2026/02/23 16:18:48.689, 0, 306.96, 100, 1410, 1215
2026/02/23 16:18:48.689, 1, 54.97, 0, 210, 1215
2026/02/23 16:18:48.689, 2, 57.34, 0, 210, 1215
2026/02/23 16:18:48.689, 3, 55.69, 0, 210, 1215
2026/02/23 16:18:48.740, 0, 306.96, 100, 1410, 1215
2026/02/23 16:18:48.740, 1, 54.97, 0, 210, 1215
2026/02/23 16:18:48.740, 2, 57.34, 0, 210, 1215
2026/02/23 16:18:48.740, 3, 55.69, 0, 210, 1215
2026/02/23 16:18:48.790, 0, 306.96, 100, 1410, 1215
2026/02/23 16:18:48.790, 1, 55.03, 0, 210, 1215
2026/02/23 16:18:48.790, 2, 57.28, 0, 210, 1215
2026/02/23 16:18:48.790, 3, 55.41, 0, 210, 1215
2026/02/23 16:18:48.840, 0, 306.63, 100, 1410, 1215
2026/02/23 16:18:48.840, 1, 55.03, 0, 210, 1215
2026/02/23 16:18:48.841, 2, 57.28, 0, 210, 1215
2026/02/23 16:18:48.841, 3, 55.41, 0, 210, 1215
2026/02/23 16:18:48.891, 0, 306.63, 100, 1410, 1215
2026/02/23 16:18:48.891, 1, 54.97, 0, 210, 1215
2026/02/23 16:18:48.891, 2, 57.28, 0, 210, 1215
2026/02/23 16:18:48.891, 3, 55.41, 0, 210, 1215
2026/02/23 16:18:48.941, 0, 306.63, 100, 1410, 1215
2026/02/23 16:18:48.941, 1, 54.97, 0, 210, 1215
2026/02/23 16:18:48.941, 2, 57.28, 0, 210, 1215
2026/02/23 16:18:48.942, 3, 55.41, 0, 210, 1215
2026/02/23 16:18:48.992, 0, 306.63, 100, 1410, 1215
2026/02/23 16:18:48.992, 1, 55.03, 0, 210, 1215
2026/02/23 16:18:48.992, 2, 57.34, 0, 210, 1215
2026/02/23 16:18:48.992, 3, 55.41, 0, 210, 1215
2026/02/23 16:18:49.042, 0, 306.63, 100, 1410, 1215
2026/02/23 16:18:49.042, 1, 55.03, 0, 210, 1215
2026/02/23 16:18:49.042, 2, 57.34, 0, 210, 1215
2026/02/23 16:18:49.042, 3, 55.41, 0, 210, 1215
2026/02/23 16:18:49.093, 0, 306.63, 100, 1410, 1215
2026/02/23 16:18:49.093, 1, 55.03, 0, 210, 1215
2026/02/23 16:18:49.093, 2, 57.28, 0, 210, 1215
2026/02/23 16:18:49.093, 3, 55.41, 0, 210, 1215
2026/02/23 16:18:49.143, 0, 306.35, 100, 1410, 1215
2026/02/23 16:18:49.143, 1, 55.03, 0, 210, 1215
2026/02/23 16:18:49.143, 2, 57.28, 0, 210, 1215
2026/02/23 16:18:49.143, 3, 55.41, 0, 210, 1215
2026/02/23 16:18:49.194, 0, 306.35, 100, 1410, 1215
2026/02/23 16:18:49.194, 1, 55.03, 0, 210, 1215
2026/02/23 16:18:49.194, 2, 57.28, 0, 210, 1215
2026/02/23 16:18:49.194, 3, 55.41, 0, 210, 1215
2026/02/23 16:18:49.244, 0, 306.35, 100, 1410, 1215
2026/02/23 16:18:49.244, 1, 55.03, 0, 210, 1215
2026/02/23 16:18:49.244, 2, 57.28, 0, 210, 1215
2026/02/23 16:18:49.244, 3, 55.41, 0, 210, 1215
2026/02/23 16:18:49.294, 0, 306.35, 100, 1410, 1215
2026/02/23 16:18:49.295, 1, 55.03, 0, 210, 1215
2026/02/23 16:18:49.295, 2, 57.28, 0, 210, 1215
2026/02/23 16:18:49.295, 3, 55.41, 0, 210, 1215
2026/02/23 16:18:49.345, 0, 310.20, 100, 1410, 1215
2026/02/23 16:18:49.345, 1, 55.03, 0, 210, 1215
2026/02/23 16:18:49.345, 2, 57.28, 0, 210, 1215
2026/02/23 16:18:49.345, 3, 55.41, 0, 210, 1215
2026/02/23 16:18:49.395, 0, 310.20, 100, 1410, 1215
2026/02/23 16:18:49.395, 1, 55.03, 0, 210, 1215
2026/02/23 16:18:49.396, 2, 57.34, 0, 210, 1215
2026/02/23 16:18:49.396, 3, 55.41, 0, 210, 1215
2026/02/23 16:18:49.446, 0, 306.63, 100, 1410, 1215
2026/02/23 16:18:49.446, 1, 55.03, 0, 210, 1215
2026/02/23 16:18:49.446, 2, 57.34, 0, 210, 1215
2026/02/23 16:18:49.446, 3, 55.41, 0, 210, 1215
2026/02/23 16:18:49.496, 0, 306.63, 100, 1410, 1215
2026/02/23 16:18:49.496, 1, 54.97, 0, 210, 1215
2026/02/23 16:18:49.496, 2, 57.28, 0, 210, 1215
2026/02/23 16:18:49.497, 3, 55.35, 0, 210, 1215
2026/02/23 16:18:49.547, 0, 306.04, 100, 1410, 1215
2026/02/23 16:18:49.547, 1, 54.97, 0, 210, 1215
2026/02/23 16:18:49.547, 2, 57.28, 0, 210, 1215
2026/02/23 16:18:49.547, 3, 55.35, 0, 210, 1215
2026/02/23 16:18:49.597, 0, 306.04, 100, 1410, 1215
2026/02/23 16:18:49.597, 1, 54.97, 0, 210, 1215
2026/02/23 16:18:49.597, 2, 57.28, 0, 210, 1215
2026/02/23 16:18:49.597, 3, 55.41, 0, 210, 1215
2026/02/23 16:18:49.648, 0, 306.08, 100, 1410, 1215
2026/02/23 16:18:49.648, 1, 54.97, 0, 210, 1215
2026/02/23 16:18:49.648, 2, 57.28, 0, 210, 1215
2026/02/23 16:18:49.648, 3, 55.41, 0, 210, 1215
2026/02/23 16:18:49.698, 0, 306.08, 100, 1410, 1215
2026/02/23 16:18:49.698, 1, 54.97, 0, 210, 1215
2026/02/23 16:18:49.698, 2, 57.28, 0, 210, 1215
2026/02/23 16:18:49.698, 3, 55.41, 0, 210, 1215
2026/02/23 16:18:49.749, 0, 306.08, 100, 1410, 1215
2026/02/23 16:18:49.749, 1, 54.97, 0, 210, 1215
2026/02/23 16:18:49.749, 2, 57.28, 0, 210, 1215
2026/02/23 16:18:49.749, 3, 55.41, 0, 210, 1215
2026/02/23 16:18:49.799, 0, 306.08, 100, 1410, 1215
2026/02/23 16:18:49.799, 1, 55.03, 0, 210, 1215
2026/02/23 16:18:49.799, 2, 57.28, 0, 210, 1215
2026/02/23 16:18:49.799, 3, 55.35, 0, 210, 1215
2026/02/23 16:18:49.849, 0, 310.20, 100, 1410, 1215
2026/02/23 16:18:49.850, 1, 55.03, 0, 210, 1215
2026/02/23 16:18:49.850, 2, 57.28, 0, 210, 1215
2026/02/23 16:18:49.850, 3, 55.35, 0, 210, 1215
2026/02/23 16:18:49.900, 0, 310.20, 100, 1410, 1215
2026/02/23 16:18:49.900, 1, 55.03, 0, 210, 1215
2026/02/23 16:18:49.900, 2, 57.34, 0, 210, 1215
2026/02/23 16:18:49.900, 3, 55.41, 0, 210, 1215
2026/02/23 16:18:49.950, 0, 306.63, 100, 1410, 1215
2026/02/23 16:18:49.950, 1, 55.03, 0, 210, 1215
2026/02/23 16:18:49.951, 2, 57.34, 0, 210, 1215
2026/02/23 16:18:49.951, 3, 55.41, 0, 210, 1215
2026/02/23 16:18:50.001, 0, 306.63, 100, 1410, 1215
2026/02/23 16:18:50.001, 1, 55.03, 0, 210, 1215
2026/02/23 16:18:50.001, 2, 57.28, 0, 210, 1215
2026/02/23 16:18:50.001, 3, 55.41, 0, 210, 1215
2026/02/23 16:18:50.051, 0, 306.35, 100, 1410, 1215
2026/02/23 16:18:50.051, 1, 55.03, 0, 210, 1215
2026/02/23 16:18:50.051, 2, 57.28, 0, 210, 1215
2026/02/23 16:18:50.052, 3, 55.41, 0, 210, 1215
2026/02/23 16:18:50.102, 0, 306.35, 100, 1410, 1215
2026/02/23 16:18:50.102, 1, 54.97, 0, 210, 1215
2026/02/23 16:18:50.102, 2, 57.34, 0, 210, 1215
2026/02/23 16:18:50.102, 3, 55.41, 0, 210, 1215
2026/02/23 16:18:50.152, 0, 307.56, 100, 1410, 1215
2026/02/23 16:18:50.152, 1, 54.97, 0, 210, 1215
2026/02/23 16:18:50.152, 2, 57.34, 0, 210, 1215
2026/02/23 16:18:50.152, 3, 55.41, 0, 210, 1215
2026/02/23 16:18:50.203, 0, 307.56, 100, 1410, 1215
2026/02/23 16:18:50.203, 1, 55.03, 0, 210, 1215
2026/02/23 16:18:50.203, 2, 57.34, 0, 210, 1215
2026/02/23 16:18:50.203, 3, 55.41, 0, 210, 1215
2026/02/23 16:18:50.253, 0, 307.56, 100, 1410, 1215
2026/02/23 16:18:50.253, 1, 55.03, 0, 210, 1215
2026/02/23 16:18:50.253, 2, 57.34, 0, 210, 1215
2026/02/23 16:18:50.253, 3, 55.41, 0, 210, 1215
2026/02/23 16:18:50.304, 0, 307.56, 100, 1410, 1215
2026/02/23 16:18:50.304, 1, 54.97, 0, 210, 1215
2026/02/23 16:18:50.304, 2, 57.28, 0, 210, 1215
2026/02/23 16:18:50.304, 3, 55.41, 0, 210, 1215
2026/02/23 16:18:50.354, 0, 311.35, 100, 1410, 1215
2026/02/23 16:18:50.354, 1, 54.97, 0, 210, 1215
2026/02/23 16:18:50.354, 2, 57.28, 0, 210, 1215
2026/02/23 16:18:50.354, 3, 55.41, 0, 210, 1215
2026/02/23 16:18:50.404, 0, 311.35, 100, 1410, 1215
2026/02/23 16:18:50.405, 1, 55.03, 0, 210, 1215
2026/02/23 16:18:50.405, 2, 57.28, 0, 210, 1215
2026/02/23 16:18:50.405, 3, 55.41, 0, 210, 1215
2026/02/23 16:18:50.455, 0, 307.83, 100, 1410, 1215
2026/02/23 16:18:50.455, 1, 55.03, 0, 210, 1215
2026/02/23 16:18:50.455, 2, 57.28, 0, 210, 1215
2026/02/23 16:18:50.455, 3, 55.41, 0, 210, 1215
2026/02/23 16:18:50.505, 0, 307.83, 100, 1410, 1215
2026/02/23 16:18:50.505, 1, 55.03, 0, 210, 1215
2026/02/23 16:18:50.506, 2, 57.28, 0, 210, 1215
2026/02/23 16:18:50.506, 3, 55.41, 0, 210, 1215
2026/02/23 16:18:50.556, 0, 307.56, 100, 1410, 1215
2026/02/23 16:18:50.556, 1, 55.03, 0, 210, 1215
2026/02/23 16:18:50.556, 2, 57.28, 0, 210, 1215
2026/02/23 16:18:50.556, 3, 55.41, 0, 210, 1215
2026/02/23 16:18:50.606, 0, 307.56, 100, 1410, 1215
2026/02/23 16:18:50.606, 1, 54.97, 0, 210, 1215
2026/02/23 16:18:50.606, 2, 57.28, 0, 210, 1215
2026/02/23 16:18:50.607, 3, 55.41, 0, 210, 1215
2026/02/23 16:18:50.657, 0, 307.56, 100, 1410, 1215
2026/02/23 16:18:50.657, 1, 54.97, 0, 210, 1215
2026/02/23 16:18:50.657, 2, 57.28, 0, 210, 1215
2026/02/23 16:18:50.657, 3, 55.41, 0, 210, 1215
2026/02/23 16:18:50.707, 0, 307.56, 100, 1410, 1215
2026/02/23 16:18:50.707, 1, 55.03, 0, 210, 1215
2026/02/23 16:18:50.707, 2, 57.28, 0, 210, 1215
2026/02/23 16:18:50.707, 3, 55.41, 0, 210, 1215
2026/02/23 16:18:50.758, 0, 311.35, 100, 1410, 1215
2026/02/23 16:18:50.758, 1, 55.03, 0, 210, 1215
2026/02/23 16:18:50.758, 2, 57.28, 0, 210, 1215
2026/02/23 16:18:50.758, 3, 55.41, 0, 210, 1215
2026/02/23 16:18:50.808, 0, 311.35, 100, 1410, 1215
2026/02/23 16:18:50.808, 1, 55.03, 0, 210, 1215
2026/02/23 16:18:50.808, 2, 57.28, 0, 210, 1215
2026/02/23 16:18:50.808, 3, 55.47, 0, 210, 1215
2026/02/23 16:18:50.858, 0, 91.34, 51, 1410, 1215
2026/02/23 16:18:50.859, 1, 55.03, 0, 210, 1215
2026/02/23 16:18:50.859, 2, 57.28, 0, 210, 1215
2026/02/23 16:18:50.859, 3, 55.47, 0, 210, 1215
2026/02/23 16:18:50.909, 0, 91.34, 51, 1410, 1215
2026/02/23 16:18:50.909, 1, 55.08, 0, 210, 1215
2026/02/23 16:18:50.909, 2, 57.34, 0, 210, 1215
2026/02/23 16:18:50.909, 3, 55.74, 0, 210, 1215
2026/02/23 16:18:50.959, 0, 93.43, 51, 1410, 1215
2026/02/23 16:18:50.959, 1, 55.08, 0, 210, 1215
2026/02/23 16:18:50.960, 2, 57.34, 0, 210, 1215
2026/02/23 16:18:50.960, 3, 55.74, 0, 210, 1215
2026/02/23 16:18:51.010, 0, 93.43, 51, 1410, 1215
2026/02/23 16:18:51.010, 1, 55.41, 0, 210, 1215
2026/02/23 16:18:51.010, 2, 57.34, 0, 210, 1215
2026/02/23 16:18:51.010, 3, 56.35, 0, 210, 1215
2026/02/23 16:18:51.060, 0, 87.21, 0, 1410, 1215
2026/02/23 16:18:51.060, 1, 55.41, 0, 210, 1215
2026/02/23 16:18:51.060, 2, 57.34, 0, 210, 1215
2026/02/23 16:18:51.061, 3, 56.35, 0, 210, 1215
2026/02/23 16:18:51.111, 0, 87.21, 0, 1410, 1215
2026/02/23 16:18:51.111, 1, 55.08, 0, 210, 1215
2026/02/23 16:18:51.111, 2, 57.34, 0, 210, 1215
2026/02/23 16:18:51.111, 3, 55.74, 0, 210, 1215
2026/02/23 16:18:51.161, 0, 86.94, 0, 1410, 1215
2026/02/23 16:18:51.161, 1, 55.08, 0, 210, 1215
2026/02/23 16:18:51.161, 2, 57.34, 0, 210, 1215
2026/02/23 16:18:51.161, 3, 55.74, 0, 210, 1215
2026/02/23 16:18:51.211, 0, 86.94, 0, 1410, 1215
2026/02/23 16:18:51.212, 1, 55.08, 0, 210, 1215
2026/02/23 16:18:51.212, 2, 58.00, 0, 210, 1215
2026/02/23 16:18:51.212, 3, 55.74, 0, 210, 1215
2026/02/23 16:18:51.262, 0, 89.91, 6, 1410, 1215
2026/02/23 16:18:51.262, 1, 55.08, 0, 210, 1215
2026/02/23 16:18:51.262, 2, 58.00, 0, 210, 1215
2026/02/23 16:18:51.262, 3, 55.74, 0, 210, 1215
2026/02/23 16:18:51.312, 0, 89.91, 6, 1410, 1215
2026/02/23 16:18:51.312, 1, 55.08, 0, 210, 1215
2026/02/23 16:18:51.313, 2, 57.40, 0, 210, 1215
2026/02/23 16:18:51.313, 3, 55.47, 0, 210, 1215
2026/02/23 16:18:51.363, 0, 85.73, 6, 1410, 1215
2026/02/23 16:18:51.363, 1, 55.08, 0, 210, 1215
2026/02/23 16:18:51.363, 2, 57.40, 0, 210, 1215
2026/02/23 16:18:51.363, 3, 55.47, 0, 210, 1215
2026/02/23 16:18:51.413, 0, 85.73, 6, 1410, 1215
2026/02/23 16:18:51.413, 1, 55.08, 0, 210, 1215
2026/02/23 16:18:51.413, 2, 57.40, 0, 210, 1215
2026/02/23 16:18:51.414, 3, 55.47, 0, 210, 1215
2026/02/23 16:18:51.464, 0, 85.45, 0, 1410, 1215
2026/02/23 16:18:51.464, 1, 55.08, 0, 210, 1215
2026/02/23 16:18:51.464, 2, 57.40, 0, 210, 1215
2026/02/23 16:18:51.464, 3, 55.47, 0, 210, 1215
2026/02/23 16:18:51.514, 0, 85.45, 0, 1410, 1215
2026/02/23 16:18:51.514, 1, 55.08, 0, 210, 1215
2026/02/23 16:18:51.514, 2, 57.40, 0, 210, 1215
2026/02/23 16:18:51.514, 3, 55.47, 0, 210, 1215
2026/02/23 16:18:51.565, 0, 84.85, 0, 1410, 1215
2026/02/23 16:18:51.565, 1, 55.08, 0, 210, 1215
2026/02/23 16:18:51.565, 2, 57.40, 0, 210, 1215
2026/02/23 16:18:51.565, 3, 55.47, 0, 210, 1215
2026/02/23 16:18:51.615, 0, 84.85, 0, 1410, 1215
2026/02/23 16:18:51.615, 1, 55.08, 0, 210, 1215
2026/02/23 16:18:51.615, 2, 57.40, 0, 210, 1215
2026/02/23 16:18:51.615, 3, 55.47, 0, 210, 1215
2026/02/23 16:18:51.665, 0, 84.85, 0, 1410, 1215
2026/02/23 16:18:51.666, 1, 55.08, 0, 210, 1215
2026/02/23 16:18:51.666, 2, 57.40, 0, 210, 1215
2026/02/23 16:18:51.666, 3, 55.47, 0, 210, 1215
2026/02/23 16:18:51.716, 0, 84.85, 0, 1410, 1215
2026/02/23 16:18:51.716, 1, 55.08, 0, 210, 1215
2026/02/23 16:18:51.716, 2, 57.40, 0, 210, 1215
2026/02/23 16:18:51.716, 3, 55.47, 0, 210, 1215
2026/02/23 16:18:51.766, 0, 84.58, 0, 1410, 1215
2026/02/23 16:18:51.767, 1, 55.08, 0, 210, 1215
2026/02/23 16:18:51.767, 2, 57.40, 0, 210, 1215
2026/02/23 16:18:51.767, 3, 55.47, 0, 210, 1215
2026/02/23 16:18:51.817, 0, 84.58, 0, 1410, 1215
2026/02/23 16:18:51.817, 1, 55.08, 0, 210, 1215
2026/02/23 16:18:51.817, 2, 57.40, 0, 210, 1215
2026/02/23 16:18:51.817, 3, 55.47, 0, 210, 1215
2026/02/23 16:18:51.867, 0, 84.58, 0, 1410, 1215
2026/02/23 16:18:51.867, 1, 55.08, 0, 210, 1215
2026/02/23 16:18:51.868, 2, 57.40, 0, 210, 1215
2026/02/23 16:18:51.868, 3, 55.47, 0, 210, 1215
2026/02/23 16:18:51.918, 0, 84.58, 0, 1410, 1215
2026/02/23 16:18:51.918, 1, 55.08, 0, 210, 1215
2026/02/23 16:18:51.918, 2, 57.40, 0, 210, 1215
2026/02/23 16:18:51.918, 3, 55.47, 0, 210, 1215
2026/02/23 16:18:51.968, 0, 84.24, 0, 1410, 1215
2026/02/23 16:18:51.968, 1, 55.08, 0, 210, 1215
2026/02/23 16:18:51.968, 2, 57.40, 0, 210, 1215
2026/02/23 16:18:51.968, 3, 55.47, 0, 210, 1215
2026/02/23 16:18:52.019, 0, 84.24, 0, 1410, 1215
2026/02/23 16:18:52.019, 1, 55.08, 0, 210, 1215
2026/02/23 16:18:52.019, 2, 57.40, 0, 210, 1215
2026/02/23 16:18:52.019, 3, 55.47, 0, 210, 1215
2026/02/23 16:18:52.069, 0, 84.24, 0, 1410, 1215
2026/02/23 16:18:52.069, 1, 55.08, 0, 210, 1215
2026/02/23 16:18:52.069, 2, 57.40, 0, 210, 1215
2026/02/23 16:18:52.069, 3, 55.47, 0, 210, 1215
2026/02/23 16:18:52.120, 0, 84.24, 0, 1410, 1215
2026/02/23 16:18:52.120, 1, 55.08, 0, 210, 1215
2026/02/23 16:18:52.120, 2, 57.40, 0, 210, 1215
2026/02/23 16:18:52.120, 3, 55.47, 0, 210, 1215
2026/02/23 16:18:52.170, 0, 83.97, 0, 1410, 1215
2026/02/23 16:18:52.170, 1, 55.03, 0, 210, 1215
2026/02/23 16:18:52.170, 2, 57.40, 0, 210, 1215
2026/02/23 16:18:52.170, 3, 55.47, 0, 210, 1215
